詞目,簡編本注音一式,字型目前顯示,插碼後字串,碼點,哪個字用第幾讀音,備註
八家將,ㄅㄚ ㄐㄧㄚ ㄐㄧㄤˋ,ㄅㄚ ㄐㄧㄚ ㄐㄧㄤ,八家將󠇡,U+516B U+5BB6 U+5C07 U+E01E1,將:IVS+1,
巴不得,ㄅㄚ ㄅㄨˋ ˙ㄉㄜ,ㄅㄚ ㄅㄨˋ ㄉㄜˊ,巴不得󠇡,U+5DF4 U+4E0D U+5F97 U+E01E1,得:IVS+1,
吧檯,ㄅㄚ ㄊㄞˊ,˙ㄅㄚ ㄊㄞˊ,吧󠇡檯,U+5427 U+E01E1 U+6AAF,吧:IVS+1,
拔刀相助,ㄅㄚˊ ㄉㄠ ㄒㄧㄤ ㄓㄨˋ,ㄅㄚˊ ㄉㄠ ㄒㄧㄤˋ ㄓㄨˋ,拔刀相󠇡助,U+62D4 U+5200 U+76F8 U+E01E1 U+52A9,相:IVS+1,
靶子,ㄅㄚˇ ˙ㄗ,ㄅㄚˇ ㄗˇ,靶子󠇡,U+9776 U+5B50 U+E01E1,子:IVS+1,
爸爸,ㄅㄚˋ ˙ㄅㄚ,ㄅㄚˋ ㄅㄚˋ,爸爸󠇡,U+7238 U+7238 U+E01E1,爸:IVS+1,
般若,ㄅㄛ ㄖㄜˇ,ㄅㄢ ㄖㄨㄛˋ,般󠇡若󠇡,U+822C U+E01E1 U+82E5 U+E01E1,般:IVS+1; 若:IVS+1,
剝削,ㄅㄛ ㄒㄩㄝˋ,ㄅㄛ ㄒㄧㄠ,剝削󠇡,U+525D U+524A U+E01E1,削:IVS+1,
伯伯,ㄅㄛˊ ˙ㄅㄛ,ㄅㄛˊ ㄅㄛˊ,伯伯󠇡,U+4F2F U+4F2F U+E01E1,伯:IVS+1,
脖子,ㄅㄛˊ ˙ㄗ,ㄅㄛˊ ㄗˇ,脖子󠇡,U+8116 U+5B50 U+E01E1,子:IVS+1,
薄荷,ㄅㄛˋ ㄏㄜˊ,ㄅㄛˊ ㄏㄜˊ,薄󠇡荷,U+8584 U+E01E1 U+8377,薄:IVS+1,
薄荷腦,ㄅㄛˋ ㄏㄜˊ ㄋㄠˇ,ㄅㄛˊ ㄏㄜˊ ㄋㄠˇ,薄󠇡荷腦,U+8584 U+E01E1 U+8377 U+8166,薄:IVS+1,
薄荷油,ㄅㄛˋ ㄏㄜˊ ㄧㄡˊ,ㄅㄛˊ ㄏㄜˊ ㄧㄡˊ,薄󠇡荷油,U+8584 U+E01E1 U+8377 U+6CB9,薄:IVS+1,
簸箕,ㄅㄛˋ ㄐㄧ,ㄅㄛˇ ㄐㄧ,簸󠇡箕,U+7C38 U+E01E1 U+7B95,簸:IVS+1,
百發百中,ㄅㄞˇ ㄈㄚ ㄅㄞˇ ㄓㄨㄥˋ,ㄅㄞˇ ㄈㄚ ㄅㄞˇ ㄓㄨㄥ,百發百中󠇡,U+767E U+767C U+767E U+4E2D U+E01E1,中:IVS+1,
擺架子,ㄅㄞˇ ㄐㄧㄚˋ ˙ㄗ,ㄅㄞˇ ㄐㄧㄚˋ ㄗˇ,擺架子󠇡,U+64FA U+67B6 U+5B50 U+E01E1,子:IVS+1,
拜碼頭,ㄅㄞˋ ㄇㄚˇ ˙ㄊㄡ,ㄅㄞˋ ㄇㄚˇ ㄊㄡˊ,拜碼頭󠇡,U+62DC U+78BC U+982D U+E01E1,頭:IVS+1,
敗興,ㄅㄞˋ ㄒㄧㄥˋ,ㄅㄞˋ ㄒㄧㄥ,敗興󠇡,U+6557 U+8208 U+E01E1,興:IVS+1,
稗子,ㄅㄞˋ ˙ㄗ,ㄅㄞˋ ㄗˇ,稗子󠇡,U+7A17 U+5B50 U+E01E1,子:IVS+1,
杯盤狼藉,ㄅㄟ ㄆㄢˊ ㄌㄤˊ ㄐㄧˊ,ㄅㄟ ㄆㄢˊ ㄌㄤˊ ㄐㄧㄝˋ,杯盤狼藉󠇡,U+676F U+76E4 U+72FC U+85C9 U+E01E1,藉:IVS+1,
杯葛,ㄅㄟ ㄍㄜˊ,ㄅㄟ ㄍㄜˇ,杯葛󠇡,U+676F U+845B U+E01E1,葛:IVS+1,
杯子,ㄅㄟ ˙ㄗ,ㄅㄟ ㄗˇ,杯子󠇡,U+676F U+5B50 U+E01E1,子:IVS+1,
背包,ㄅㄟ ㄅㄠ,ㄅㄟˋ ㄅㄠ,背󠇡包,U+80CC U+E01E1 U+5305,背:IVS+1,
背負,ㄅㄟ ㄈㄨˋ,ㄅㄟˋ ㄈㄨˋ,背󠇡負,U+80CC U+E01E1 U+8CA0,背:IVS+1,
背帶,ㄅㄟ ㄉㄞˋ,ㄅㄟˋ ㄉㄞˋ,背󠇡帶,U+80CC U+E01E1 U+5E36,背:IVS+1,
背黑鍋,ㄅㄟ ㄏㄟ ㄍㄨㄛ,ㄅㄟˋ ㄏㄟ ㄍㄨㄛ,背󠇡黑鍋,U+80CC U+E01E1 U+9ED1 U+934B,背:IVS+1,
悲不自勝,ㄅㄟ ㄅㄨˋ ㄗˋ ㄕㄥ,ㄅㄟ ㄅㄨˋ ㄗˋ ㄕㄥˋ,悲不自勝󠇡,U+60B2 U+4E0D U+81EA U+52DD U+E01E1,勝:IVS+1,
悲切,ㄅㄟ ㄑㄧㄝˋ,ㄅㄟ ㄑㄧㄝ,悲切󠇡,U+60B2 U+5207 U+E01E1,切:IVS+1,
倍感親切,ㄅㄟˋ ㄍㄢˇ ㄑㄧㄣ ㄑㄧㄝˋ,ㄅㄟˋ ㄍㄢˇ ㄑㄧㄣ ㄑㄧㄝ,倍感親切󠇡,U+500D U+611F U+89AA U+5207 U+E01E1,切:IVS+1,
輩分,ㄅㄟˋ ㄈㄣˋ,ㄅㄟˋ ㄈㄣ,輩分󠇡,U+8F29 U+5206 U+E01E1,分:IVS+1,
包子,ㄅㄠ ˙ㄗ,ㄅㄠ ㄗˇ,包子󠇡,U+5305 U+5B50 U+E01E1,子:IVS+1,
保險給付,ㄅㄠˇ ㄒㄧㄢˇ ㄐㄧˇ ㄈㄨˋ,ㄅㄠˇ ㄒㄧㄢˇ ㄍㄟˇ ㄈㄨˋ,保險給󠇡付,U+4FDD U+96AA U+7D66 U+E01E1 U+4ED8,給:IVS+1,
寶藏,ㄅㄠˇ ㄗㄤˋ,ㄅㄠˇ ㄘㄤˊ,寶藏󠇡,U+5BF6 U+85CF U+E01E1,藏:IVS+1,
報關行,ㄅㄠˋ ㄍㄨㄢ ㄏㄤˊ,ㄅㄠˋ ㄍㄨㄢ ㄒㄧㄥˊ,報關行󠇡,U+5831 U+95DC U+884C U+E01E1,行:IVS+1,
報應,ㄅㄠˋ ㄧㄥˋ,ㄅㄠˋ ㄧㄥ,報應󠇡,U+5831 U+61C9 U+E01E1,應:IVS+1,
暴虎馮河,ㄅㄠˋ ㄏㄨˇ ㄆㄧㄥˊ ㄏㄜˊ,ㄅㄠˋ ㄏㄨˇ ㄈㄥˊ ㄏㄜˊ,暴虎馮󠇡河,U+66B4 U+864E U+99AE U+E01E1 U+6CB3,馮:IVS+1,
扳倒,ㄅㄢ ㄉㄠˇ,ㄅㄢ ㄉㄠˋ,扳倒󠇡,U+6273 U+5012 U+E01E1,倒:IVS+1,
班長,ㄅㄢ ㄓㄤˇ,ㄅㄢ ㄔㄤˊ,班長󠇡,U+73ED U+9577 U+E01E1,長:IVS+1,
班子,ㄅㄢ ˙ㄗ,ㄅㄢ ㄗˇ,班子󠇡,U+73ED U+5B50 U+E01E1,子:IVS+1,
半吊子,ㄅㄢˋ ㄉㄧㄠˋ ˙ㄗ,ㄅㄢˋ ㄉㄧㄠˋ ㄗˇ,半吊子󠇡,U+534A U+540A U+5B50 U+E01E1,子:IVS+1,
半夜三更,ㄅㄢˋ ㄧㄝˋ ㄙㄢ ㄍㄥ,ㄅㄢˋ ㄧㄝˋ ㄙㄢ ㄍㄥˋ,半夜三更󠇡,U+534A U+591C U+4E09 U+66F4 U+E01E1,更:IVS+1,
絆倒,ㄅㄢˋ ㄉㄠˇ,ㄅㄢˋ ㄉㄠˋ,絆倒󠇡,U+7D46 U+5012 U+E01E1,倒:IVS+1,
辦公處,ㄅㄢˋ ㄍㄨㄥ ㄔㄨˋ,ㄅㄢˋ ㄍㄨㄥ ㄔㄨˇ,辦公處󠇡,U+8FA6 U+516C U+8655 U+E01E1,處:IVS+1,
辦事處,ㄅㄢˋ ㄕˋ ㄔㄨˋ,ㄅㄢˋ ㄕˋ ㄔㄨˇ,辦事處󠇡,U+8FA6 U+4E8B U+8655 U+E01E1,處:IVS+1,
本分,ㄅㄣˇ ㄈㄣˋ,ㄅㄣˇ ㄈㄣ,本分󠇡,U+672C U+5206 U+E01E1,分:IVS+1,
本行,ㄅㄣˇ ㄏㄤˊ,ㄅㄣˇ ㄒㄧㄥˊ,本行󠇡,U+672C U+884C U+E01E1,行:IVS+1,
棒喝,ㄅㄤˋ ㄏㄜˋ,ㄅㄤˋ ㄏㄜ,棒喝󠇡,U+68D2 U+559D U+E01E1,喝:IVS+1,
棒子,ㄅㄤˋ ˙ㄗ,ㄅㄤˋ ㄗˇ,棒子󠇡,U+68D2 U+5B50 U+E01E1,子:IVS+1,
繃子,ㄅㄥ ˙ㄗ,ㄅㄥ ㄗˇ,繃子󠇡,U+7E43 U+5B50 U+E01E1,子:IVS+1,
荸薺,ㄅㄧˊ ㄑㄧˊ,ㄅㄧˊ ㄐㄧˋ,荸薺󠇡,U+8378 U+85BA U+E01E1,薺:IVS+1,
鼻子,ㄅㄧˊ ˙ㄗ,ㄅㄧˊ ㄗˇ,鼻子󠇡,U+9F3B U+5B50 U+E01E1,子:IVS+1,
彼長我消,ㄅㄧˇ ㄓㄤˇ ㄨㄛˇ ㄒㄧㄠ,ㄅㄧˇ ㄔㄤˊ ㄨㄛˇ ㄒㄧㄠ,彼長󠇡我消,U+5F7C U+9577 U+E01E1 U+6211 U+6D88,長:IVS+1,
筆調,ㄅㄧˇ ㄉㄧㄠˋ,ㄅㄧˇ ㄊㄧㄠˊ,筆調󠇡,U+7B46 U+8ABF U+E01E1,調:IVS+1,
比比皆是,ㄅㄧˋ ㄅㄧˋ ㄐㄧㄝ ㄕˋ,ㄅㄧˇ ㄅㄧˇ ㄐㄧㄝ ㄕˋ,比󠇡比󠇡皆是,U+6BD4 U+E01E1 U+6BD4 U+E01E1 U+7686 U+662F,比:IVS+1; 比:IVS+1,
比鄰,ㄅㄧˋ ㄌㄧㄣˊ,ㄅㄧˇ ㄌㄧㄣˊ,比󠇡鄰,U+6BD4 U+E01E1 U+9130,比:IVS+1,
比鄰而居,ㄅㄧˋ ㄌㄧㄣˊ ㄦˊ ㄐㄩ,ㄅㄧˇ ㄌㄧㄣˊ ㄦˊ ㄐㄩ,比󠇡鄰而居,U+6BD4 U+E01E1 U+9130 U+800C U+5C45,比:IVS+1,
比肩,ㄅㄧˋ ㄐㄧㄢ,ㄅㄧˇ ㄐㄧㄢ,比󠇡肩,U+6BD4 U+E01E1 U+80A9,比:IVS+1,
蔽塞,ㄅㄧˋ ㄙㄜˋ,ㄅㄧˋ ㄙㄞ,蔽塞󠇡,U+853D U+585E U+E01E1,塞:IVS+1,
閉塞,ㄅㄧˋ ㄙㄜˋ,ㄅㄧˋ ㄙㄞ,閉塞󠇡,U+9589 U+585E U+E01E1,塞:IVS+1,
避難,ㄅㄧˋ ㄋㄢˋ,ㄅㄧˋ ㄋㄢˊ,避難󠇡,U+907F U+96E3 U+E01E1,難:IVS+1,
璧還,ㄅㄧˋ ㄏㄨㄢˊ,ㄅㄧˋ ㄏㄞˊ,璧還󠇡,U+74A7 U+9084 U+E01E1,還:IVS+1,
別苗頭,ㄅㄧㄝˊ ㄇㄧㄠˊ ˙ㄊㄡ,ㄅㄧㄝˊ ㄇㄧㄠˊ ㄊㄡˊ,別苗頭󠇡,U+5225 U+82D7 U+982D U+E01E1,頭:IVS+1,
標的,ㄅㄧㄠ ㄉㄧˋ,ㄅㄧㄠ ˙ㄉㄜ,標的󠇢,U+6A19 U+7684 U+E01E2,的:IVS+2,
表率,ㄅㄧㄠˇ ㄕㄨㄞˋ,ㄅㄧㄠˇ ㄌㄩˋ,表率󠇡,U+8868 U+7387 U+E01E1,率:IVS+1,
編著,ㄅㄧㄢ ㄓㄨˋ,ㄅㄧㄢ ˙ㄓㄜ,編著󠇡,U+7DE8 U+8457 U+E01E1,著:IVS+1,
扁鑽,ㄅㄧㄢˇ ㄗㄨㄢˋ,ㄅㄧㄢˇ ㄗㄨㄢ,扁鑽󠇡,U+6241 U+947D U+E01E1,鑽:IVS+1,
辮子,ㄅㄧㄢˋ ˙ㄗ,ㄅㄧㄢˋ ㄗˇ,辮子󠇡,U+8FAE U+5B50 U+E01E1,子:IVS+1,
變更,ㄅㄧㄢˋ ㄍㄥ,ㄅㄧㄢˋ ㄍㄥˋ,變更󠇡,U+8B8A U+66F4 U+E01E1,更:IVS+1,
并州,ㄅㄧㄥ ㄓㄡ,ㄅㄧㄥˋ ㄓㄡ,并󠇡州,U+5E76 U+E01E1 U+5DDE,并:IVS+1,
屏氣凝神,ㄅㄧㄥˇ ㄑㄧˋ ㄋㄧㄥˊ ㄕㄣˊ,ㄆㄧㄥˊ ㄑㄧˋ ㄋㄧㄥˊ ㄕㄣˊ,屏󠇡氣凝神,U+5C4F U+E01E1 U+6C23 U+51DD U+795E,屏:IVS+1,
屏息,ㄅㄧㄥˇ ㄒㄧˊ,ㄆㄧㄥˊ ㄒㄧˊ,屏󠇡息,U+5C4F U+E01E1 U+606F,屏:IVS+1,
並無不當,ㄅㄧㄥˋ ㄨˊ ㄅㄨˋ ㄉㄤˋ,ㄅㄧㄥˋ ㄨˊ ㄅㄨˋ ㄉㄤ,並無不當󠇡,U+4E26 U+7121 U+4E0D U+7576 U+E01E1,當:IVS+1,
病假,ㄅㄧㄥˋ ㄐㄧㄚˋ,ㄅㄧㄥˋ ㄐㄧㄚˇ,病假󠇡,U+75C5 U+5047 U+E01E1,假:IVS+1,
補給,ㄅㄨˇ ㄐㄧˇ,ㄅㄨˇ ㄍㄟˇ,補給󠇡,U+88DC U+7D66 U+E01E1,給:IVS+1,
補給線,ㄅㄨˇ ㄐㄧˇ ㄒㄧㄢˋ,ㄅㄨˇ ㄍㄟˇ ㄒㄧㄢˋ,補給󠇡線,U+88DC U+7D66 U+E01E1 U+7DDA,給:IVS+1,
補假,ㄅㄨˇ ㄐㄧㄚˋ,ㄅㄨˇ ㄐㄧㄚˇ,補假󠇡,U+88DC U+5047 U+E01E1,假:IVS+1,
不搭調,ㄅㄨˋ ㄉㄚ ㄉㄧㄠˋ,ㄅㄨˋ ㄉㄚ ㄊㄧㄠˊ,不搭調󠇡,U+4E0D U+642D U+8ABF U+E01E1,調:IVS+1,
不得了,ㄅㄨˋ ㄉㄜˊ ㄌㄧㄠˇ,ㄅㄨˋ ㄉㄜˊ ˙ㄌㄜ,不得了󠇡,U+4E0D U+5F97 U+4E86 U+E01E1,了:IVS+1,
不倒翁,ㄅㄨˋ ㄉㄠˇ ㄨㄥ,ㄅㄨˋ ㄉㄠˋ ㄨㄥ,不倒󠇡翁,U+4E0D U+5012 U+E01E1 U+7FC1,倒:IVS+1,
不當,ㄅㄨˋ ㄉㄤˋ,ㄅㄨˋ ㄉㄤ,不當󠇡,U+4E0D U+7576 U+E01E1,當:IVS+1,
不了了之,ㄅㄨˋ ㄌㄧㄠˇ ㄌㄧㄠˇ ㄓ,ㄅㄨˋ ˙ㄌㄜ ˙ㄌㄜ ㄓ,不了󠇡了󠇡之,U+4E0D U+4E86 U+E01E1 U+4E86 U+E01E1 U+4E4B,了:IVS+1; 了:IVS+1,
不了解,ㄅㄨˋ ㄌㄧㄠˇ ㄐㄧㄝˇ,ㄅㄨˋ ˙ㄌㄜ ㄐㄧㄝˇ,不了󠇡解,U+4E0D U+4E86 U+E01E1 U+89E3,了:IVS+1,
不良分子,ㄅㄨˋ ㄌㄧㄤˊ ㄈㄣˋ ㄗˇ,ㄅㄨˋ ㄌㄧㄤˊ ㄈㄣ ㄗˇ,不良分󠇡子,U+4E0D U+826F U+5206 U+E01E1 U+5B50,分:IVS+1,
不良少年,ㄅㄨˋ ㄌㄧㄤˊ ㄕㄠˋ ㄋㄧㄢˊ,ㄅㄨˋ ㄌㄧㄤˊ ㄕㄠˇ ㄋㄧㄢˊ,不良少󠇡年,U+4E0D U+826F U+5C11 U+E01E1 U+5E74,少:IVS+1,
不顧一切,ㄅㄨˋ ㄍㄨˋ ㄧ ㄑㄧㄝˋ,ㄅㄨˋ ㄍㄨˋ ㄧ ㄑㄧㄝ,不顧一切󠇡,U+4E0D U+9867 U+4E00 U+5207 U+E01E1,切:IVS+1,
不堪負荷,ㄅㄨˋ ㄎㄢ ㄈㄨˋ ㄏㄜˋ,ㄅㄨˋ ㄎㄢ ㄈㄨˋ ㄏㄜˊ,不堪負荷󠇡,U+4E0D U+582A U+8CA0 U+8377 U+E01E1,荷:IVS+1,
不好意思,ㄅㄨˋ ㄏㄠˇ ㄧˋ ˙ㄙ,ㄅㄨˋ ㄏㄠˇ ㄧˋ ㄙ,不好意思󠇢,U+4E0D U+597D U+610F U+601D U+E01E2,思:IVS+2,
不假外出,ㄅㄨˋ ㄐㄧㄚˋ ㄨㄞˋ ㄔㄨ,ㄅㄨˋ ㄐㄧㄚˇ ㄨㄞˋ ㄔㄨ,不假󠇡外出,U+4E0D U+5047 U+E01E1 U+5916 U+51FA,假:IVS+1,
不見得,ㄅㄨˋ ㄐㄧㄢˋ ˙ㄉㄜ,ㄅㄨˋ ㄐㄧㄢˋ ㄉㄜˊ,不見得󠇡,U+4E0D U+898B U+5F97 U+E01E1,得:IVS+1,
不見經傳,ㄅㄨˋ ㄐㄧㄢˋ ㄐㄧㄥ ㄓㄨㄢˋ,ㄅㄨˋ ㄐㄧㄢˋ ㄐㄧㄥ ㄔㄨㄢˊ,不見經傳󠇡,U+4E0D U+898B U+7D93 U+50B3 U+E01E1,傳:IVS+1,
不禁,ㄅㄨˋ ㄐㄧㄣ,ㄅㄨˋ ㄐㄧㄣˋ,不禁󠇡,U+4E0D U+7981 U+E01E1,禁:IVS+1,
不經一事不長一智,ㄅㄨˋ ㄐㄧㄥ ㄧ ㄕˋ ㄅㄨˋ ㄓㄤˇ ㄧ ㄓˋ,ㄅㄨˋ ㄐㄧㄥ ㄧ ㄕˋ ㄅㄨˋ ㄔㄤˊ ㄧ ㄓˋ,不經一事不長󠇡一智,U+4E0D U+7D93 U+4E00 U+4E8B U+4E0D U+9577 U+E01E1 U+4E00 U+667A,長:IVS+1,
不切實際,ㄅㄨˋ ㄑㄧㄝˋ ㄕˊ ㄐㄧˋ,ㄅㄨˋ ㄑㄧㄝ ㄕˊ ㄐㄧˋ,不切󠇡實際,U+4E0D U+5207 U+E01E1 U+5BE6 U+969B,切:IVS+1,
不相干,ㄅㄨˋ ㄒㄧㄤ ㄍㄢ,ㄅㄨˋ ㄒㄧㄤˋ ㄍㄢ,不相󠇡干,U+4E0D U+76F8 U+E01E1 U+5E72,相:IVS+1,
不相上下,ㄅㄨˋ ㄒㄧㄤ ㄕㄤˋ ㄒㄧㄚˋ,ㄅㄨˋ ㄒㄧㄤˋ ㄕㄤˋ ㄒㄧㄚˋ,不相󠇡上下,U+4E0D U+76F8 U+E01E1 U+4E0A U+4E0B,相:IVS+1,
不省人事,ㄅㄨˋ ㄒㄧㄥˇ ㄖㄣˊ ㄕˋ,ㄅㄨˋ ㄕㄥˇ ㄖㄣˊ ㄕˋ,不省󠇡人事,U+4E0D U+7701 U+E01E1 U+4EBA U+4E8B,省:IVS+1,
不支倒地,ㄅㄨˋ ㄓ ㄉㄠˇ ㄉㄧˋ,ㄅㄨˋ ㄓ ㄉㄠˋ ㄉㄧˋ,不支倒󠇡地,U+4E0D U+652F U+5012 U+E01E1 U+5730,倒:IVS+1,
不值得,ㄅㄨˋ ㄓˊ ˙ㄉㄜ,ㄅㄨˋ ㄓˊ ㄉㄜˊ,不值得󠇡,U+4E0D U+503C U+5F97 U+E01E1,得:IVS+1,
不著邊際,ㄅㄨˋ ㄓㄨㄛˊ ㄅㄧㄢ ㄐㄧˋ,ㄅㄨˋ ˙ㄓㄜ ㄅㄧㄢ ㄐㄧˋ,不著󠇤邊際,U+4E0D U+8457 U+E01E4 U+908A U+969B,著:IVS+4,
不著痕跡,ㄅㄨˋ ㄓㄨㄛˊ ㄏㄣˊ ㄐㄧ,ㄅㄨˋ ˙ㄓㄜ ㄏㄣˊ ㄐㄧ,不著󠇤痕跡,U+4E0D U+8457 U+E01E4 U+75D5 U+8DE1,著:IVS+4,
不中用,ㄅㄨˋ ㄓㄨㄥˋ ㄩㄥˋ,ㄅㄨˋ ㄓㄨㄥ ㄩㄥˋ,不中󠇡用,U+4E0D U+4E2D U+E01E1 U+7528,中:IVS+1,
不中聽,ㄅㄨˋ ㄓㄨㄥˋ ㄊㄧㄥ,ㄅㄨˋ ㄓㄨㄥ ㄊㄧㄥ,不中󠇡聽,U+4E0D U+4E2D U+E01E1 U+807D,中:IVS+1,
不稱心,ㄅㄨˋ ㄔㄥˋ ㄒㄧㄣ,ㄅㄨˋ ㄔㄥ ㄒㄧㄣ,不稱󠇡心,U+4E0D U+7A31 U+E01E1 U+5FC3,稱:IVS+1,
不勝枚舉,ㄅㄨˋ ㄕㄥ ㄇㄟˊ ㄐㄩˇ,ㄅㄨˋ ㄕㄥˋ ㄇㄟˊ ㄐㄩˇ,不勝󠇡枚舉,U+4E0D U+52DD U+E01E1 U+679A U+8209,勝:IVS+1,
不勝酒力,ㄅㄨˋ ㄕㄥ ㄐㄧㄡˇ ㄌㄧˋ,ㄅㄨˋ ㄕㄥˋ ㄐㄧㄡˇ ㄌㄧˋ,不勝󠇡酒力,U+4E0D U+52DD U+E01E1 U+9152 U+529B,勝:IVS+1,
不勝其煩,ㄅㄨˋ ㄕㄥ ㄑㄧˊ ㄈㄢˊ,ㄅㄨˋ ㄕㄥˋ ㄑㄧˊ ㄈㄢˊ,不勝󠇡其煩,U+4E0D U+52DD U+E01E1 U+5176 U+7169,勝:IVS+1,
不勝其擾,ㄅㄨˋ ㄕㄥ ㄑㄧˊ ㄖㄠˇ,ㄅㄨˋ ㄕㄥˋ ㄑㄧˊ ㄖㄠˇ,不勝󠇡其擾,U+4E0D U+52DD U+E01E1 U+5176 U+64FE,勝:IVS+1,
不勝唏噓,ㄅㄨˋ ㄕㄥ ㄒㄧ ㄒㄩ,ㄅㄨˋ ㄕㄥˋ ㄒㄧ ㄒㄩ,不勝󠇡唏噓,U+4E0D U+52DD U+E01E1 U+550F U+5653,勝:IVS+1,
不安分,ㄅㄨˋ ㄢ ㄈㄣˋ,ㄅㄨˋ ㄢ ㄈㄣ,不安分󠇡,U+4E0D U+5B89 U+5206 U+E01E1,分:IVS+1,
不由得,ㄅㄨˋ ㄧㄡˊ ˙ㄉㄜ,ㄅㄨˋ ㄧㄡˊ ㄉㄜˊ,不由得󠇡,U+4E0D U+7531 U+5F97 U+E01E1,得:IVS+1,
布匹,ㄅㄨˋ ㄆㄧˇ,ㄅㄨˋ ㄆㄧ,布匹󠇡,U+5E03 U+5339 U+E01E1,匹:IVS+1,
步調,ㄅㄨˋ ㄉㄧㄠˋ,ㄅㄨˋ ㄊㄧㄠˊ,步調󠇡,U+6B65 U+8ABF U+E01E1,調:IVS+1,
部分,ㄅㄨˋ ㄈㄣˋ,ㄅㄨˋ ㄈㄣ,部分󠇡,U+90E8 U+5206 U+E01E1,分:IVS+1,
部會首長,ㄅㄨˋ ㄏㄨㄟˋ ㄕㄡˇ ㄓㄤˇ,ㄅㄨˋ ㄏㄨㄟˋ ㄕㄡˇ ㄔㄤˊ,部會首長󠇡,U+90E8 U+6703 U+9996 U+9577 U+E01E1,長:IVS+1,
部曲,ㄅㄨˋ ㄑㄩ,ㄅㄨˋ ㄑㄩˇ,部曲󠇡,U+90E8 U+66F2 U+E01E1,曲:IVS+1,
部長,ㄅㄨˋ ㄓㄤˇ,ㄅㄨˋ ㄔㄤˊ,部長󠇡,U+90E8 U+9577 U+E01E1,長:IVS+1,
部署,ㄅㄨˋ ㄕㄨˋ,ㄅㄨˋ ㄕㄨˇ,部署󠇡,U+90E8 U+7F72 U+E01E1,署:IVS+1,
簿子,ㄅㄨˋ ˙ㄗ,ㄅㄨˋ ㄗˇ,簿子󠇡,U+7C3F U+5B50 U+E01E1,子:IVS+1,
啪啦,ㄆㄚ ㄌㄚ,ㄆㄚ ˙ㄌㄚ,啪啦󠇡,U+556A U+5566 U+E01E1,啦:IVS+1,
爬格子,ㄆㄚˊ ㄍㄜˊ ˙ㄗ,ㄆㄚˊ ㄍㄜˊ ㄗˇ,爬格子󠇡,U+722C U+683C U+5B50 U+E01E1,子:IVS+1,
婆婆,ㄆㄛˊ ˙ㄆㄛ,ㄆㄛˊ ㄆㄛˊ,婆婆󠇡,U+5A46 U+5A46 U+E01E1,婆:IVS+1,
迫切,ㄆㄛˋ ㄑㄧㄝˋ,ㄆㄛˋ ㄑㄧㄝ,迫切󠇡,U+8FEB U+5207 U+E01E1,切:IVS+1,
破鏡重圓,ㄆㄛˋ ㄐㄧㄥˋ ㄔㄨㄥˊ ㄩㄢˊ,ㄆㄛˋ ㄐㄧㄥˋ ㄓㄨㄥˋ ㄩㄢˊ,破鏡重󠇡圓,U+7834 U+93E1 U+91CD U+E01E1 U+5713,重:IVS+1,
破嗓子,ㄆㄛˋ ㄙㄤˇ ˙ㄗ,ㄆㄛˋ ㄙㄤˇ ㄗˇ,破嗓子󠇡,U+7834 U+55D3 U+5B50 U+E01E1,子:IVS+1,
拍子,ㄆㄞ ˙ㄗ,ㄆㄞ ㄗˇ,拍子󠇡,U+62CD U+5B50 U+E01E1,子:IVS+1,
排比,ㄆㄞˊ ㄅㄧˋ,ㄆㄞˊ ㄅㄧˇ,排比󠇡,U+6392 U+6BD4 U+E01E1,比:IVS+1,
排難解紛,ㄆㄞˊ ㄋㄢˋ ㄐㄧㄝˇ ㄈㄣ,ㄆㄞˊ ㄋㄢˊ ㄐㄧㄝˇ ㄈㄣ,排難󠇡解紛,U+6392 U+96E3 U+E01E1 U+89E3 U+7D1B,難:IVS+1,
排行,ㄆㄞˊ ㄏㄤˊ,ㄆㄞˊ ㄒㄧㄥˊ,排行󠇡,U+6392 U+884C U+E01E1,行:IVS+1,
排行榜,ㄆㄞˊ ㄏㄤˊ ㄅㄤˇ,ㄆㄞˊ ㄒㄧㄥˊ ㄅㄤˇ,排行󠇡榜,U+6392 U+884C U+E01E1 U+699C,行:IVS+1,
排山倒海,ㄆㄞˊ ㄕㄢ ㄉㄠˇ ㄏㄞˇ,ㄆㄞˊ ㄕㄢ ㄉㄠˋ ㄏㄞˇ,排山倒󠇡海,U+6392 U+5C71 U+5012 U+E01E1 U+6D77,倒:IVS+1,
徘徊,ㄆㄞˊ ㄏㄨㄞˊ,ㄆㄞˊ ㄏㄨㄟˊ,徘徊󠇡,U+5F98 U+5F8A U+E01E1,徊:IVS+1,
牌子,ㄆㄞˊ ˙ㄗ,ㄆㄞˊ ㄗˇ,牌子󠇡,U+724C U+5B50 U+E01E1,子:IVS+1,
胚子,ㄆㄟ ˙ㄗ,ㄆㄟ ㄗˇ,胚子󠇡,U+80DA U+5B50 U+E01E1,子:IVS+1,
陪都,ㄆㄟˊ ㄉㄨ,ㄆㄟˊ ㄉㄡ,陪都󠇡,U+966A U+90FD U+E01E1,都:IVS+1,
配給,ㄆㄟˋ ㄐㄧˇ,ㄆㄟˋ ㄍㄟˇ,配給󠇡,U+914D U+7D66 U+E01E1,給:IVS+1,
配角,ㄆㄟˋ ㄐㄩㄝˊ,ㄆㄟˋ ㄐㄧㄠˇ,配角󠇡,U+914D U+89D2 U+E01E1,角:IVS+1,
配樂,ㄆㄟˋ ㄩㄝˋ,ㄆㄟˋ ㄌㄜˋ,配樂󠇡,U+914D U+6A02 U+E01E1,樂:IVS+1,
拋頭露面,ㄆㄠ ㄊㄡˊ ㄌㄡˋ ㄇㄧㄢˋ,ㄆㄠ ㄊㄡˊ ㄌㄨˋ ㄇㄧㄢˋ,拋頭露󠇡面,U+62CB U+982D U+9732 U+E01E1 U+9762,露:IVS+1,
炮製,ㄆㄠˊ ㄓˋ,ㄆㄠˋ ㄓˋ,炮󠇡製,U+70AE U+E01E1 U+88FD,炮:IVS+1,
袍子,ㄆㄠˊ ˙ㄗ,ㄆㄠˊ ㄗˇ,袍子󠇡,U+888D U+5B50 U+E01E1,子:IVS+1,
番禺縣,ㄆㄢ ㄩˊ ㄒㄧㄢˋ,ㄈㄢ ㄩˊ ㄒㄧㄢˋ,番󠇡禺縣,U+756A U+E01E1 U+79BA U+7E23,番:IVS+1,
般桓,ㄆㄢˊ ㄏㄨㄢˊ,ㄅㄢ ㄏㄨㄢˊ,般󠇢桓,U+822C U+E01E2 U+6853,般:IVS+2,
磅礴,ㄆㄤ ㄅㄛˊ,ㄅㄤˋ ㄅㄛˊ,磅󠇡礴,U+78C5 U+E01E1 U+7934,磅:IVS+1,
膀胱,ㄆㄤˊ ㄍㄨㄤ,ㄅㄤˇ ㄍㄨㄤ,膀󠇡胱,U+8180 U+E01E1 U+80F1,膀:IVS+1,
澎湃,ㄆㄥ ㄆㄞˋ,ㄆㄥˊ ㄆㄞˋ,澎󠇡湃,U+6F8E U+E01E1 U+6E43,澎:IVS+1,
朋比為奸,ㄆㄥˊ ㄅㄧˋ ㄨㄟˊ ㄐㄧㄢ,ㄆㄥˊ ㄅㄧˇ ㄨㄟˊ ㄐㄧㄢ,朋比󠇡為奸,U+670B U+6BD4 U+E01E1 U+70BA U+5978,比:IVS+1,
碰釘子,ㄆㄥˋ ㄉㄧㄥ ˙ㄗ,ㄆㄥˋ ㄉㄧㄥ ㄗˇ,碰釘子󠇡,U+78B0 U+91D8 U+5B50 U+E01E1,子:IVS+1,
匹配,ㄆㄧˇ ㄆㄟˋ,ㄆㄧ ㄆㄟˋ,匹󠇡配,U+5339 U+E01E1 U+914D,匹:IVS+1,
匹夫,ㄆㄧˇ ㄈㄨ,ㄆㄧ ㄈㄨ,匹󠇡夫,U+5339 U+E01E1 U+592B,匹:IVS+1,
匹夫匹婦,ㄆㄧˇ ㄈㄨ ㄆㄧˇ ㄈㄨˋ,ㄆㄧ ㄈㄨ ㄆㄧ ㄈㄨˋ,匹󠇡夫匹󠇡婦,U+5339 U+E01E1 U+592B U+5339 U+E01E1 U+5A66,匹:IVS+1; 匹:IVS+1,
匹夫之勇,ㄆㄧˇ ㄈㄨ ㄓ ㄩㄥˇ,ㄆㄧ ㄈㄨ ㄓ ㄩㄥˇ,匹󠇡夫之勇,U+5339 U+E01E1 U+592B U+4E4B U+52C7,匹:IVS+1,
匹敵,ㄆㄧˇ ㄉㄧˊ,ㄆㄧ ㄉㄧˊ,匹󠇡敵,U+5339 U+E01E1 U+6575,匹:IVS+1,
否極泰來,ㄆㄧˇ ㄐㄧˊ ㄊㄞˋ ㄌㄞˊ,ㄈㄡˇ ㄐㄧˊ ㄊㄞˋ ㄌㄞˊ,否󠇡極泰來,U+5426 U+E01E1 U+6975 U+6CF0 U+4F86,否:IVS+1,
痞子,ㄆㄧˇ ˙ㄗ,ㄆㄧˇ ㄗˇ,痞子󠇡,U+75DE U+5B50 U+E01E1,子:IVS+1,
癖好,ㄆㄧˇ ㄏㄠˋ,ㄆㄧˇ ㄏㄠˇ,癖好󠇡,U+7656 U+597D U+E01E1,好:IVS+1,
撇開,ㄆㄧㄝ ㄎㄞ,ㄆㄧㄝˇ ㄎㄞ,撇󠇡開,U+6487 U+E01E1 U+958B,撇:IVS+1,
撇清,ㄆㄧㄝ ㄑㄧㄥ,ㄆㄧㄝˇ ㄑㄧㄥ,撇󠇡清,U+6487 U+E01E1 U+6E05,撇:IVS+1,
撇下,ㄆㄧㄝ ㄒㄧㄚˋ,ㄆㄧㄝˇ ㄒㄧㄚˋ,撇󠇡下,U+6487 U+E01E1 U+4E0B,撇:IVS+1,
漂泊,ㄆㄧㄠ ㄅㄛˊ,ㄆㄧㄠˋ ㄅㄛˊ,漂󠇡泊,U+6F02 U+E01E1 U+6CCA,漂:IVS+1,
漂萍,ㄆㄧㄠ ㄆㄧㄥˊ,ㄆㄧㄠˋ ㄆㄧㄥˊ,漂󠇡萍,U+6F02 U+E01E1 U+840D,漂:IVS+1,
漂浮,ㄆㄧㄠ ㄈㄨˊ,ㄆㄧㄠˋ ㄈㄨˊ,漂󠇡浮,U+6F02 U+E01E1 U+6D6E,漂:IVS+1,
漂流,ㄆㄧㄠ ㄌㄧㄡˊ,ㄆㄧㄠˋ ㄌㄧㄡˊ,漂󠇡流,U+6F02 U+E01E1 U+6D41,漂:IVS+1,
漂送,ㄆㄧㄠ ㄙㄨㄥˋ,ㄆㄧㄠˋ ㄙㄨㄥˋ,漂󠇡送,U+6F02 U+E01E1 U+9001,漂:IVS+1,
漂白,ㄆㄧㄠˇ ㄅㄞˊ,ㄆㄧㄠˋ ㄅㄞˊ,漂󠇢白,U+6F02 U+E01E2 U+767D,漂:IVS+2,
漂白粉,ㄆㄧㄠˇ ㄅㄞˊ ㄈㄣˇ,ㄆㄧㄠˋ ㄅㄞˊ ㄈㄣˇ,漂󠇢白粉,U+6F02 U+E01E2 U+767D U+7C89,漂:IVS+2,
偏好,ㄆㄧㄢ ㄏㄠˋ,ㄆㄧㄢ ㄏㄠˇ,偏好󠇡,U+504F U+597D U+E01E1,好:IVS+1,
篇兒,ㄆㄧㄢ ㄦ,ㄆㄧㄢ ㄦˊ,篇兒󠇡,U+7BC7 U+5152 U+E01E1,兒:IVS+1,
便便,ㄆㄧㄢˊ ㄆㄧㄢˊ,ㄅㄧㄢˋ ㄅㄧㄢˋ,便󠇡便󠇡,U+4FBF U+E01E1 U+4FBF U+E01E1,便:IVS+1; 便:IVS+1,
片子,ㄆㄧㄢˋ ˙ㄗ,ㄆㄧㄢˋ ㄗˇ,片子󠇡,U+7247 U+5B50 U+E01E1,子:IVS+1,
騙子,ㄆㄧㄢˋ ˙ㄗ,ㄆㄧㄢˋ ㄗˇ,騙子󠇡,U+9A19 U+5B50 U+E01E1,子:IVS+1,
品行,ㄆㄧㄣˇ ㄒㄧㄥˋ,ㄆㄧㄣˇ ㄒㄧㄥˊ,品行󠇢,U+54C1 U+884C U+E01E2,行:IVS+2,
評量,ㄆㄧㄥˊ ㄌㄧㄤˊ,ㄆㄧㄥˊ ㄌㄧㄤˋ,評量󠇡,U+8A55 U+91CF U+E01E1,量:IVS+1,
評傳,ㄆㄧㄥˊ ㄓㄨㄢˋ,ㄆㄧㄥˊ ㄔㄨㄢˊ,評傳󠇡,U+8A55 U+50B3 U+E01E1,傳:IVS+1,
萍水相逢,ㄆㄧㄥˊ ㄕㄨㄟˇ ㄒㄧㄤ ㄈㄥˊ,ㄆㄧㄥˊ ㄕㄨㄟˇ ㄒㄧㄤˋ ㄈㄥˊ,萍水相󠇡逢,U+840D U+6C34 U+76F8 U+E01E1 U+9022,相:IVS+1,
暴露,ㄆㄨˋ ㄌㄨˋ,ㄅㄠˋ ㄌㄨˋ,暴󠇡露,U+66B4 U+E01E1 U+9732,暴:IVS+1,
鋪子,ㄆㄨˋ ˙ㄗ,ㄆㄨ ㄗˇ,鋪󠇡子󠇡,U+92EA U+E01E1 U+5B50 U+E01E1,鋪:IVS+1; 子:IVS+1,
鋪位,ㄆㄨˋ ㄨㄟˋ,ㄆㄨ ㄨㄟˋ,鋪󠇡位,U+92EA U+E01E1 U+4F4D,鋪:IVS+1,
媽媽,ㄇㄚ ˙ㄇㄚ,ㄇㄚ ㄇㄚ,媽媽󠇡,U+5ABD U+5ABD U+E01E1,媽:IVS+1,
嬤嬤,ㄇㄚ ˙ㄇㄚ,ㄇㄚ ㄇㄚ,嬤嬤󠇡,U+5B24 U+5B24 U+E01E1,嬤:IVS+1,
麻將,ㄇㄚˊ ㄐㄧㄤˋ,ㄇㄚˊ ㄐㄧㄤ,麻將󠇡,U+9EBB U+5C07 U+E01E1,將:IVS+1,
麻子,ㄇㄚˊ ˙ㄗ,ㄇㄚˊ ㄗˇ,麻子󠇡,U+9EBB U+5B50 U+E01E1,子:IVS+1,
馬馬虎虎,ㄇㄚˇ ㄇㄚˇ ㄏㄨ ㄏㄨ,ㄇㄚˇ ㄇㄚˇ ㄏㄨˇ ㄏㄨˇ,馬馬虎󠇡虎󠇡,U+99AC U+99AC U+864E U+E01E1 U+864E U+E01E1,虎:IVS+1; 虎:IVS+1,
馬虎,ㄇㄚˇ ㄏㄨ,ㄇㄚˇ ㄏㄨˇ,馬虎󠇡,U+99AC U+864E U+E01E1,虎:IVS+1,
嗎啡,ㄇㄚˇ ㄈㄟ,˙ㄇㄚ ㄈㄟ,嗎󠇡啡,U+55CE U+E01E1 U+5561,嗎:IVS+1,
碼頭,ㄇㄚˇ ˙ㄊㄡ,ㄇㄚˇ ㄊㄡˊ,碼頭󠇡,U+78BC U+982D U+E01E1,頭:IVS+1,
碼子,ㄇㄚˇ ˙ㄗ,ㄇㄚˇ ㄗˇ,碼子󠇡,U+78BC U+5B50 U+E01E1,子:IVS+1,
螞蚱,ㄇㄚˋ ㄓㄚˋ,ㄇㄚˇ ㄓㄚˋ,螞󠇡蚱,U+879E U+E01E1 U+86B1,螞:IVS+1,
摸不著,ㄇㄛ ㄅㄨˋ ㄓㄠˊ,ㄇㄛ ㄅㄨˋ ˙ㄓㄜ,摸不著󠇣,U+6478 U+4E0D U+8457 U+E01E3,著:IVS+3,
磨難,ㄇㄛˊ ㄋㄢˋ,ㄇㄛˊ ㄋㄢˊ,磨難󠇡,U+78E8 U+96E3 U+E01E1,難:IVS+1,
魔爪,ㄇㄛˊ ㄓㄠˇ,ㄇㄛˊ ㄓㄨㄚˇ,魔爪󠇡,U+9B54 U+722A U+E01E1,爪:IVS+1,
模子,ㄇㄛˊ ˙ㄗ,ㄇㄛˊ ㄗˇ,模子󠇡,U+6A21 U+5B50 U+E01E1,子:IVS+1,
抹煞,ㄇㄛˇ ㄕㄚ,ㄇㄛˇ ㄕㄚˋ,抹煞󠇡,U+62B9 U+715E U+E01E1,煞:IVS+1,
万俟,ㄇㄛˋ ㄑㄧˊ,ㄇㄛˋ ㄙˋ,万俟󠇡,U+4E07 U+4FDF U+E01E1,俟:IVS+1,
末了,ㄇㄛˋ ㄌㄧㄠˇ,ㄇㄛˋ ˙ㄌㄜ,末了󠇡,U+672B U+4E86 U+E01E1,了:IVS+1,
沒沒無聞,ㄇㄛˋ ㄇㄛˋ ㄨˊ ㄨㄣˊ,ㄇㄟˊ ㄇㄟˊ ㄨˊ ㄨㄣˊ,沒󠇡沒󠇡無聞,U+6C92 U+E01E1 U+6C92 U+E01E1 U+7121 U+805E,沒:IVS+1; 沒:IVS+1,
沒奈何,ㄇㄛˋ ㄋㄞˋ ㄏㄜˊ,ㄇㄟˊ ㄋㄞˋ ㄏㄜˊ,沒󠇡奈何,U+6C92 U+E01E1 U+5948 U+4F55,沒:IVS+1,
沒落,ㄇㄛˋ ㄌㄨㄛˋ,ㄇㄟˊ ㄌㄨㄛˋ,沒󠇡落,U+6C92 U+E01E1 U+843D,沒:IVS+1,
沒齒難忘,ㄇㄛˋ ㄔˇ ㄋㄢˊ ㄨㄤˋ,ㄇㄟˊ ㄔˇ ㄋㄢˊ ㄨㄤˋ,沒󠇡齒難忘,U+6C92 U+E01E1 U+9F52 U+96E3 U+5FD8,沒:IVS+1,
沒收,ㄇㄛˋ ㄕㄡ,ㄇㄟˊ ㄕㄡ,沒󠇡收,U+6C92 U+E01E1 U+6536,沒:IVS+1,
冒頓,ㄇㄛˋ ㄉㄨˊ,ㄇㄠˋ ㄉㄨㄣˋ,冒󠇡頓󠇡,U+5192 U+E01E1 U+9813 U+E01E1,冒:IVS+1; 頓:IVS+1,
脈脈,ㄇㄛˋ ㄇㄛˋ,ㄇㄞˋ ㄇㄞˋ,脈󠇡脈󠇡,U+8108 U+E01E1 U+8108 U+E01E1,脈:IVS+1; 脈:IVS+1,
磨盤,ㄇㄛˋ ㄆㄢˊ,ㄇㄛˊ ㄆㄢˊ,磨󠇡盤,U+78E8 U+E01E1 U+76E4,磨:IVS+1,
磨坊,ㄇㄛˋ ㄈㄤ,ㄇㄛˊ ㄈㄤ,磨󠇡坊,U+78E8 U+E01E1 U+574A,磨:IVS+1,
埋沒,ㄇㄞˊ ㄇㄛˋ,ㄇㄞˊ ㄇㄟˊ,埋沒󠇡,U+57CB U+6C92 U+E01E1,沒:IVS+1,
買櫝還珠,ㄇㄞˇ ㄉㄨˊ ㄏㄨㄢˊ ㄓㄨ,ㄇㄞˇ ㄉㄨˊ ㄏㄞˊ ㄓㄨ,買櫝還󠇡珠,U+8CB7 U+6ADD U+9084 U+E01E1 U+73E0,還:IVS+1,
麥子,ㄇㄞˋ ˙ㄗ,ㄇㄞˋ ㄗˇ,麥子󠇡,U+9EA5 U+5B50 U+E01E1,子:IVS+1,
賣關子,ㄇㄞˋ ㄍㄨㄢ ˙ㄗ,ㄇㄞˋ ㄍㄨㄢ ㄗˇ,賣關子󠇡,U+8CE3 U+95DC U+5B50 U+E01E1,子:IVS+1,
沒法子,ㄇㄟˊ ㄈㄚˊ ˙ㄗ,ㄇㄟˊ ㄈㄚˇ ㄗˇ,沒法󠇡子󠇡,U+6C92 U+6CD5 U+E01E1 U+5B50 U+E01E1,法:IVS+1; 子:IVS+1,
沒空,ㄇㄟˊ ㄎㄨㄥˋ,ㄇㄟˊ ㄎㄨㄥ,沒空󠇡,U+6C92 U+7A7A U+E01E1,空:IVS+1,
沒轍,ㄇㄟˊ ㄓㄜˊ,ㄇㄟˊ ㄔㄜˋ,沒轍󠇡,U+6C92 U+8F4D U+E01E1,轍:IVS+1,
沒著落,ㄇㄟˊ ㄓㄨㄛˊ ㄌㄨㄛˋ,ㄇㄟˊ ˙ㄓㄜ ㄌㄨㄛˋ,沒著󠇤落,U+6C92 U+8457 U+E01E4 U+843D,著:IVS+4,
沒意思,ㄇㄟˊ ㄧˋ ˙ㄙ,ㄇㄟˊ ㄧˋ ㄙ,沒意思󠇢,U+6C92 U+610F U+601D U+E01E2,思:IVS+2,
沒完沒了,ㄇㄟˊ ㄨㄢˊ ㄇㄟˊ ㄌㄧㄠˇ,ㄇㄟˊ ㄨㄢˊ ㄇㄟˊ ˙ㄌㄜ,沒完沒了󠇡,U+6C92 U+5B8C U+6C92 U+4E86 U+E01E1,了:IVS+1,
梅子,ㄇㄟˊ ˙ㄗ,ㄇㄟˊ ㄗˇ,梅子󠇡,U+6885 U+5B50 U+E01E1,子:IVS+1,
美不勝收,ㄇㄟˇ ㄅㄨˋ ㄕㄥ ㄕㄡ,ㄇㄟˇ ㄅㄨˋ ㄕㄥˋ ㄕㄡ,美不勝󠇡收,U+7F8E U+4E0D U+52DD U+E01E1 U+6536,勝:IVS+1,
美得冒泡,ㄇㄟˇ ˙ㄉㄜ ㄇㄠˋ ㄆㄠˋ,ㄇㄟˇ ㄉㄜˊ ㄇㄠˋ ㄆㄠˋ,美得󠇡冒泡,U+7F8E U+5F97 U+E01E1 U+5192 U+6CE1,得:IVS+1,
美人胚子,ㄇㄟˇ ㄖㄣˊ ㄆㄟ ˙ㄗ,ㄇㄟˇ ㄖㄣˊ ㄆㄟ ㄗˇ,美人胚子󠇡,U+7F8E U+4EBA U+80DA U+5B50 U+E01E1,子:IVS+1,
妹妹,ㄇㄟˋ ˙ㄇㄟ,ㄇㄟˋ ㄇㄟˋ,妹妹󠇡,U+59B9 U+59B9 U+E01E1,妹:IVS+1,
茅塞,ㄇㄠˊ ㄙㄜˋ,ㄇㄠˊ ㄙㄞ,茅塞󠇡,U+8305 U+585E U+E01E1,塞:IVS+1,
茅塞頓開,ㄇㄠˊ ㄙㄜˋ ㄉㄨㄣˋ ㄎㄞ,ㄇㄠˊ ㄙㄞ ㄉㄨㄣˋ ㄎㄞ,茅塞󠇡頓開,U+8305 U+585E U+E01E1 U+9813 U+958B,塞:IVS+1,
茂盛,ㄇㄠˋ ㄕㄥˋ,ㄇㄠˋ ㄔㄥˊ,茂盛󠇡,U+8302 U+76DB U+E01E1,盛:IVS+1,
冒險犯難,ㄇㄠˋ ㄒㄧㄢˇ ㄈㄢˋ ㄋㄢˋ,ㄇㄠˋ ㄒㄧㄢˇ ㄈㄢˋ ㄋㄢˊ,冒險犯難󠇡,U+5192 U+96AA U+72AF U+96E3 U+E01E1,難:IVS+1,
帽子,ㄇㄠˋ ˙ㄗ,ㄇㄠˋ ㄗˇ,帽子󠇡,U+5E3D U+5B50 U+E01E1,子:IVS+1,
埋怨,ㄇㄢˊ ㄩㄢˋ,ㄇㄞˊ ㄩㄢˋ,埋󠇡怨,U+57CB U+E01E1 U+6028,埋:IVS+1,
蔓菁,ㄇㄢˊ ㄐㄧㄥ,ㄇㄢˋ ㄐㄧㄥ,蔓󠇡菁,U+8513 U+E01E1 U+83C1,蔓:IVS+1,
饅頭,ㄇㄢˊ ˙ㄊㄡ,ㄇㄢˊ ㄊㄡˊ,饅頭󠇡,U+9945 U+982D U+E01E1,頭:IVS+1,
蠻橫,ㄇㄢˊ ㄏㄥˋ,ㄇㄢˊ ㄏㄥˊ,蠻橫󠇡,U+883B U+6A6B U+E01E1,橫:IVS+1,
滿腦子,ㄇㄢˇ ㄋㄠˇ ˙ㄗ,ㄇㄢˇ ㄋㄠˇ ㄗˇ,滿腦子󠇡,U+6EFF U+8166 U+5B50 U+E01E1,子:IVS+1,
漫無目的,ㄇㄢˋ ㄨˊ ㄇㄨˋ ㄉㄧˋ,ㄇㄢˋ ㄨˊ ㄇㄨˋ ˙ㄉㄜ,漫無目的󠇢,U+6F2B U+7121 U+76EE U+7684 U+E01E2,的:IVS+2,
慢點兒,ㄇㄢˋ ㄉㄧㄢˇ ㄦ,ㄇㄢˋ ㄉㄧㄢˇ ㄦˊ,慢點兒󠇡,U+6162 U+9EDE U+5152 U+E01E1,兒:IVS+1,
謾罵,ㄇㄢˋ ㄇㄚˋ,ㄇㄢˊ ㄇㄚˋ,謾󠇡罵,U+8B3E U+E01E1 U+7F75,謾:IVS+1,
門縫,ㄇㄣˊ ㄈㄥˋ,ㄇㄣˊ ㄈㄥˊ,門縫󠇡,U+9580 U+7E2B U+E01E1,縫:IVS+1,
悶悶不樂,ㄇㄣˋ ㄇㄣˋ ㄅㄨˋ ㄌㄜˋ,ㄇㄣ ㄇㄣ ㄅㄨˋ ㄌㄜˋ,悶󠇡悶󠇡不樂,U+60B6 U+E01E1 U+60B6 U+E01E1 U+4E0D U+6A02,悶:IVS+1; 悶:IVS+1,
悶酒,ㄇㄣˋ ㄐㄧㄡˇ,ㄇㄣ ㄐㄧㄡˇ,悶󠇡酒,U+60B6 U+E01E1 U+9152,悶:IVS+1,
忙不迭地,ㄇㄤˊ ㄅㄨˋ ㄉㄧㄝˊ ˙ㄉㄜ,ㄇㄤˊ ㄅㄨˋ ㄉㄧㄝˊ ㄉㄧˋ,忙不迭地󠇡,U+5FD9 U+4E0D U+8FED U+5730 U+E01E1,地:IVS+1,
忙得不可開交,ㄇㄤˊ ˙ㄉㄜ ㄅㄨˋ ㄎㄜˇ ㄎㄞ ㄐㄧㄠ,ㄇㄤˊ ㄉㄜˊ ㄅㄨˋ ㄎㄜˇ ㄎㄞ ㄐㄧㄠ,忙得󠇡不可開交,U+5FD9 U+5F97 U+E01E1 U+4E0D U+53EF U+958B U+4EA4,得:IVS+1,
芒種,ㄇㄤˊ ㄓㄨㄥˋ,ㄇㄤˊ ㄓㄨㄥˇ,芒種󠇡,U+8292 U+7A2E U+E01E1,種:IVS+1,
矇蔽,ㄇㄥ ㄅㄧˋ,ㄇㄥˊ ㄅㄧˋ,矇󠇡蔽,U+77C7 U+E01E1 U+853D,矇:IVS+1,
矇騙,ㄇㄥ ㄆㄧㄢˋ,ㄇㄥˊ ㄆㄧㄢˋ,矇󠇡騙,U+77C7 U+E01E1 U+9A19,矇:IVS+1,
矇混,ㄇㄥ ㄏㄨㄣˋ,ㄇㄥˊ ㄏㄨㄣˋ,矇󠇡混,U+77C7 U+E01E1 U+6DF7,矇:IVS+1,
蒙難,ㄇㄥˊ ㄋㄢˋ,ㄇㄥˊ ㄋㄢˊ,蒙難󠇡,U+8499 U+96E3 U+E01E1,難:IVS+1,
猛將,ㄇㄥˇ ㄐㄧㄤˋ,ㄇㄥˇ ㄐㄧㄤ,猛將󠇡,U+731B U+5C07 U+E01E1,將:IVS+1,
彌撒,ㄇㄧˊ ㄙㄚ,ㄇㄧˊ ㄙㄚˇ,彌撒󠇡,U+5F4C U+6492 U+E01E1,撒:IVS+1,
彌撒曲,ㄇㄧˊ ㄙㄚ ㄑㄩˇ,ㄇㄧˊ ㄙㄚˇ ㄑㄩˇ,彌撒󠇡曲,U+5F4C U+6492 U+E01E1 U+66F2,撒:IVS+1,
密切,ㄇㄧˋ ㄑㄧㄝˋ,ㄇㄧˋ ㄑㄧㄝ,密切󠇡,U+5BC6 U+5207 U+E01E1,切:IVS+1,
苗頭,ㄇㄧㄠˊ ˙ㄊㄡ,ㄇㄧㄠˊ ㄊㄡˊ,苗頭󠇡,U+82D7 U+982D U+E01E1,頭:IVS+1,
妙處,ㄇㄧㄠˋ ㄔㄨˋ,ㄇㄧㄠˋ ㄔㄨˇ,妙處󠇡,U+5999 U+8655 U+E01E1,處:IVS+1,
免不了,ㄇㄧㄢˇ ㄅㄨˋ ㄌㄧㄠˇ,ㄇㄧㄢˇ ㄅㄨˋ ˙ㄌㄜ,免不了󠇡,U+514D U+4E0D U+4E86 U+E01E1,了:IVS+1,
免得,ㄇㄧㄢˇ ˙ㄉㄜ,ㄇㄧㄢˇ ㄉㄜˊ,免得󠇡,U+514D U+5F97 U+E01E1,得:IVS+1,
勉強,ㄇㄧㄢˇ ㄑㄧㄤˇ,ㄇㄧㄢˇ ㄑㄧㄤˊ,勉強󠇡,U+52C9 U+5F37 U+E01E1,強:IVS+1,
面面相覷,ㄇㄧㄢˋ ㄇㄧㄢˋ ㄒㄧㄤ ㄑㄩˋ,ㄇㄧㄢˋ ㄇㄧㄢˋ ㄒㄧㄤˋ ㄑㄩˋ,面面相󠇡覷,U+9762 U+9762 U+76F8 U+E01E1 U+89B7,相:IVS+1,
面子,ㄇㄧㄢˋ ˙ㄗ,ㄇㄧㄢˋ ㄗˇ,面子󠇡,U+9762 U+5B50 U+E01E1,子:IVS+1,
民意調查,ㄇㄧㄣˊ ㄧˋ ㄉㄧㄠˋ ㄔㄚˊ,ㄇㄧㄣˊ ㄧˋ ㄊㄧㄠˊ ㄔㄚˊ,民意調󠇡查,U+6C11 U+610F U+8ABF U+E01E1 U+67E5,調:IVS+1,
泯沒,ㄇㄧㄣˇ ㄇㄛˋ,ㄇㄧㄣˇ ㄇㄟˊ,泯沒󠇡,U+6CEF U+6C92 U+E01E1,沒:IVS+1,
澠池,ㄇㄧㄣˇ ㄔˊ,ㄕㄥˊ ㄔˊ,澠󠇡池,U+6FA0 U+E01E1 U+6C60,澠:IVS+1,
名不見經傳,ㄇㄧㄥˊ ㄅㄨˋ ㄐㄧㄢˋ ㄐㄧㄥ ㄓㄨㄢˋ,ㄇㄧㄥˊ ㄅㄨˋ ㄐㄧㄢˋ ㄐㄧㄥ ㄔㄨㄢˊ,名不見經傳󠇡,U+540D U+4E0D U+898B U+7D93 U+50B3 U+E01E1,傳:IVS+1,
名分,ㄇㄧㄥˊ ㄈㄣˋ,ㄇㄧㄥˊ ㄈㄣ,名分󠇡,U+540D U+5206 U+E01E1,分:IVS+1,
名角,ㄇㄧㄥˊ ㄐㄩㄝˊ,ㄇㄧㄥˊ ㄐㄧㄠˇ,名角󠇡,U+540D U+89D2 U+E01E1,角:IVS+1,
名著,ㄇㄧㄥˊ ㄓㄨˋ,ㄇㄧㄥˊ ˙ㄓㄜ,名著󠇡,U+540D U+8457 U+E01E1,著:IVS+1,
名實相符,ㄇㄧㄥˊ ㄕˊ ㄒㄧㄤ ㄈㄨˊ,ㄇㄧㄥˊ ㄕˊ ㄒㄧㄤˋ ㄈㄨˊ,名實相󠇡符,U+540D U+5BE6 U+76F8 U+E01E1 U+7B26,相:IVS+1,
名字,ㄇㄧㄥˊ ˙ㄗ,ㄇㄧㄥˊ ㄗˋ,名字󠇡,U+540D U+5B57 U+E01E1,字:IVS+1,
命根子,ㄇㄧㄥˋ ㄍㄣ ˙ㄗ,ㄇㄧㄥˋ ㄍㄣ ㄗˇ,命根子󠇡,U+547D U+6839 U+5B50 U+E01E1,子:IVS+1,
命中,ㄇㄧㄥˋ ㄓㄨㄥˋ,ㄇㄧㄥˋ ㄓㄨㄥ,命中󠇡,U+547D U+4E2D U+E01E1,中:IVS+1,
木頭,ㄇㄨˋ ˙ㄊㄡ,ㄇㄨˋ ㄊㄡˊ,木頭󠇡,U+6728 U+982D U+E01E1,頭:IVS+1,
目不暇給,ㄇㄨˋ ㄅㄨˋ ㄒㄧㄚˊ ㄐㄧˇ,ㄇㄨˋ ㄅㄨˋ ㄒㄧㄚˊ ㄍㄟˇ,目不暇給󠇡,U+76EE U+4E0D U+6687 U+7D66 U+E01E1,給:IVS+1,
目的,ㄇㄨˋ ㄉㄧˋ,ㄇㄨˋ ˙ㄉㄜ,目的󠇢,U+76EE U+7684 U+E01E2,的:IVS+2,
目的地,ㄇㄨˋ ㄉㄧˋ ㄉㄧˋ,ㄇㄨˋ ˙ㄉㄜ ㄉㄧˋ,目的󠇢地,U+76EE U+7684 U+E01E2 U+5730,的:IVS+2,
目空一切,ㄇㄨˋ ㄎㄨㄥ ㄧ ㄑㄧㄝˋ,ㄇㄨˋ ㄎㄨㄥ ㄧ ㄑㄧㄝ,目空一切󠇡,U+76EE U+7A7A U+4E00 U+5207 U+E01E1,切:IVS+1,
目無尊長,ㄇㄨˋ ㄨˊ ㄗㄨㄣ ㄓㄤˇ,ㄇㄨˋ ㄨˊ ㄗㄨㄣ ㄔㄤˊ,目無尊長󠇡,U+76EE U+7121 U+5C0A U+9577 U+E01E1,長:IVS+1,
發難,ㄈㄚ ㄋㄢˋ,ㄈㄚ ㄋㄢˊ,發難󠇡,U+767C U+96E3 U+E01E1,難:IVS+1,
發還,ㄈㄚ ㄏㄨㄢˊ,ㄈㄚ ㄏㄞˊ,發還󠇡,U+767C U+9084 U+E01E1,還:IVS+1,
發噱,ㄈㄚ ㄐㄩㄝˊ,ㄈㄚ ㄒㄩㄝ,發噱󠇡,U+767C U+5671 U+E01E1,噱:IVS+1,
發人深省,ㄈㄚ ㄖㄣˊ ㄕㄣ ㄒㄧㄥˇ,ㄈㄚ ㄖㄣˊ ㄕㄣ ㄕㄥˇ,發人深省󠇡,U+767C U+4EBA U+6DF1 U+7701 U+E01E1,省:IVS+1,
法子,ㄈㄚˊ ˙ㄗ,ㄈㄚˇ ㄗˇ,法󠇡子󠇡,U+6CD5 U+E01E1 U+5B50 U+E01E1,法:IVS+1; 子:IVS+1,
佛頭著糞,ㄈㄛˊ ㄊㄡˊ ㄓㄨㄛˊ ㄈㄣˋ,ㄈㄛˊ ㄊㄡˊ ˙ㄓㄜ ㄈㄣˋ,佛頭著󠇤糞,U+4F5B U+982D U+8457 U+E01E4 U+7CDE,著:IVS+4,
妃子,ㄈㄟ ˙ㄗ,ㄈㄟ ㄗˇ,妃子󠇡,U+5983 U+5B50 U+E01E1,子:IVS+1,
非難,ㄈㄟ ㄋㄢˋ,ㄈㄟ ㄋㄢˊ,非難󠇡,U+975E U+96E3 U+E01E1,難:IVS+1,
飛來橫禍,ㄈㄟ ㄌㄞˊ ㄏㄥˋ ㄏㄨㄛˋ,ㄈㄟ ㄌㄞˊ ㄏㄥˊ ㄏㄨㄛˋ,飛來橫󠇡禍,U+98DB U+4F86 U+6A6B U+E01E1 U+798D,橫:IVS+1,
菲薄,ㄈㄟˇ ㄅㄛˊ,ㄈㄟ ㄅㄛˊ,菲󠇡薄,U+83F2 U+E01E1 U+8584,菲:IVS+1,
費思量,ㄈㄟˋ ㄙ ㄌㄧㄤˊ,ㄈㄟˋ ㄙ ㄌㄧㄤˋ,費思量󠇡,U+8CBB U+601D U+91CF U+E01E1,量:IVS+1,
痱子,ㄈㄟˋ ˙ㄗ,ㄈㄟˋ ㄗˇ,痱子󠇡,U+75F1 U+5B50 U+E01E1,子:IVS+1,
痱子粉,ㄈㄟˋ ˙ㄗ ㄈㄣˇ,ㄈㄟˋ ㄗˇ ㄈㄣˇ,痱子󠇡粉,U+75F1 U+5B50 U+E01E1 U+7C89,子:IVS+1,
翻跟頭,ㄈㄢ ㄍㄣ ˙ㄊㄡ,ㄈㄢ ㄍㄣ ㄊㄡˊ,翻跟頭󠇡,U+7FFB U+8DDF U+982D U+E01E1,頭:IVS+1,
翻江倒海,ㄈㄢ ㄐㄧㄤ ㄉㄠˇ ㄏㄞˇ,ㄈㄢ ㄐㄧㄤ ㄉㄠˋ ㄏㄞˇ,翻江倒󠇡海,U+7FFB U+6C5F U+5012 U+E01E1 U+6D77,倒:IVS+1,
翻箱倒櫃,ㄈㄢ ㄒㄧㄤ ㄉㄠˇ ㄍㄨㄟˋ,ㄈㄢ ㄒㄧㄤ ㄉㄠˋ ㄍㄨㄟˋ,翻箱倒󠇡櫃,U+7FFB U+7BB1 U+5012 U+E01E1 U+6AC3,倒:IVS+1,
煩悶,ㄈㄢˊ ㄇㄣˋ,ㄈㄢˊ ㄇㄣ,煩悶󠇡,U+7169 U+60B6 U+E01E1,悶:IVS+1,
繁盛,ㄈㄢˊ ㄕㄥˋ,ㄈㄢˊ ㄔㄥˊ,繁盛󠇡,U+7E41 U+76DB U+E01E1,盛:IVS+1,
反彈,ㄈㄢˇ ㄊㄢˊ,ㄈㄢˇ ㄉㄢˋ,反彈󠇡,U+53CD U+5F48 U+E01E1,彈:IVS+1,
反躬自省,ㄈㄢˇ ㄍㄨㄥ ㄗˋ ㄒㄧㄥˇ,ㄈㄢˇ ㄍㄨㄥ ㄗˋ ㄕㄥˇ,反躬自省󠇡,U+53CD U+8EAC U+81EA U+7701 U+E01E1,省:IVS+1,
反間,ㄈㄢˇ ㄐㄧㄢˋ,ㄈㄢˇ ㄐㄧㄢ,反間󠇡,U+53CD U+9593 U+E01E1,間:IVS+1,
反切,ㄈㄢˇ ㄑㄧㄝˋ,ㄈㄢˇ ㄑㄧㄝ,反切󠇡,U+53CD U+5207 U+E01E1,切:IVS+1,
反省,ㄈㄢˇ ㄒㄧㄥˇ,ㄈㄢˇ ㄕㄥˇ,反省󠇡,U+53CD U+7701 U+E01E1,省:IVS+1,
反脣相譏,ㄈㄢˇ ㄔㄨㄣˊ ㄒㄧㄤ ㄐㄧ,ㄈㄢˇ ㄔㄨㄣˊ ㄒㄧㄤˋ ㄐㄧ,反脣相󠇡譏,U+53CD U+8123 U+76F8 U+E01E1 U+8B4F,相:IVS+1,
反應,ㄈㄢˇ ㄧㄥˋ,ㄈㄢˇ ㄧㄥ,反應󠇡,U+53CD U+61C9 U+E01E1,應:IVS+1,
返老還童,ㄈㄢˇ ㄌㄠˇ ㄏㄨㄢˊ ㄊㄨㄥˊ,ㄈㄢˇ ㄌㄠˇ ㄏㄞˊ ㄊㄨㄥˊ,返老還󠇡童,U+8FD4 U+8001 U+9084 U+E01E1 U+7AE5,還:IVS+1,
犯不著,ㄈㄢˋ ㄅㄨˋ ㄓㄠˊ,ㄈㄢˋ ㄅㄨˋ ˙ㄓㄜ,犯不著󠇣,U+72AF U+4E0D U+8457 U+E01E3,著:IVS+3,
販子,ㄈㄢˋ ˙ㄗ,ㄈㄢˋ ㄗˇ,販子󠇡,U+8CA9 U+5B50 U+E01E1,子:IVS+1,
分行,ㄈㄣ ㄏㄤˊ,ㄈㄣ ㄒㄧㄥˊ,分行󠇡,U+5206 U+884C U+E01E1,行:IVS+1,
分內,ㄈㄣˋ ㄋㄟˋ,ㄈㄣ ㄋㄟˋ,分󠇡內,U+5206 U+E01E1 U+5167,分:IVS+1,
分量,ㄈㄣˋ ㄌㄧㄤˋ,ㄈㄣ ㄌㄧㄤˋ,分󠇡量,U+5206 U+E01E1 U+91CF,分:IVS+1,
分外,ㄈㄣˋ ㄨㄞˋ,ㄈㄣ ㄨㄞˋ,分󠇡外,U+5206 U+E01E1 U+5916,分:IVS+1,
分外眼紅,ㄈㄣˋ ㄨㄞˋ ㄧㄢˇ ㄏㄨㄥˊ,ㄈㄣ ㄨㄞˋ ㄧㄢˇ ㄏㄨㄥˊ,分󠇡外眼紅,U+5206 U+E01E1 U+5916 U+773C U+7D05,分:IVS+1,
方子,ㄈㄤ ˙ㄗ,ㄈㄤ ㄗˇ,方子󠇡,U+65B9 U+5B50 U+E01E1,子:IVS+1,
防不勝防,ㄈㄤˊ ㄅㄨˋ ㄕㄥ ㄈㄤˊ,ㄈㄤˊ ㄅㄨˋ ㄕㄥˋ ㄈㄤˊ,防不勝󠇡防,U+9632 U+4E0D U+52DD U+E01E1 U+9632,勝:IVS+1,
房子,ㄈㄤˊ ˙ㄗ,ㄈㄤˊ ㄗˇ,房子󠇡,U+623F U+5B50 U+E01E1,子:IVS+1,
彷彿,ㄈㄤˇ ㄈㄨˊ,ㄆㄤˊ ㄈㄨˊ,彷󠇡彿,U+5F77 U+E01E1 U+5F7F,彷:IVS+1,
放鴿子,ㄈㄤˋ ㄍㄜ ˙ㄗ,ㄈㄤˋ ㄍㄜ ㄗˇ,放鴿子󠇡,U+653E U+9D3F U+5B50 U+E01E1,子:IVS+1,
放假,ㄈㄤˋ ㄐㄧㄚˋ,ㄈㄤˋ ㄐㄧㄚˇ,放假󠇡,U+653E U+5047 U+E01E1,假:IVS+1,
風馬牛不相及,ㄈㄥ ㄇㄚˇ ㄋㄧㄡˊ ㄅㄨˋ ㄒㄧㄤ ㄐㄧˊ,ㄈㄥ ㄇㄚˇ ㄋㄧㄡˊ ㄅㄨˋ ㄒㄧㄤˋ ㄐㄧˊ,風馬牛不相󠇡及,U+98A8 U+99AC U+725B U+4E0D U+76F8 U+E01E1 U+53CA,相:IVS+1,
瘋子,ㄈㄥ ˙ㄗ,ㄈㄥ ㄗˇ,瘋子󠇡,U+760B U+5B50 U+E01E1,子:IVS+1,
鋒頭,ㄈㄥ ˙ㄊㄡ,ㄈㄥ ㄊㄡˊ,鋒頭󠇡,U+92D2 U+982D U+E01E1,頭:IVS+1,
豐盛,ㄈㄥ ㄕㄥˋ,ㄈㄥ ㄔㄥˊ,豐盛󠇡,U+8C50 U+76DB U+E01E1,盛:IVS+1,
奉調,ㄈㄥˋ ㄉㄧㄠˋ,ㄈㄥˋ ㄊㄧㄠˊ,奉調󠇡,U+5949 U+8ABF U+E01E1,調:IVS+1,
奉還,ㄈㄥˋ ㄏㄨㄢˊ,ㄈㄥˋ ㄏㄞˊ,奉還󠇡,U+5949 U+9084 U+E01E1,還:IVS+1,
奉養,ㄈㄥˋ ㄧㄤˋ,ㄈㄥˋ ㄧㄤˇ,奉養󠇡,U+5949 U+990A U+E01E1,養:IVS+1,
俸給,ㄈㄥˋ ㄐㄧˇ,ㄈㄥˋ ㄍㄟˇ,俸給󠇡,U+4FF8 U+7D66 U+E01E1,給:IVS+1,
鳳冠,ㄈㄥˋ ㄍㄨㄢ,ㄈㄥˋ ㄍㄨㄢˋ,鳳冠󠇡,U+9CF3 U+51A0 U+E01E1,冠:IVS+1,
縫隙,ㄈㄥˋ ㄒㄧˋ,ㄈㄥˊ ㄒㄧˋ,縫󠇡隙,U+7E2B U+E01E1 U+9699,縫:IVS+1,
敷衍了事,ㄈㄨ ㄧㄢˇ ㄌㄧㄠˇ ㄕˋ,ㄈㄨ ㄧㄢˇ ˙ㄌㄜ ㄕˋ,敷衍了󠇡事,U+6577 U+884D U+4E86 U+E01E1 U+4E8B,了:IVS+1,
敷衍塞責,ㄈㄨ ㄧㄢˇ ㄙㄜˋ ㄗㄜˊ,ㄈㄨ ㄧㄢˇ ㄙㄞ ㄗㄜˊ,敷衍塞󠇡責,U+6577 U+884D U+585E U+E01E1 U+8CAC,塞:IVS+1,
服務處,ㄈㄨˊ ㄨˋ ㄔㄨˋ,ㄈㄨˊ ㄨˋ ㄔㄨˇ,服務處󠇡,U+670D U+52D9 U+8655 U+E01E1,處:IVS+1,
福分,ㄈㄨˊ ㄈㄣˋ,ㄈㄨˊ ㄈㄣ,福分󠇡,U+798F U+5206 U+E01E1,分:IVS+1,
斧頭,ㄈㄨˇ ˙ㄊㄡ,ㄈㄨˇ ㄊㄡˊ,斧頭󠇡,U+65A7 U+982D U+E01E1,頭:IVS+1,
拊膺切齒,ㄈㄨˇ ㄧㄥ ㄑㄧㄝˋ ㄔˇ,ㄈㄨˇ ㄧㄥ ㄑㄧㄝ ㄔˇ,拊膺切󠇡齒,U+62CA U+81BA U+5207 U+E01E1 U+9F52,切:IVS+1,
附和,ㄈㄨˋ ㄏㄜˋ,ㄈㄨˋ ㄏㄜˊ,附和󠇢,U+9644 U+548C U+E01E2,和:IVS+2,
附著,ㄈㄨˋ ㄓㄨㄛˊ,ㄈㄨˋ ˙ㄓㄜ,附著󠇤,U+9644 U+8457 U+E01E4,著:IVS+4,
負荷,ㄈㄨˋ ㄏㄜˋ,ㄈㄨˋ ㄏㄜˊ,負荷󠇡,U+8CA0 U+8377 U+E01E1,荷:IVS+1,
負成長,ㄈㄨˋ ㄔㄥˊ ㄓㄤˇ,ㄈㄨˋ ㄔㄥˊ ㄔㄤˊ,負成長󠇡,U+8CA0 U+6210 U+9577 U+E01E1,長:IVS+1,
副會長,ㄈㄨˋ ㄏㄨㄟˋ ㄓㄤˇ,ㄈㄨˋ ㄏㄨㄟˋ ㄔㄤˊ,副會長󠇡,U+526F U+6703 U+9577 U+E01E1,長:IVS+1,
副署,ㄈㄨˋ ㄕㄨˋ,ㄈㄨˋ ㄕㄨˇ,副署󠇡,U+526F U+7F72 U+E01E1,署:IVS+1,
富而好禮,ㄈㄨˋ ㄦˊ ㄏㄠˋ ㄌㄧˇ,ㄈㄨˋ ㄦˊ ㄏㄠˇ ㄌㄧˇ,富而好󠇡禮,U+5BCC U+800C U+597D U+E01E1 U+79AE,好:IVS+1,
覆沒,ㄈㄨˋ ㄇㄛˋ,ㄈㄨˋ ㄇㄟˊ,覆沒󠇡,U+8986 U+6C92 U+E01E1,沒:IVS+1,
答理,ㄉㄚ ㄌㄧˇ,ㄉㄚˊ ㄌㄧˇ,答󠇡理,U+7B54 U+E01E1 U+7406,答:IVS+1,
答腔,ㄉㄚ ㄑㄧㄤ,ㄉㄚˊ ㄑㄧㄤ,答󠇡腔,U+7B54 U+E01E1 U+8154,答:IVS+1,
答應,ㄉㄚ ㄧㄥˋ,ㄉㄚˊ ㄧㄥ,答󠇡應󠇡,U+7B54 U+E01E1 U+61C9 U+E01E1,答:IVS+1; 應:IVS+1,
答允,ㄉㄚ ㄩㄣˇ,ㄉㄚˊ ㄩㄣˇ,答󠇡允,U+7B54 U+E01E1 U+5141,答:IVS+1,
搭調,ㄉㄚ ㄉㄧㄠˋ,ㄉㄚ ㄊㄧㄠˊ,搭調󠇡,U+642D U+8ABF U+E01E1,調:IVS+1,
達賴喇嘛,ㄉㄚˊ ㄌㄞˋ ㄌㄚˇ ˙ㄇㄚ,ㄉㄚˊ ㄌㄞˋ ㄌㄚˇ ㄇㄚˊ,達賴喇嘛󠇡,U+9054 U+8CF4 U+5587 U+561B U+E01E1,嘛:IVS+1,
打麻將,ㄉㄚˇ ㄇㄚˊ ㄐㄧㄤˋ,ㄉㄚˇ ㄇㄚˊ ㄐㄧㄤ,打麻將󠇡,U+6253 U+9EBB U+5C07 U+E01E1,將:IVS+1,
打馬虎眼,ㄉㄚˇ ㄇㄚˇ ㄏㄨ ㄧㄢˇ,ㄉㄚˇ ㄇㄚˇ ㄏㄨˇ ㄧㄢˇ,打馬虎󠇡眼,U+6253 U+99AC U+864E U+E01E1 U+773C,虎:IVS+1,
打倒,ㄉㄚˇ ㄉㄠˇ,ㄉㄚˇ ㄉㄠˋ,打倒󠇡,U+6253 U+5012 U+E01E1,倒:IVS+1,
打地鋪,ㄉㄚˇ ㄉㄧˋ ㄆㄨˋ,ㄉㄚˇ ㄉㄧˋ ㄆㄨ,打地鋪󠇡,U+6253 U+5730 U+92EA U+E01E1,鋪:IVS+1,
打更,ㄉㄚˇ ㄍㄥ,ㄉㄚˇ ㄍㄥˋ,打更󠇡,U+6253 U+66F4 U+E01E1,更:IVS+1,
打擊樂,ㄉㄚˇ ㄐㄧˊ ㄩㄝˋ,ㄉㄚˇ ㄐㄧˊ ㄌㄜˋ,打擊樂󠇡,U+6253 U+64CA U+6A02 U+E01E1,樂:IVS+1,
打擊樂器,ㄉㄚˇ ㄐㄧˊ ㄩㄝˋ ㄑㄧˋ,ㄉㄚˇ ㄐㄧˊ ㄌㄜˋ ㄑㄧˋ,打擊樂󠇡器,U+6253 U+64CA U+6A02 U+E01E1 U+5668,樂:IVS+1,
打轉,ㄉㄚˇ ㄓㄨㄢˋ,ㄉㄚˇ ㄓㄨㄢˇ,打轉󠇡,U+6253 U+8F49 U+E01E1,轉:IVS+1,
打中,ㄉㄚˇ ㄓㄨㄥˋ,ㄉㄚˇ ㄓㄨㄥ,打中󠇡,U+6253 U+4E2D U+E01E1,中:IVS+1,
大脖子,ㄉㄚˋ ㄅㄛˊ ˙ㄗ,ㄉㄚˋ ㄅㄛˊ ㄗˇ,大脖子󠇡,U+5927 U+8116 U+5B50 U+E01E1,子:IVS+1,
大半輩子,ㄉㄚˋ ㄅㄢˋ ㄅㄟˋ ˙ㄗ,ㄉㄚˋ ㄅㄢˋ ㄅㄟˋ ㄗˇ,大半輩子󠇡,U+5927 U+534A U+8F29 U+5B50 U+E01E1,子:IVS+1,
大不了,ㄉㄚˋ ㄅㄨˋ ㄌㄧㄠˇ,ㄉㄚˋ ㄅㄨˋ ˙ㄌㄜ,大不了󠇡,U+5927 U+4E0D U+4E86 U+E01E1,了:IVS+1,
大不相同,ㄉㄚˋ ㄅㄨˋ ㄒㄧㄤ ㄊㄨㄥˊ,ㄉㄚˋ ㄅㄨˋ ㄒㄧㄤˋ ㄊㄨㄥˊ,大不相󠇡同,U+5927 U+4E0D U+76F8 U+E01E1 U+540C,相:IVS+1,
大部分,ㄉㄚˋ ㄅㄨˋ ㄈㄣˋ,ㄉㄚˋ ㄅㄨˋ ㄈㄣ,大部分󠇡,U+5927 U+90E8 U+5206 U+E01E1,分:IVS+1,
大腹便便,ㄉㄚˋ ㄈㄨˋ ㄆㄧㄢˊ ㄆㄧㄢˊ,ㄉㄚˋ ㄈㄨˋ ㄅㄧㄢˋ ㄅㄧㄢˋ,大腹便󠇡便󠇡,U+5927 U+8179 U+4FBF U+E01E1 U+4FBF U+E01E1,便:IVS+1; 便:IVS+1,
大地重生,ㄉㄚˋ ㄉㄧˋ ㄔㄨㄥˊ ㄕㄥ,ㄉㄚˋ ㄉㄧˋ ㄓㄨㄥˋ ㄕㄥ,大地重󠇡生,U+5927 U+5730 U+91CD U+E01E1 U+751F,重:IVS+1,
大調,ㄉㄚˋ ㄉㄧㄠˋ,ㄉㄚˋ ㄊㄧㄠˊ,大調󠇡,U+5927 U+8ABF U+E01E1,調:IVS+1,
大肚子,ㄉㄚˋ ㄉㄨˋ ˙ㄗ,ㄉㄚˋ ㄉㄨˋ ㄗˇ,大肚子󠇡,U+5927 U+809A U+5B50 U+E01E1,子:IVS+1,
大難,ㄉㄚˋ ㄋㄢˋ,ㄉㄚˋ ㄋㄢˊ,大難󠇡,U+5927 U+96E3 U+E01E1,難:IVS+1,
大難不死,ㄉㄚˋ ㄋㄢˋ ㄅㄨˋ ㄙˇ,ㄉㄚˋ ㄋㄢˊ ㄅㄨˋ ㄙˇ,大難󠇡不死,U+5927 U+96E3 U+E01E1 U+4E0D U+6B7B,難:IVS+1,
大難臨頭,ㄉㄚˋ ㄋㄢˋ ㄌㄧㄣˊ ㄊㄡˊ,ㄉㄚˋ ㄋㄢˊ ㄌㄧㄣˊ ㄊㄡˊ,大難󠇡臨頭,U+5927 U+96E3 U+E01E1 U+81E8 U+982D,難:IVS+1,
大剌剌,ㄉㄚˋ ㄌㄚˋ ㄌㄚˋ,ㄉㄚˋ ㄌㄚˊ ㄌㄚˊ,大剌󠇡剌󠇡,U+5927 U+524C U+E01E1 U+524C U+E01E1,剌:IVS+1; 剌:IVS+1,
大個子,ㄉㄚˋ ㄍㄜˋ ˙ㄗ,ㄉㄚˋ ㄍㄜˋ ㄗˇ,大個子󠇡,U+5927 U+500B U+5B50 U+E01E1,子:IVS+1,
大個兒,ㄉㄚˋ ㄍㄜˋ ㄦ,ㄉㄚˋ ㄍㄜˋ ㄦˊ,大個兒󠇡,U+5927 U+500B U+5152 U+E01E1,兒:IVS+1,
大鬍子,ㄉㄚˋ ㄏㄨˊ ˙ㄗ,ㄉㄚˋ ㄏㄨˊ ㄗˇ,大鬍子󠇡,U+5927 U+9B0D U+5B50 U+E01E1,子:IVS+1,
大家長,ㄉㄚˋ ㄐㄧㄚ ㄓㄤˇ,ㄉㄚˋ ㄐㄧㄚ ㄔㄤˊ,大家長󠇡,U+5927 U+5BB6 U+9577 U+E01E1,長:IVS+1,
大舅子,ㄉㄚˋ ㄐㄧㄡˋ ˙ㄗ,ㄉㄚˋ ㄐㄧㄡˋ ㄗˇ,大舅子󠇡,U+5927 U+8205 U+5B50 U+E01E1,子:IVS+1,
大將,ㄉㄚˋ ㄐㄧㄤˋ,ㄉㄚˋ ㄐㄧㄤ,大將󠇡,U+5927 U+5C07 U+E01E1,將:IVS+1,
大將之風,ㄉㄚˋ ㄐㄧㄤˋ ㄓ ㄈㄥ,ㄉㄚˋ ㄐㄧㄤ ㄓ ㄈㄥ,大將󠇡之風,U+5927 U+5C07 U+E01E1 U+4E4B U+98A8,將:IVS+1,
大相逕庭,ㄉㄚˋ ㄒㄧㄤ ㄐㄧㄥˋ ㄊㄧㄥˊ,ㄉㄚˋ ㄒㄧㄤˋ ㄐㄧㄥˋ ㄊㄧㄥˊ,大相󠇡逕庭,U+5927 U+76F8 U+E01E1 U+9015 U+5EAD,相:IVS+1,
大出風頭,ㄉㄚˋ ㄔㄨ ㄈㄥ ˙ㄊㄡ,ㄉㄚˋ ㄔㄨ ㄈㄥ ㄊㄡˊ,大出風頭󠇡,U+5927 U+51FA U+98A8 U+982D U+E01E1,頭:IVS+1,
大出鋒頭,ㄉㄚˋ ㄔㄨ ㄈㄥ ˙ㄊㄡ,ㄉㄚˋ ㄔㄨ ㄈㄥ ㄊㄡˊ,大出鋒頭󠇡,U+5927 U+51FA U+92D2 U+982D U+E01E1,頭:IVS+1,
大舌頭,ㄉㄚˋ ㄕㄜˊ ˙ㄊㄡ,ㄉㄚˋ ㄕㄜˊ ㄊㄡˊ,大舌頭󠇡,U+5927 U+820C U+982D U+E01E1,頭:IVS+1,
大乘經典,ㄉㄚˋ ㄕㄥˋ ㄐㄧㄥ ㄉㄧㄢˇ,ㄉㄚˋ ㄔㄥˊ ㄐㄧㄥ ㄉㄧㄢˇ,大乘󠇡經典,U+5927 U+4E58 U+E01E1 U+7D93 U+5178,乘:IVS+1,
大災難,ㄉㄚˋ ㄗㄞ ㄋㄢˋ,ㄉㄚˋ ㄗㄞ ㄋㄢˊ,大災難󠇡,U+5927 U+707D U+96E3 U+E01E1,難:IVS+1,
大而無當,ㄉㄚˋ ㄦˊ ㄨˊ ㄉㄤˋ,ㄉㄚˋ ㄦˊ ㄨˊ ㄉㄤ,大而無當󠇡,U+5927 U+800C U+7121 U+7576 U+E01E1,當:IVS+1,
大有來頭,ㄉㄚˋ ㄧㄡˇ ㄌㄞˊ ˙ㄊㄡ,ㄉㄚˋ ㄧㄡˇ ㄌㄞˊ ㄊㄡˊ,大有來頭󠇡,U+5927 U+6709 U+4F86 U+982D U+E01E1,頭:IVS+1,
大宛,ㄉㄚˋ ㄩㄢ,ㄉㄚˋ ㄨㄢˇ,大宛󠇡,U+5927 U+5B9B U+E01E1,宛:IVS+1,
得當,ㄉㄜˊ ㄉㄤˋ,ㄉㄜˊ ㄉㄤ,得當󠇡,U+5F97 U+7576 U+E01E1,當:IVS+1,
得心應手,ㄉㄜˊ ㄒㄧㄣ ㄧㄥˋ ㄕㄡˇ,ㄉㄜˊ ㄒㄧㄣ ㄧㄥ ㄕㄡˇ,得心應󠇡手,U+5F97 U+5FC3 U+61C9 U+E01E1 U+624B,應:IVS+1,
呆子,ㄉㄞ ˙ㄗ,ㄉㄞ ㄗˇ,呆子󠇡,U+5446 U+5B50 U+E01E1,子:IVS+1,
大夫,ㄉㄞˋ ㄈㄨ,ㄉㄚˋ ㄈㄨ,大󠇡夫,U+5927 U+E01E1 U+592B,大:IVS+1,
代代相傳,ㄉㄞˋ ㄉㄞˋ ㄒㄧㄤ ㄔㄨㄢˊ,ㄉㄞˋ ㄉㄞˋ ㄒㄧㄤˋ ㄔㄨㄢˊ,代代相󠇡傳,U+4EE3 U+4EE3 U+76F8 U+E01E1 U+50B3,相:IVS+1,
袋子,ㄉㄞˋ ˙ㄗ,ㄉㄞˋ ㄗˇ,袋子󠇡,U+888B U+5B50 U+E01E1,子:IVS+1,
駘蕩,ㄉㄞˋ ㄉㄤˋ,ㄊㄞˊ ㄉㄤˋ,駘󠇡蕩,U+99D8 U+E01E1 U+8569,駘:IVS+1,
帶子,ㄉㄞˋ ˙ㄗ,ㄉㄞˋ ㄗˇ,帶子󠇡,U+5E36 U+5B50 U+E01E1,子:IVS+1,
刀子,ㄉㄠ ˙ㄗ,ㄉㄠ ㄗˇ,刀子󠇡,U+5200 U+5B50 U+E01E1,子:IVS+1,
倒閉,ㄉㄠˇ ㄅㄧˋ,ㄉㄠˋ ㄅㄧˋ,倒󠇡閉,U+5012 U+E01E1 U+9589,倒:IVS+1,
倒斃,ㄉㄠˇ ㄅㄧˋ,ㄉㄠˋ ㄅㄧˋ,倒󠇡斃,U+5012 U+E01E1 U+6583,倒:IVS+1,
倒楣,ㄉㄠˇ ㄇㄟˊ,ㄉㄠˋ ㄇㄟˊ,倒󠇡楣,U+5012 U+E01E1 U+6963,倒:IVS+1,
倒楣相,ㄉㄠˇ ㄇㄟˊ ㄒㄧㄤˋ,ㄉㄠˋ ㄇㄟˊ ㄒㄧㄤˋ,倒󠇡楣相,U+5012 U+E01E1 U+6963 U+76F8,倒:IVS+1,
倒霉,ㄉㄠˇ ㄇㄟˊ,ㄉㄠˋ ㄇㄟˊ,倒󠇡霉,U+5012 U+E01E1 U+9709,倒:IVS+1,
倒店,ㄉㄠˇ ㄉㄧㄢˋ,ㄉㄠˋ ㄉㄧㄢˋ,倒󠇡店,U+5012 U+E01E1 U+5E97,倒:IVS+1,
倒塌,ㄉㄠˇ ㄊㄚ,ㄉㄠˋ ㄊㄚ,倒󠇡塌,U+5012 U+E01E1 U+584C,倒:IVS+1,
倒頭就睡,ㄉㄠˇ ㄊㄡˊ ㄐㄧㄡˋ ㄕㄨㄟˋ,ㄉㄠˋ ㄊㄡˊ ㄐㄧㄡˋ ㄕㄨㄟˋ,倒󠇡頭就睡,U+5012 U+E01E1 U+982D U+5C31 U+7761,倒:IVS+1,
倒坍,ㄉㄠˇ ㄊㄢ,ㄉㄠˋ ㄊㄢ,倒󠇡坍,U+5012 U+E01E1 U+574D,倒:IVS+1,
倒戈,ㄉㄠˇ ㄍㄜ,ㄉㄠˋ ㄍㄜ,倒󠇡戈,U+5012 U+E01E1 U+6208,倒:IVS+1,
倒閣,ㄉㄠˇ ㄍㄜˊ,ㄉㄠˋ ㄍㄜˊ,倒󠇡閣,U+5012 U+E01E1 U+95A3,倒:IVS+1,
倒會,ㄉㄠˇ ㄏㄨㄟˋ,ㄉㄠˋ ㄏㄨㄟˋ,倒󠇡會,U+5012 U+E01E1 U+6703,倒:IVS+1,
倒債,ㄉㄠˇ ㄓㄞˋ,ㄉㄠˋ ㄓㄞˋ,倒󠇡債,U+5012 U+E01E1 U+50B5,倒:IVS+1,
倒帳,ㄉㄠˇ ㄓㄤˋ,ㄉㄠˋ ㄓㄤˋ,倒󠇡帳,U+5012 U+E01E1 U+5E33,倒:IVS+1,
倒嗓,ㄉㄠˇ ㄙㄤˇ,ㄉㄠˋ ㄙㄤˇ,倒󠇡嗓,U+5012 U+E01E1 U+55D3,倒:IVS+1,
倒胃,ㄉㄠˇ ㄨㄟˋ,ㄉㄠˋ ㄨㄟˋ,倒󠇡胃,U+5012 U+E01E1 U+80C3,倒:IVS+1,
倒胃口,ㄉㄠˇ ㄨㄟˋ ㄎㄡˇ,ㄉㄠˋ ㄨㄟˋ ㄎㄡˇ,倒󠇡胃口,U+5012 U+E01E1 U+80C3 U+53E3,倒:IVS+1,
倒運,ㄉㄠˇ ㄩㄣˋ,ㄉㄠˋ ㄩㄣˋ,倒󠇡運,U+5012 U+E01E1 U+904B,倒:IVS+1,
到處,ㄉㄠˋ ㄔㄨˋ,ㄉㄠˋ ㄔㄨˇ,到處󠇡,U+5230 U+8655 U+E01E1,處:IVS+1,
倒數,ㄉㄠˋ ㄕㄨˇ,ㄉㄠˋ ㄕㄨˋ,倒數󠇡,U+5012 U+6578 U+E01E1,數:IVS+1,
倒數計時,ㄉㄠˋ ㄕㄨˇ ㄐㄧˋ ㄕˊ,ㄉㄠˋ ㄕㄨˋ ㄐㄧˋ ㄕˊ,倒數󠇡計時,U+5012 U+6578 U+E01E1 U+8A08 U+6642,數:IVS+1,
道觀,ㄉㄠˋ ㄍㄨㄢˋ,ㄉㄠˋ ㄍㄨㄢ,道觀󠇡,U+9053 U+89C0 U+E01E1,觀:IVS+1,
道行,ㄉㄠˋ ㄒㄧㄥˋ,ㄉㄠˋ ㄒㄧㄥˊ,道行󠇢,U+9053 U+884C U+E01E2,行:IVS+2,
道長,ㄉㄠˋ ㄓㄤˇ,ㄉㄠˋ ㄔㄤˊ,道長󠇡,U+9053 U+9577 U+E01E1,長:IVS+1,
道藏,ㄉㄠˋ ㄗㄤˋ,ㄉㄠˋ ㄘㄤˊ,道藏󠇡,U+9053 U+85CF U+E01E1,藏:IVS+1,
稻子,ㄉㄠˋ ˙ㄗ,ㄉㄠˋ ㄗˇ,稻子󠇡,U+7A3B U+5B50 U+E01E1,子:IVS+1,
斗杓,ㄉㄡˇ ㄅㄧㄠ,ㄉㄡˇ ㄕㄠˊ,斗杓󠇡,U+6597 U+6753 U+E01E1,杓:IVS+1,
豆子,ㄉㄡˋ ˙ㄗ,ㄉㄡˋ ㄗˇ,豆子󠇡,U+8C46 U+5B50 U+E01E1,子:IVS+1,
痘子,ㄉㄡˋ ˙ㄗ,ㄉㄡˋ ㄗˇ,痘子󠇡,U+75D8 U+5B50 U+E01E1,子:IVS+1,
單調,ㄉㄢ ㄉㄧㄠˋ,ㄉㄢ ㄊㄧㄠˊ,單調󠇡,U+55AE U+8ABF U+E01E1,調:IVS+1,
單相思,ㄉㄢ ㄒㄧㄤ ㄙ,ㄉㄢ ㄒㄧㄤˋ ㄙ,單相󠇡思,U+55AE U+76F8 U+E01E1 U+601D,相:IVS+1,
單子,ㄉㄢ ˙ㄗ,ㄉㄢ ㄗˇ,單子󠇡,U+55AE U+5B50 U+E01E1,子:IVS+1,
儋縣,ㄉㄢ ㄒㄧㄢˋ,ㄉㄢˋ ㄒㄧㄢˋ,儋󠇡縣,U+510B U+E01E1 U+7E23,儋:IVS+1,
撢子,ㄉㄢˇ ˙ㄗ,ㄉㄢˇ ㄗˇ,撢子󠇡,U+64A2 U+5B50 U+E01E1,子:IVS+1,
膽子,ㄉㄢˇ ˙ㄗ,ㄉㄢˇ ㄗˇ,膽子󠇡,U+81BD U+5B50 U+E01E1,子:IVS+1,
旦角,ㄉㄢˋ ㄐㄩㄝˊ,ㄉㄢˋ ㄐㄧㄠˇ,旦角󠇡,U+65E6 U+89D2 U+E01E1,角:IVS+1,
蛋卷,ㄉㄢˋ ㄐㄩㄢˇ,ㄉㄢˋ ㄐㄩㄢˋ,蛋卷󠇡,U+86CB U+5377 U+E01E1,卷:IVS+1,
擔擔麵,ㄉㄢˋ ㄉㄢˋ ㄇㄧㄢˋ,ㄉㄢ ㄉㄢ ㄇㄧㄢˋ,擔󠇡擔󠇡麵,U+64D4 U+E01E1 U+64D4 U+E01E1 U+9EB5,擔:IVS+1; 擔:IVS+1,
擔子,ㄉㄢˋ ˙ㄗ,ㄉㄢ ㄗˇ,擔󠇡子󠇡,U+64D4 U+E01E1 U+5B50 U+E01E1,擔:IVS+1; 子:IVS+1,
擔仔麵,ㄉㄢˋ ㄗˇ ㄇㄧㄢˋ,ㄉㄢ ㄗˇ ㄇㄧㄢˋ,擔󠇡仔麵,U+64D4 U+E01E1 U+4ED4 U+9EB5,擔:IVS+1,
當頭棒喝,ㄉㄤ ㄊㄡˊ ㄅㄤˋ ㄏㄜˋ,ㄉㄤ ㄊㄡˊ ㄅㄤˋ ㄏㄜ,當頭棒喝󠇡,U+7576 U+982D U+68D2 U+559D U+E01E1,喝:IVS+1,
當差,ㄉㄤ ㄔㄞ,ㄉㄤ ㄔㄚ,當差󠇡,U+7576 U+5DEE U+E01E1,差:IVS+1,
當兒,ㄉㄤ ㄦ,ㄉㄤ ㄦˊ,當兒󠇡,U+7576 U+5152 U+E01E1,兒:IVS+1,
當票,ㄉㄤˋ ㄆㄧㄠˋ,ㄉㄤ ㄆㄧㄠˋ,當󠇡票,U+7576 U+E01E1 U+7968,當:IVS+1,
當鋪,ㄉㄤˋ ㄆㄨˋ,ㄉㄤ ㄆㄨ,當󠇡鋪󠇡,U+7576 U+E01E1 U+92EA U+E01E1,當:IVS+1; 鋪:IVS+1,
當掉,ㄉㄤˋ ㄉㄧㄠˋ,ㄉㄤ ㄉㄧㄠˋ,當󠇡掉,U+7576 U+E01E1 U+6389,當:IVS+1,
當機,ㄉㄤˋ ㄐㄧ,ㄉㄤ ㄐㄧ,當󠇡機,U+7576 U+E01E1 U+6A5F,當:IVS+1,
當真,ㄉㄤˋ ㄓㄣ,ㄉㄤ ㄓㄣ,當󠇡真,U+7576 U+E01E1 U+771F,當:IVS+1,
當成,ㄉㄤˋ ㄔㄥˊ,ㄉㄤ ㄔㄥˊ,當󠇡成,U+7576 U+E01E1 U+6210,當:IVS+1,
當作,ㄉㄤˋ ㄗㄨㄛˋ,ㄉㄤ ㄗㄨㄛˋ,當󠇡作,U+7576 U+E01E1 U+4F5C,當:IVS+1,
當做,ㄉㄤˋ ㄗㄨㄛˋ,ㄉㄤ ㄗㄨㄛˋ,當󠇡做,U+7576 U+E01E1 U+505A,當:IVS+1,
等一會兒,ㄉㄥˇ ㄧ ㄏㄨㄟˇ ㄦ,ㄉㄥˇ ㄧ ㄏㄨㄟˋ ㄦˊ,等一會󠇢兒󠇡,U+7B49 U+4E00 U+6703 U+E01E2 U+5152 U+E01E1,會:IVS+2; 兒:IVS+1,
戥子,ㄉㄥˇ ˙ㄗ,ㄉㄥˇ ㄗˇ,戥子󠇡,U+6225 U+5B50 U+E01E1,子:IVS+1,
低調,ㄉㄧ ㄉㄧㄠˋ,ㄉㄧ ㄊㄧㄠˊ,低調󠇡,U+4F4E U+8ABF U+E01E1,調:IVS+1,
滴答,ㄉㄧ ㄉㄚ,ㄉㄧ ㄉㄚˊ,滴答󠇡,U+6EF4 U+7B54 U+E01E1,答:IVS+1,
滴滴答答,ㄉㄧ ㄉㄧ ㄉㄚ ㄉㄚ,ㄉㄧ ㄉㄧ ㄉㄚˊ ㄉㄚˊ,滴滴答󠇡答󠇡,U+6EF4 U+6EF4 U+7B54 U+E01E1 U+7B54 U+E01E1,答:IVS+1; 答:IVS+1,
的當,ㄉㄧˊ ㄉㄤˋ,˙ㄉㄜ ㄉㄤ,的󠇡當󠇡,U+7684 U+E01E1 U+7576 U+E01E1,的:IVS+1; 當:IVS+1,
的確,ㄉㄧˊ ㄑㄩㄝˋ,˙ㄉㄜ ㄑㄩㄝˋ,的󠇡確,U+7684 U+E01E1 U+78BA,的:IVS+1,
笛子,ㄉㄧˊ ˙ㄗ,ㄉㄧˊ ㄗˇ,笛子󠇡,U+7B1B U+5B50 U+E01E1,子:IVS+1,
嫡長子,ㄉㄧˊ ㄓㄤˇ ㄗˇ,ㄉㄧˊ ㄔㄤˊ ㄗˇ,嫡長󠇡子,U+5AE1 U+9577 U+E01E1 U+5B50,長:IVS+1,
底子,ㄉㄧˇ ˙ㄗ,ㄉㄧˇ ㄗˇ,底子󠇡,U+5E95 U+5B50 U+E01E1,子:IVS+1,
地藏王菩薩,ㄉㄧˋ ㄗㄤˋ ㄨㄤˊ ㄆㄨˊ ㄙㄚˋ,ㄉㄧˋ ㄘㄤˊ ㄨㄤˊ ㄆㄨˊ ㄙㄚˋ,地藏󠇡王菩薩,U+5730 U+85CF U+E01E1 U+738B U+83E9 U+85A9,藏:IVS+1,
弟弟,ㄉㄧˋ ˙ㄉㄧ,ㄉㄧˋ ㄉㄧˋ,弟弟󠇡,U+5F1F U+5F1F U+E01E1,弟:IVS+1,
帝都,ㄉㄧˋ ㄉㄨ,ㄉㄧˋ ㄉㄡ,帝都󠇡,U+5E1D U+90FD U+E01E1,都:IVS+1,
遞解,ㄉㄧˋ ㄐㄧㄝˋ,ㄉㄧˋ ㄐㄧㄝˇ,遞解󠇡,U+905E U+89E3 U+E01E1,解:IVS+1,
跌倒,ㄉㄧㄝˊ ㄉㄠˇ,ㄉㄧㄝˊ ㄉㄠˋ,跌倒󠇡,U+8DCC U+5012 U+E01E1,倒:IVS+1,
碟式煞車,ㄉㄧㄝˊ ㄕˋ ㄕㄚ ㄔㄜ,ㄉㄧㄝˊ ㄕˋ ㄕㄚˋ ㄔㄜ,碟式煞󠇡車,U+789F U+5F0F U+715E U+E01E1 U+8ECA,煞:IVS+1,
碟煞,ㄉㄧㄝˊ ㄕㄚ,ㄉㄧㄝˊ ㄕㄚˋ,碟煞󠇡,U+789F U+715E U+E01E1,煞:IVS+1,
碟子,ㄉㄧㄝˊ ˙ㄗ,ㄉㄧㄝˊ ㄗˇ,碟子󠇡,U+789F U+5B50 U+E01E1,子:IVS+1,
弔膀子,ㄉㄧㄠˋ ㄅㄤˋ ˙ㄗ,ㄉㄧㄠˋ ㄅㄤˇ ㄗˇ,弔膀󠇣子󠇡,U+5F14 U+8180 U+E01E3 U+5B50 U+E01E1,膀:IVS+3; 子:IVS+1,
吊嗓子,ㄉㄧㄠˋ ㄙㄤˇ ˙ㄗ,ㄉㄧㄠˋ ㄙㄤˇ ㄗˇ,吊嗓子󠇡,U+540A U+55D3 U+5B50 U+E01E1,子:IVS+1,
調撥,ㄉㄧㄠˋ ㄅㄛ,ㄊㄧㄠˊ ㄅㄛ,調󠇡撥,U+8ABF U+E01E1 U+64A5,調:IVS+1,
調撥車道,ㄉㄧㄠˋ ㄅㄛ ㄔㄜ ㄉㄠˋ,ㄊㄧㄠˊ ㄅㄛ ㄔㄜ ㄉㄠˋ,調󠇡撥車道,U+8ABF U+E01E1 U+64A5 U+8ECA U+9053,調:IVS+1,
調包,ㄉㄧㄠˋ ㄅㄠ,ㄊㄧㄠˊ ㄅㄠ,調󠇡包,U+8ABF U+E01E1 U+5305,調:IVS+1,
調兵遣將,ㄉㄧㄠˋ ㄅㄧㄥ ㄑㄧㄢˇ ㄐㄧㄤˋ,ㄊㄧㄠˊ ㄅㄧㄥ ㄑㄧㄢˇ ㄐㄧㄤ,調󠇡兵遣將󠇡,U+8ABF U+E01E1 U+5175 U+9063 U+5C07 U+E01E1,調:IVS+1; 將:IVS+1,
調派,ㄉㄧㄠˋ ㄆㄞˋ,ㄊㄧㄠˊ ㄆㄞˋ,調󠇡派,U+8ABF U+E01E1 U+6D3E,調:IVS+1,
調調,ㄉㄧㄠˋ ㄉㄧㄠˋ,ㄊㄧㄠˊ ㄊㄧㄠˊ,調󠇡調󠇡,U+8ABF U+E01E1 U+8ABF U+E01E1,調:IVS+1; 調:IVS+1,
調度,ㄉㄧㄠˋ ㄉㄨˋ,ㄊㄧㄠˊ ㄉㄨˋ,調󠇡度,U+8ABF U+E01E1 U+5EA6,調:IVS+1,
調度室,ㄉㄧㄠˋ ㄉㄨˋ ㄕˋ,ㄊㄧㄠˊ ㄉㄨˋ ㄕˋ,調󠇡度室,U+8ABF U+E01E1 U+5EA6 U+5BA4,調:IVS+1,
調動,ㄉㄧㄠˋ ㄉㄨㄥˋ,ㄊㄧㄠˊ ㄉㄨㄥˋ,調󠇡動,U+8ABF U+E01E1 U+52D5,調:IVS+1,
調頭寸,ㄉㄧㄠˋ ㄊㄡˊ ㄘㄨㄣˋ,ㄊㄧㄠˊ ㄊㄡˊ ㄘㄨㄣˋ,調󠇡頭寸,U+8ABF U+E01E1 U+982D U+5BF8,調:IVS+1,
調課,ㄉㄧㄠˋ ㄎㄜˋ,ㄊㄧㄠˊ ㄎㄜˋ,調󠇡課,U+8ABF U+E01E1 U+8AB2,調:IVS+1,
調開,ㄉㄧㄠˋ ㄎㄞ,ㄊㄧㄠˊ ㄎㄞ,調󠇡開,U+8ABF U+E01E1 U+958B,調:IVS+1,
調號,ㄉㄧㄠˋ ㄏㄠˋ,ㄊㄧㄠˊ ㄏㄠˋ,調󠇡號,U+8ABF U+E01E1 U+865F,調:IVS+1,
調虎離山,ㄉㄧㄠˋ ㄏㄨˇ ㄌㄧˊ ㄕㄢ,ㄊㄧㄠˊ ㄏㄨˇ ㄌㄧˊ ㄕㄢ,調󠇡虎離山,U+8ABF U+E01E1 U+864E U+96E2 U+5C71,調:IVS+1,
調換,ㄉㄧㄠˋ ㄏㄨㄢˋ,ㄊㄧㄠˊ ㄏㄨㄢˋ,調󠇡換,U+8ABF U+E01E1 U+63DB,調:IVS+1,
調集,ㄉㄧㄠˋ ㄐㄧˊ,ㄊㄧㄠˊ ㄐㄧˊ,調󠇡集,U+8ABF U+E01E1 U+96C6,調:IVS+1,
調遣,ㄉㄧㄠˋ ㄑㄧㄢˇ,ㄊㄧㄠˊ ㄑㄧㄢˇ,調󠇡遣,U+8ABF U+E01E1 U+9063,調:IVS+1,
調校,ㄉㄧㄠˋ ㄒㄧㄠˋ,ㄊㄧㄠˊ ㄒㄧㄠˋ,調󠇡校,U+8ABF U+E01E1 U+6821,調:IVS+1,
調職,ㄉㄧㄠˋ ㄓˊ,ㄊㄧㄠˊ ㄓˊ,調󠇡職,U+8ABF U+E01E1 U+8077,調:IVS+1,
調駐,ㄉㄧㄠˋ ㄓㄨˋ,ㄊㄧㄠˊ ㄓㄨˋ,調󠇡駐,U+8ABF U+E01E1 U+99D0,調:IVS+1,
調轉,ㄉㄧㄠˋ ㄓㄨㄢˇ,ㄊㄧㄠˊ ㄓㄨㄢˇ,調󠇡轉,U+8ABF U+E01E1 U+8F49,調:IVS+1,
調查,ㄉㄧㄠˋ ㄔㄚˊ,ㄊㄧㄠˊ ㄔㄚˊ,調󠇡查,U+8ABF U+E01E1 U+67E5,調:IVS+1,
調查表,ㄉㄧㄠˋ ㄔㄚˊ ㄅㄧㄠˇ,ㄊㄧㄠˊ ㄔㄚˊ ㄅㄧㄠˇ,調󠇡查表,U+8ABF U+E01E1 U+67E5 U+8868,調:IVS+1,
調查員,ㄉㄧㄠˋ ㄔㄚˊ ㄩㄢˊ,ㄊㄧㄠˊ ㄔㄚˊ ㄩㄢˊ,調󠇡查員,U+8ABF U+E01E1 U+67E5 U+54E1,調:IVS+1,
調車場,ㄉㄧㄠˋ ㄔㄜ ㄔㄤˇ,ㄊㄧㄠˊ ㄔㄜ ㄔㄤˇ,調󠇡車場,U+8ABF U+E01E1 U+8ECA U+5834,調:IVS+1,
調差,ㄉㄧㄠˋ ㄔㄞ,ㄊㄧㄠˊ ㄔㄚ,調󠇡差󠇡,U+8ABF U+E01E1 U+5DEE U+E01E1,調:IVS+1; 差:IVS+1,
調人,ㄉㄧㄠˋ ㄖㄣˊ,ㄊㄧㄠˊ ㄖㄣˊ,調󠇡人,U+8ABF U+E01E1 U+4EBA,調:IVS+1,
調任,ㄉㄧㄠˋ ㄖㄣˋ,ㄊㄧㄠˊ ㄖㄣˋ,調󠇡任,U+8ABF U+E01E1 U+4EFB,調:IVS+1,
調子,ㄉㄧㄠˋ ˙ㄗ,ㄊㄧㄠˊ ㄗˇ,調󠇡子󠇡,U+8ABF U+E01E1 U+5B50 U+E01E1,調:IVS+1; 子:IVS+1,
調閱,ㄉㄧㄠˋ ㄩㄝˋ,ㄊㄧㄠˊ ㄩㄝˋ,調󠇡閱,U+8ABF U+E01E1 U+95B1,調:IVS+1,
調用,ㄉㄧㄠˋ ㄩㄥˋ,ㄊㄧㄠˊ ㄩㄥˋ,調󠇡用,U+8ABF U+E01E1 U+7528,調:IVS+1,
丟三落四,ㄉㄧㄡ ㄙㄢ ㄌㄚˋ ㄙˋ,ㄉㄧㄡ ㄙㄢ ㄌㄨㄛˋ ㄙˋ,丟三落󠇡四,U+4E1F U+4E09 U+843D U+E01E1 U+56DB,落:IVS+1,
顛倒,ㄉㄧㄢ ㄉㄠˇ,ㄉㄧㄢ ㄉㄠˋ,顛倒󠇡,U+985B U+5012 U+E01E1,倒:IVS+1,
顛倒是非,ㄉㄧㄢ ㄉㄠˇ ㄕˋ ㄈㄟ,ㄉㄧㄢ ㄉㄠˋ ㄕˋ ㄈㄟ,顛倒󠇡是非,U+985B U+5012 U+E01E1 U+662F U+975E,倒:IVS+1,
顛顛倒倒,ㄉㄧㄢ ㄉㄧㄢ ㄉㄠˇ ㄉㄠˇ,ㄉㄧㄢ ㄉㄧㄢ ㄉㄠˋ ㄉㄠˋ,顛顛倒󠇡倒󠇡,U+985B U+985B U+5012 U+E01E1 U+5012 U+E01E1,倒:IVS+1; 倒:IVS+1,
顛三倒四,ㄉㄧㄢ ㄙㄢ ㄉㄠˇ ㄙˋ,ㄉㄧㄢ ㄙㄢ ㄉㄠˋ ㄙˋ,顛三倒󠇡四,U+985B U+4E09 U+5012 U+E01E1 U+56DB,倒:IVS+1,
典當,ㄉㄧㄢˇ ㄉㄤˋ,ㄉㄧㄢˇ ㄉㄤ,典當󠇡,U+5178 U+7576 U+E01E1,當:IVS+1,
典獄長,ㄉㄧㄢˇ ㄩˋ ㄓㄤˇ,ㄉㄧㄢˇ ㄩˋ ㄔㄤˊ,典獄長󠇡,U+5178 U+7344 U+9577 U+E01E1,長:IVS+1,
點將錄,ㄉㄧㄢˇ ㄐㄧㄤˋ ㄌㄨˋ,ㄉㄧㄢˇ ㄐㄧㄤ ㄌㄨˋ,點將󠇡錄,U+9EDE U+5C07 U+E01E1 U+9304,將:IVS+1,
點著,ㄉㄧㄢˇ ㄓㄠˊ,ㄉㄧㄢˇ ˙ㄓㄜ,點著󠇣,U+9EDE U+8457 U+E01E3,著:IVS+3,
點子,ㄉㄧㄢˇ ˙ㄗ,ㄉㄧㄢˇ ㄗˇ,點子󠇡,U+9EDE U+5B50 U+E01E1,子:IVS+1,
店鋪,ㄉㄧㄢˋ ㄆㄨˋ,ㄉㄧㄢˋ ㄆㄨ,店鋪󠇡,U+5E97 U+92EA U+E01E1,鋪:IVS+1,
店長,ㄉㄧㄢˋ ㄓㄤˇ,ㄉㄧㄢˋ ㄔㄤˊ,店長󠇡,U+5E97 U+9577 U+E01E1,長:IVS+1,
電腦合成樂,ㄉㄧㄢˋ ㄋㄠˇ ㄏㄜˊ ㄔㄥˊ ㄩㄝˋ,ㄉㄧㄢˋ ㄋㄠˇ ㄏㄜˊ ㄔㄥˊ ㄌㄜˋ,電腦合成樂󠇡,U+96FB U+8166 U+5408 U+6210 U+6A02 U+E01E1,樂:IVS+1,
電腦音樂,ㄉㄧㄢˋ ㄋㄠˇ ㄧㄣ ㄩㄝˋ,ㄉㄧㄢˋ ㄋㄠˇ ㄧㄣ ㄌㄜˋ,電腦音樂󠇡,U+96FB U+8166 U+97F3 U+6A02 U+E01E1,樂:IVS+1,
電荷,ㄉㄧㄢˋ ㄏㄜˋ,ㄉㄧㄢˋ ㄏㄜˊ,電荷󠇡,U+96FB U+8377 U+E01E1,荷:IVS+1,
電鑽,ㄉㄧㄢˋ ㄗㄨㄢˋ,ㄉㄧㄢˋ ㄗㄨㄢ,電鑽󠇡,U+96FB U+947D U+E01E1,鑽:IVS+1,
墊子,ㄉㄧㄢˋ ˙ㄗ,ㄉㄧㄢˋ ㄗˇ,墊子󠇡,U+588A U+5B50 U+E01E1,子:IVS+1,
釘子,ㄉㄧㄥ ˙ㄗ,ㄉㄧㄥ ㄗˇ,釘子󠇡,U+91D8 U+5B50 U+E01E1,子:IVS+1,
耵聹,ㄉㄧㄥˇ ㄋㄧㄥˊ,ㄊㄧㄥ ㄋㄧㄥˊ,耵󠇡聹,U+8035 U+E01E1 U+8079,耵:IVS+1,
鼎力相助,ㄉㄧㄥˇ ㄌㄧˋ ㄒㄧㄤ ㄓㄨˋ,ㄉㄧㄥˇ ㄌㄧˋ ㄒㄧㄤˋ ㄓㄨˋ,鼎力相󠇡助,U+9F0E U+529B U+76F8 U+E01E1 U+52A9,相:IVS+1,
鼎盛,ㄉㄧㄥˇ ㄕㄥˋ,ㄉㄧㄥˇ ㄔㄥˊ,鼎盛󠇡,U+9F0E U+76DB U+E01E1,盛:IVS+1,
定都,ㄉㄧㄥˋ ㄉㄨ,ㄉㄧㄥˋ ㄉㄡ,定都󠇡,U+5B9A U+90FD U+E01E1,都:IVS+1,
定省,ㄉㄧㄥˋ ㄒㄧㄥˇ,ㄉㄧㄥˋ ㄕㄥˇ,定省󠇡,U+5B9A U+7701 U+E01E1,省:IVS+1,
釘書機,ㄉㄧㄥˋ ㄕㄨ ㄐㄧ,ㄉㄧㄥ ㄕㄨ ㄐㄧ,釘󠇡書機,U+91D8 U+E01E1 U+66F8 U+6A5F,釘:IVS+1,
都馬調,ㄉㄨ ㄇㄚˇ ㄉㄧㄠˋ,ㄉㄡ ㄇㄚˇ ㄊㄧㄠˊ,都󠇡馬調󠇡,U+90FD U+E01E1 U+99AC U+8ABF U+E01E1,都:IVS+1; 調:IVS+1,
都會,ㄉㄨ ㄏㄨㄟˋ,ㄉㄡ ㄏㄨㄟˋ,都󠇡會,U+90FD U+E01E1 U+6703,都:IVS+1,
都城,ㄉㄨ ㄔㄥˊ,ㄉㄡ ㄔㄥˊ,都󠇡城,U+90FD U+E01E1 U+57CE,都:IVS+1,
都市,ㄉㄨ ㄕˋ,ㄉㄡ ㄕˋ,都󠇡市,U+90FD U+E01E1 U+5E02,都:IVS+1,
都市病,ㄉㄨ ㄕˋ ㄅㄧㄥˋ,ㄉㄡ ㄕˋ ㄅㄧㄥˋ,都󠇡市病,U+90FD U+E01E1 U+5E02 U+75C5,都:IVS+1,
都市化,ㄉㄨ ㄕˋ ㄏㄨㄚˋ,ㄉㄡ ㄕˋ ㄏㄨㄚˋ,都󠇡市化,U+90FD U+E01E1 U+5E02 U+5316,都:IVS+1,
都市計畫,ㄉㄨ ㄕˋ ㄐㄧˋ ㄏㄨㄚˋ,ㄉㄡ ㄕˋ ㄐㄧˋ ㄏㄨㄚˋ,都󠇡市計畫,U+90FD U+E01E1 U+5E02 U+8A08 U+756B,都:IVS+1,
堵塞,ㄉㄨˇ ㄙㄜˋ,ㄉㄨˇ ㄙㄞ,堵塞󠇡,U+5835 U+585E U+E01E1,塞:IVS+1,
杜塞,ㄉㄨˋ ㄙㄜˋ,ㄉㄨˋ ㄙㄞ,杜塞󠇡,U+675C U+585E U+E01E1,塞:IVS+1,
度假,ㄉㄨˋ ㄐㄧㄚˋ,ㄉㄨˋ ㄐㄧㄚˇ,度假󠇡,U+5EA6 U+5047 U+E01E1,假:IVS+1,
度假勝地,ㄉㄨˋ ㄐㄧㄚˋ ㄕㄥˋ ㄉㄧˋ,ㄉㄨˋ ㄐㄧㄚˇ ㄕㄥˋ ㄉㄧˋ,度假󠇡勝地,U+5EA6 U+5047 U+E01E1 U+52DD U+5730,假:IVS+1,
度假村,ㄉㄨˋ ㄐㄧㄚˋ ㄘㄨㄣ,ㄉㄨˋ ㄐㄧㄚˇ ㄘㄨㄣ,度假󠇡村,U+5EA6 U+5047 U+E01E1 U+6751,假:IVS+1,
多難,ㄉㄨㄛ ㄋㄢˋ,ㄉㄨㄛ ㄋㄢˊ,多難󠇡,U+591A U+96E3 U+E01E1,難:IVS+1,
多難興邦,ㄉㄨㄛ ㄋㄢˋ ㄒㄧㄥ ㄅㄤ,ㄉㄨㄛ ㄋㄢˊ ㄒㄧㄥ ㄅㄤ,多難󠇡興邦,U+591A U+96E3 U+E01E1 U+8208 U+90A6,難:IVS+1,
多重,ㄉㄨㄛ ㄔㄨㄥˊ,ㄉㄨㄛ ㄓㄨㄥˋ,多重󠇡,U+591A U+91CD U+E01E1,重:IVS+1,
多重性格,ㄉㄨㄛ ㄔㄨㄥˊ ㄒㄧㄥˋ ㄍㄜˊ,ㄉㄨㄛ ㄓㄨㄥˋ ㄒㄧㄥˋ ㄍㄜˊ,多重󠇡性格,U+591A U+91CD U+E01E1 U+6027 U+683C,重:IVS+1,
多重人格,ㄉㄨㄛ ㄔㄨㄥˊ ㄖㄣˊ ㄍㄜˊ,ㄉㄨㄛ ㄓㄨㄥˋ ㄖㄣˊ ㄍㄜˊ,多重󠇡人格,U+591A U+91CD U+E01E1 U+4EBA U+683C,重:IVS+1,
多災多難,ㄉㄨㄛ ㄗㄞ ㄉㄨㄛ ㄋㄢˋ,ㄉㄨㄛ ㄗㄞ ㄉㄨㄛ ㄋㄢˊ,多災多難󠇡,U+591A U+707D U+591A U+96E3 U+E01E1,難:IVS+1,
躲不了,ㄉㄨㄛˇ ㄅㄨˋ ㄌㄧㄠˇ,ㄉㄨㄛˇ ㄅㄨˋ ˙ㄌㄜ,躲不了󠇡,U+8EB2 U+4E0D U+4E86 U+E01E1,了:IVS+1,
隊長,ㄉㄨㄟˋ ㄓㄤˇ,ㄉㄨㄟˋ ㄔㄤˊ,隊長󠇡,U+968A U+9577 U+E01E1,長:IVS+1,
對調,ㄉㄨㄟˋ ㄉㄧㄠˋ,ㄉㄨㄟˋ ㄊㄧㄠˊ,對調󠇡,U+5C0D U+8ABF U+E01E1,調:IVS+1,
對牛彈琴,ㄉㄨㄟˋ ㄋㄧㄡˊ ㄊㄢˊ ㄑㄧㄣˊ,ㄉㄨㄟˋ ㄋㄧㄡˊ ㄉㄢˋ ㄑㄧㄣˊ,對牛彈󠇡琴,U+5C0D U+725B U+5F48 U+E01E1 U+7434,彈:IVS+1,
對稱,ㄉㄨㄟˋ ㄔㄥˋ,ㄉㄨㄟˋ ㄔㄥ,對稱󠇡,U+5C0D U+7A31 U+E01E1,稱:IVS+1,
對子,ㄉㄨㄟˋ ˙ㄗ,ㄉㄨㄟˋ ㄗˇ,對子󠇡,U+5C0D U+5B50 U+E01E1,子:IVS+1,
對應,ㄉㄨㄟˋ ㄧㄥˋ,ㄉㄨㄟˋ ㄧㄥ,對應󠇡,U+5C0D U+61C9 U+E01E1,應:IVS+1,
端盤子,ㄉㄨㄢ ㄆㄢˊ ˙ㄗ,ㄉㄨㄢ ㄆㄢˊ ㄗˇ,端盤子󠇡,U+7AEF U+76E4 U+5B50 U+E01E1,子:IVS+1,
端的,ㄉㄨㄢ ㄉㄧˋ,ㄉㄨㄢ ˙ㄉㄜ,端的󠇢,U+7AEF U+7684 U+E01E2,的:IVS+2,
端架子,ㄉㄨㄢ ㄐㄧㄚˋ ˙ㄗ,ㄉㄨㄢ ㄐㄧㄚˋ ㄗˇ,端架子󠇡,U+7AEF U+67B6 U+5B50 U+E01E1,子:IVS+1,
短兵相接,ㄉㄨㄢˇ ㄅㄧㄥ ㄒㄧㄤ ㄐㄧㄝ,ㄉㄨㄢˇ ㄅㄧㄥ ㄒㄧㄤˋ ㄐㄧㄝ,短兵相󠇡接,U+77ED U+5175 U+76F8 U+E01E1 U+63A5,相:IVS+1,
短處,ㄉㄨㄢˇ ㄔㄨˋ,ㄉㄨㄢˇ ㄔㄨˇ,短處󠇡,U+77ED U+8655 U+E01E1,處:IVS+1,
燉煌,ㄉㄨㄣ ㄏㄨㄤˊ,ㄉㄨㄣˋ ㄏㄨㄤˊ,燉󠇡煌,U+71C9 U+E01E1 U+714C,燉:IVS+1,
東倒西歪,ㄉㄨㄥ ㄉㄠˇ ㄒㄧ ㄨㄞ,ㄉㄨㄥ ㄉㄠˋ ㄒㄧ ㄨㄞ,東倒󠇡西歪,U+6771 U+5012 U+E01E1 U+897F U+6B6A,倒:IVS+1,
東都,ㄉㄨㄥ ㄉㄨ,ㄉㄨㄥ ㄉㄡ,東都󠇡,U+6771 U+90FD U+E01E1,都:IVS+1,
東鱗西爪,ㄉㄨㄥ ㄌㄧㄣˊ ㄒㄧ ㄓㄠˇ,ㄉㄨㄥ ㄌㄧㄣˊ ㄒㄧ ㄓㄨㄚˇ,東鱗西爪󠇡,U+6771 U+9C57 U+897F U+722A U+E01E1,爪:IVS+1,
東莞縣,ㄉㄨㄥ ㄍㄨㄢˇ ㄒㄧㄢˋ,ㄉㄨㄥ ㄨㄢˇ ㄒㄧㄢˋ,東莞󠇡縣,U+6771 U+839E U+E01E1 U+7E23,莞:IVS+1,
東轉西晃,ㄉㄨㄥ ㄓㄨㄢˋ ㄒㄧ ㄏㄨㄤˋ,ㄉㄨㄥ ㄓㄨㄢˇ ㄒㄧ ㄏㄨㄤˋ,東轉󠇡西晃,U+6771 U+8F49 U+E01E1 U+897F U+6643,轉:IVS+1,
董事長,ㄉㄨㄥˇ ㄕˋ ㄓㄤˇ,ㄉㄨㄥˇ ㄕˋ ㄔㄤˊ,董事長󠇡,U+8463 U+4E8B U+9577 U+E01E1,長:IVS+1,
恫嚇,ㄉㄨㄥˋ ㄏㄜˋ,ㄉㄨㄥˋ ㄒㄧㄚˋ,恫嚇󠇡,U+606B U+5687 U+E01E1,嚇:IVS+1,
動彈不得,ㄉㄨㄥˋ ㄊㄢˊ ㄅㄨˋ ㄉㄜˊ,ㄉㄨㄥˋ ㄉㄢˋ ㄅㄨˋ ㄉㄜˊ,動彈󠇡不得,U+52D5 U+5F48 U+E01E1 U+4E0D U+5F97,彈:IVS+1,
他倆,ㄊㄚ ㄌㄧㄚˇ,ㄊㄚ ㄌㄧㄤˇ,他倆󠇡,U+4ED6 U+5006 U+E01E1,倆:IVS+1,
他處,ㄊㄚ ㄔㄨˋ,ㄊㄚ ㄔㄨˇ,他處󠇡,U+4ED6 U+8655 U+E01E1,處:IVS+1,
拓碑,ㄊㄚˋ ㄅㄟ,ㄊㄨㄛˋ ㄅㄟ,拓󠇡碑,U+62D3 U+E01E1 U+7891,拓:IVS+1,
拓本,ㄊㄚˋ ㄅㄣˇ,ㄊㄨㄛˋ ㄅㄣˇ,拓󠇡本,U+62D3 U+E01E1 U+672C,拓:IVS+1,
拓片,ㄊㄚˋ ㄆㄧㄢˋ,ㄊㄨㄛˋ ㄆㄧㄢˋ,拓󠇡片,U+62D3 U+E01E1 U+7247,拓:IVS+1,
拓印,ㄊㄚˋ ㄧㄣˋ,ㄊㄨㄛˋ ㄧㄣˋ,拓󠇡印,U+62D3 U+E01E1 U+5370,拓:IVS+1,
檯子,ㄊㄞˊ ˙ㄗ,ㄊㄞˊ ㄗˇ,檯子󠇡,U+6AAF U+5B50 U+E01E1,子:IVS+1,
太平盛世,ㄊㄞˋ ㄆㄧㄥˊ ㄕㄥˋ ㄕˋ,ㄊㄞˋ ㄆㄧㄥˊ ㄔㄥˊ ㄕˋ,太平盛󠇡世,U+592A U+5E73 U+76DB U+E01E1 U+4E16,盛:IVS+1,
太太,ㄊㄞˋ ˙ㄊㄞ,ㄊㄞˋ ㄊㄞˋ,太太󠇡,U+592A U+592A U+E01E1,太:IVS+1,
太監,ㄊㄞˋ ㄐㄧㄢˋ,ㄊㄞˋ ㄐㄧㄢ,太監󠇡,U+592A U+76E3 U+E01E1,監:IVS+1,
叨光,ㄊㄠ ㄍㄨㄤ,ㄉㄠ ㄍㄨㄤ,叨󠇡光,U+53E8 U+E01E1 U+5149,叨:IVS+1,
叨擾,ㄊㄠ ㄖㄠˇ,ㄉㄠ ㄖㄠˇ,叨󠇡擾,U+53E8 U+E01E1 U+64FE,叨:IVS+1,
桃子,ㄊㄠˊ ˙ㄗ,ㄊㄠˊ ㄗˇ,桃子󠇡,U+6843 U+5B50 U+E01E1,子:IVS+1,
逃難,ㄊㄠˊ ㄋㄢˋ,ㄊㄠˊ ㄋㄢˊ,逃難󠇡,U+9003 U+96E3 U+E01E1,難:IVS+1,
討便宜,ㄊㄠˇ ㄆㄧㄢˊ ㄧˊ,ㄊㄠˇ ㄅㄧㄢˋ ㄧˊ,討便󠇡宜,U+8A0E U+4FBF U+E01E1 U+5B9C,便:IVS+1,
討價還價,ㄊㄠˇ ㄐㄧㄚˋ ㄏㄨㄢˊ ㄐㄧㄚˋ,ㄊㄠˇ ㄐㄧㄚˋ ㄏㄞˊ ㄐㄧㄚˋ,討價還󠇡價,U+8A0E U+50F9 U+9084 U+E01E1 U+50F9,還:IVS+1,
偷空,ㄊㄡ ㄎㄨㄥˋ,ㄊㄡ ㄎㄨㄥ,偷空󠇡,U+5077 U+7A7A U+E01E1,空:IVS+1,
偷雞不著蝕把米,ㄊㄡ ㄐㄧ ㄅㄨˋ ㄓㄠˊ ㄕˊ ㄅㄚˇ ㄇㄧˇ,ㄊㄡ ㄐㄧ ㄅㄨˋ ˙ㄓㄜ ㄕˊ ㄅㄚˇ ㄇㄧˇ,偷雞不著󠇣蝕把米,U+5077 U+96DE U+4E0D U+8457 U+E01E3 U+8755 U+628A U+7C73,著:IVS+3,
偷兒,ㄊㄡ ㄦ,ㄊㄡ ㄦˊ,偷兒󠇡,U+5077 U+5152 U+E01E1,兒:IVS+1,
投機分子,ㄊㄡˊ ㄐㄧ ㄈㄣˋ ㄗˇ,ㄊㄡˊ ㄐㄧ ㄈㄣ ㄗˇ,投機分󠇡子,U+6295 U+6A5F U+5206 U+E01E1 U+5B50,分:IVS+1,
投其所好,ㄊㄡˊ ㄑㄧˊ ㄙㄨㄛˇ ㄏㄠˋ,ㄊㄡˊ ㄑㄧˊ ㄙㄨㄛˇ ㄏㄠˇ,投其所好󠇡,U+6295 U+5176 U+6240 U+597D U+E01E1,好:IVS+1,
投降,ㄊㄡˊ ㄒㄧㄤˊ,ㄊㄡˊ ㄐㄧㄤˋ,投降󠇡,U+6295 U+964D U+E01E1,降:IVS+1,
骰子,ㄊㄡˊ ˙ㄗ,ㄊㄡˊ ㄗˇ,骰子󠇡,U+9AB0 U+5B50 U+E01E1,子:IVS+1,
頭子,ㄊㄡˊ ˙ㄗ,ㄊㄡˊ ㄗˇ,頭子󠇡,U+982D U+5B50 U+E01E1,子:IVS+1,
頭兒,ㄊㄡˊ ㄦ,ㄊㄡˊ ㄦˊ,頭兒󠇡,U+982D U+5152 U+E01E1,兒:IVS+1,
貪便宜,ㄊㄢ ㄆㄧㄢˊ ㄧˊ,ㄊㄢ ㄅㄧㄢˋ ㄧˊ,貪便󠇡宜,U+8CAA U+4FBF U+E01E1 U+5B9C,便:IVS+1,
貪小便宜,ㄊㄢ ㄒㄧㄠˇ ㄆㄧㄢˊ ㄧˊ,ㄊㄢ ㄒㄧㄠˇ ㄅㄧㄢˋ ㄧˊ,貪小便󠇡宜,U+8CAA U+5C0F U+4FBF U+E01E1 U+5B9C,便:IVS+1,
攤還,ㄊㄢ ㄏㄨㄢˊ,ㄊㄢ ㄏㄞˊ,攤還󠇡,U+6524 U+9084 U+E01E1,還:IVS+1,
攤子,ㄊㄢ ˙ㄗ,ㄊㄢ ㄗˇ,攤子󠇡,U+6524 U+5B50 U+E01E1,子:IVS+1,
癱倒,ㄊㄢ ㄉㄠˇ,ㄊㄢ ㄉㄠˋ,癱倒󠇡,U+7671 U+5012 U+E01E1,倒:IVS+1,
罈子,ㄊㄢˊ ˙ㄗ,ㄊㄢˊ ㄗˇ,罈子󠇡,U+7F48 U+5B50 U+E01E1,子:IVS+1,
彈跳,ㄊㄢˊ ㄊㄧㄠˋ,ㄉㄢˋ ㄊㄧㄠˋ,彈󠇡跳,U+5F48 U+E01E1 U+8DF3,彈:IVS+1,
彈塗魚,ㄊㄢˊ ㄊㄨˊ ㄩˊ,ㄉㄢˋ ㄊㄨˊ ㄩˊ,彈󠇡塗魚,U+5F48 U+E01E1 U+5857 U+9B5A,彈:IVS+1,
彈腿,ㄊㄢˊ ㄊㄨㄟˇ,ㄉㄢˋ ㄊㄨㄟˇ,彈󠇡腿,U+5F48 U+E01E1 U+817F,彈:IVS+1,
彈力,ㄊㄢˊ ㄌㄧˋ,ㄉㄢˋ ㄌㄧˋ,彈󠇡力,U+5F48 U+E01E1 U+529B,彈:IVS+1,
彈劾,ㄊㄢˊ ㄏㄜˊ,ㄉㄢˋ ㄏㄜˊ,彈󠇡劾,U+5F48 U+E01E1 U+52BE,彈:IVS+1,
彈簧,ㄊㄢˊ ㄏㄨㄤˊ,ㄉㄢˋ ㄏㄨㄤˊ,彈󠇡簧,U+5F48 U+E01E1 U+7C27,彈:IVS+1,
彈簧床,ㄊㄢˊ ㄏㄨㄤˊ ㄔㄨㄤˊ,ㄉㄢˋ ㄏㄨㄤˊ ㄔㄨㄤˊ,彈󠇡簧床,U+5F48 U+E01E1 U+7C27 U+5E8A,彈:IVS+1,
彈性,ㄊㄢˊ ㄒㄧㄥˋ,ㄉㄢˋ ㄒㄧㄥˋ,彈󠇡性,U+5F48 U+E01E1 U+6027,彈:IVS+1,
彈性疲乏,ㄊㄢˊ ㄒㄧㄥˋ ㄆㄧˊ ㄈㄚˊ,ㄉㄢˋ ㄒㄧㄥˋ ㄆㄧˊ ㄈㄚˊ,彈󠇡性疲乏,U+5F48 U+E01E1 U+6027 U+75B2 U+4E4F,彈:IVS+1,
彈性放假,ㄊㄢˊ ㄒㄧㄥˋ ㄈㄤˋ ㄐㄧㄚˋ,ㄉㄢˋ ㄒㄧㄥˋ ㄈㄤˋ ㄐㄧㄚˇ,彈󠇡性放假󠇡,U+5F48 U+E01E1 U+6027 U+653E U+5047 U+E01E1,彈:IVS+1; 假:IVS+1,
彈性工時,ㄊㄢˊ ㄒㄧㄥˋ ㄍㄨㄥ ㄕˊ,ㄉㄢˋ ㄒㄧㄥˋ ㄍㄨㄥ ㄕˊ,彈󠇡性工時,U+5F48 U+E01E1 U+6027 U+5DE5 U+6642,彈:IVS+1,
彈性上班,ㄊㄢˊ ㄒㄧㄥˋ ㄕㄤˋ ㄅㄢ,ㄉㄢˋ ㄒㄧㄥˋ ㄕㄤˋ ㄅㄢ,彈󠇡性上班,U+5F48 U+E01E1 U+6027 U+4E0A U+73ED,彈:IVS+1,
彈指,ㄊㄢˊ ㄓˇ,ㄉㄢˋ ㄓˇ,彈󠇡指,U+5F48 U+E01E1 U+6307,彈:IVS+1,
彈唱,ㄊㄢˊ ㄔㄤˋ,ㄉㄢˋ ㄔㄤˋ,彈󠇡唱,U+5F48 U+E01E1 U+5531,彈:IVS+1,
彈奏,ㄊㄢˊ ㄗㄡˋ,ㄉㄢˋ ㄗㄡˋ,彈󠇡奏,U+5F48 U+E01E1 U+594F,彈:IVS+1,
彈詞,ㄊㄢˊ ㄘˊ,ㄉㄢˋ ㄘˊ,彈󠇡詞,U+5F48 U+E01E1 U+8A5E,彈:IVS+1,
坦率,ㄊㄢˇ ㄕㄨㄞˋ,ㄊㄢˇ ㄌㄩˋ,坦率󠇡,U+5766 U+7387 U+E01E1,率:IVS+1,
毯子,ㄊㄢˇ ˙ㄗ,ㄊㄢˇ ㄗˇ,毯子󠇡,U+6BEF U+5B50 U+E01E1,子:IVS+1,
探子,ㄊㄢˋ ˙ㄗ,ㄊㄢˋ ㄗˇ,探子󠇡,U+63A2 U+5B50 U+E01E1,子:IVS+1,
唐三藏,ㄊㄤˊ ㄙㄢ ㄗㄤˋ,ㄊㄤˊ ㄙㄢ ㄘㄤˊ,唐三藏󠇡,U+5510 U+4E09 U+85CF U+E01E1,藏:IVS+1,
搪塞,ㄊㄤˊ ㄙㄜˋ,ㄊㄤˊ ㄙㄞ,搪塞󠇡,U+642A U+585E U+E01E1,塞:IVS+1,
糖分,ㄊㄤˊ ㄈㄣˋ,ㄊㄤˊ ㄈㄣ,糖分󠇡,U+7CD6 U+5206 U+E01E1,分:IVS+1,
踢毽子,ㄊㄧ ㄐㄧㄢˋ ˙ㄗ,ㄊㄧ ㄐㄧㄢˋ ㄗˇ,踢毽子󠇡,U+8E22 U+6BFD U+5B50 U+E01E1,子:IVS+1,
梯子,ㄊㄧ ˙ㄗ,ㄊㄧ ㄗˇ,梯子󠇡,U+68AF U+5B50 U+E01E1,子:IVS+1,
提得起放得下,ㄊㄧˊ ˙ㄉㄜ ㄑㄧˇ ㄈㄤˋ ˙ㄉㄜ ㄒㄧㄚˋ,ㄊㄧˊ ㄉㄜˊ ㄑㄧˇ ㄈㄤˋ ㄉㄜˊ ㄒㄧㄚˋ,提得󠇡起放得󠇡下,U+63D0 U+5F97 U+E01E1 U+8D77 U+653E U+5F97 U+E01E1 U+4E0B,得:IVS+1; 得:IVS+1,
題署,ㄊㄧˊ ㄕㄨˋ,ㄊㄧˊ ㄕㄨˇ,題署󠇡,U+984C U+7F72 U+E01E1,署:IVS+1,
啼飢號寒,ㄊㄧˊ ㄐㄧ ㄏㄠˊ ㄏㄢˊ,ㄊㄧˊ ㄐㄧ ㄏㄠˋ ㄏㄢˊ,啼飢號󠇡寒,U+557C U+98E2 U+865F U+E01E1 U+5BD2,號:IVS+1,
剃頭擔子,ㄊㄧˋ ㄊㄡˊ ㄉㄢˋ ˙ㄗ,ㄊㄧˋ ㄊㄡˊ ㄉㄢ ㄗˇ,剃頭擔󠇡子󠇡,U+5243 U+982D U+64D4 U+E01E1 U+5B50 U+E01E1,擔:IVS+1; 子:IVS+1,
涕泗縱橫,ㄊㄧˋ ㄙˋ ㄗㄨㄥ ㄏㄥˊ,ㄊㄧˋ ㄙˋ ㄗㄨㄥˋ ㄏㄥˊ,涕泗縱󠇡橫,U+6D95 U+6CD7 U+7E31 U+E01E1 U+6A6B,縱:IVS+1,
屜子,ㄊㄧˋ ˙ㄗ,ㄊㄧˋ ㄗˇ,屜子󠇡,U+5C5C U+5B50 U+E01E1,子:IVS+1,
貼切,ㄊㄧㄝ ㄑㄧㄝˋ,ㄊㄧㄝ ㄑㄧㄝ,貼切󠇡,U+8CBC U+5207 U+E01E1,切:IVS+1,
帖子,ㄊㄧㄝˇ ˙ㄗ,ㄊㄧㄝˇ ㄗˇ,帖子󠇡,U+5E16 U+5B50 U+E01E1,子:IVS+1,
挑肥揀瘦,ㄊㄧㄠ ㄈㄟˊ ㄐㄧㄢˇ ㄕㄡˋ,ㄊㄧㄠˇ ㄈㄟˊ ㄐㄧㄢˇ ㄕㄡˋ,挑󠇡肥揀瘦,U+6311 U+E01E1 U+80A5 U+63C0 U+7626,挑:IVS+1,
挑夫,ㄊㄧㄠ ㄈㄨ,ㄊㄧㄠˇ ㄈㄨ,挑󠇡夫,U+6311 U+E01E1 U+592B,挑:IVS+1,
挑大梁,ㄊㄧㄠ ㄉㄚˋ ㄌㄧㄤˊ,ㄊㄧㄠˇ ㄉㄚˋ ㄌㄧㄤˊ,挑󠇡大梁,U+6311 U+E01E1 U+5927 U+6881,挑:IVS+1,
挑剔,ㄊㄧㄠ ㄊㄧ,ㄊㄧㄠˇ ㄊㄧ,挑󠇡剔,U+6311 U+E01E1 U+5254,挑:IVS+1,
挑高,ㄊㄧㄠ ㄍㄠ,ㄊㄧㄠˇ ㄍㄠ,挑󠇡高,U+6311 U+E01E1 U+9AD8,挑:IVS+1,
挑揀,ㄊㄧㄠ ㄐㄧㄢˇ,ㄊㄧㄠˇ ㄐㄧㄢˇ,挑󠇡揀,U+6311 U+E01E1 U+63C0,挑:IVS+1,
挑選,ㄊㄧㄠ ㄒㄩㄢˇ,ㄊㄧㄠˇ ㄒㄩㄢˇ,挑󠇡選,U+6311 U+E01E1 U+9078,挑:IVS+1,
挑食,ㄊㄧㄠ ㄕˊ,ㄊㄧㄠˇ ㄕˊ,挑󠇡食,U+6311 U+E01E1 U+98DF,挑:IVS+1,
挑嘴,ㄊㄧㄠ ㄗㄨㄟˇ,ㄊㄧㄠˇ ㄗㄨㄟˇ,挑󠇡嘴,U+6311 U+E01E1 U+5634,挑:IVS+1,
挑三揀四,ㄊㄧㄠ ㄙㄢ ㄐㄧㄢˇ ㄙˋ,ㄊㄧㄠˇ ㄙㄢ ㄐㄧㄢˇ ㄙˋ,挑󠇡三揀四,U+6311 U+E01E1 U+4E09 U+63C0 U+56DB,挑:IVS+1,
條子,ㄊㄧㄠˊ ˙ㄗ,ㄊㄧㄠˊ ㄗˇ,條子󠇡,U+689D U+5B50 U+E01E1,子:IVS+1,
挑撥離間,ㄊㄧㄠˇ ㄅㄛ ㄌㄧˊ ㄐㄧㄢˋ,ㄊㄧㄠˇ ㄅㄛ ㄌㄧˊ ㄐㄧㄢ,挑撥離間󠇡,U+6311 U+64A5 U+96E2 U+9593 U+E01E1,間:IVS+1,
跳房子,ㄊㄧㄠˋ ㄈㄤˊ ˙ㄗ,ㄊㄧㄠˋ ㄈㄤˊ ㄗˇ,跳房子󠇡,U+8DF3 U+623F U+5B50 U+E01E1,子:IVS+1,
跳踉,ㄊㄧㄠˋ ㄌㄧㄤˊ,ㄊㄧㄠˋ ㄌㄧㄤˋ,跳踉󠇡,U+8DF3 U+8E09 U+E01E1,踉:IVS+1,
跳行,ㄊㄧㄠˋ ㄏㄤˊ,ㄊㄧㄠˋ ㄒㄧㄥˊ,跳行󠇡,U+8DF3 U+884C U+E01E1,行:IVS+1,
天分,ㄊㄧㄢ ㄈㄣˋ,ㄊㄧㄢ ㄈㄣ,天分󠇡,U+5929 U+5206 U+E01E1,分:IVS+1,
天秤,ㄊㄧㄢ ㄆㄧㄥˊ,ㄊㄧㄢ ㄔㄥˋ,天秤󠇡,U+5929 U+79E4 U+E01E1,秤:IVS+1,
天秤座,ㄊㄧㄢ ㄆㄧㄥˊ ㄗㄨㄛˋ,ㄊㄧㄢ ㄔㄥˋ ㄗㄨㄛˋ,天秤󠇡座,U+5929 U+79E4 U+E01E1 U+5EA7,秤:IVS+1,
天衣無縫,ㄊㄧㄢ ㄧ ㄨˊ ㄈㄥˋ,ㄊㄧㄢ ㄧ ㄨˊ ㄈㄥˊ,天衣無縫󠇡,U+5929 U+8863 U+7121 U+7E2B U+E01E1,縫:IVS+1,
天涯若比鄰,ㄊㄧㄢ ㄧㄚˊ ㄖㄨㄛˋ ㄅㄧˋ ㄌㄧㄣˊ,ㄊㄧㄢ ㄧㄚˊ ㄖㄨㄛˋ ㄅㄧˇ ㄌㄧㄣˊ,天涯若比󠇡鄰,U+5929 U+6DAF U+82E5 U+6BD4 U+E01E1 U+9130,比:IVS+1,
甜頭,ㄊㄧㄢˊ ˙ㄊㄡ,ㄊㄧㄢˊ ㄊㄡˊ,甜頭󠇡,U+751C U+982D U+E01E1,頭:IVS+1,
填空,ㄊㄧㄢˊ ㄎㄨㄥˋ,ㄊㄧㄢˊ ㄎㄨㄥ,填空󠇡,U+586B U+7A7A U+E01E1,空:IVS+1,
填塞,ㄊㄧㄢˊ ㄙㄜˋ,ㄊㄧㄢˊ ㄙㄞ,填塞󠇡,U+586B U+585E U+E01E1,塞:IVS+1,
靦顏事仇,ㄊㄧㄢˇ ㄧㄢˊ ㄕˋ ㄔㄡˊ,ㄇㄧㄢˇ ㄧㄢˊ ㄕˋ ㄔㄡˊ,靦󠇡顏事仇,U+9766 U+E01E1 U+984F U+4E8B U+4EC7,靦:IVS+1,
聽差,ㄊㄧㄥ ㄔㄞ,ㄊㄧㄥ ㄔㄚ,聽差󠇡,U+807D U+5DEE U+E01E1,差:IVS+1,
鋌而走險,ㄊㄧㄥˇ ㄦˊ ㄗㄡˇ ㄒㄧㄢˇ,ㄉㄧㄥˋ ㄦˊ ㄗㄡˇ ㄒㄧㄢˇ,鋌󠇡而走險,U+92CC U+E01E1 U+800C U+8D70 U+96AA,鋌:IVS+1,
聽憑,ㄊㄧㄥˋ ㄆㄧㄥˊ,ㄊㄧㄥ ㄆㄧㄥˊ,聽󠇡憑,U+807D U+E01E1 U+6191,聽:IVS+1,
聽天由命,ㄊㄧㄥˋ ㄊㄧㄢ ㄧㄡˊ ㄇㄧㄥˋ,ㄊㄧㄥ ㄊㄧㄢ ㄧㄡˊ ㄇㄧㄥˋ,聽󠇡天由命,U+807D U+E01E1 U+5929 U+7531 U+547D,聽:IVS+1,
聽其自然,ㄊㄧㄥˋ ㄑㄧˊ ㄗˋ ㄖㄢˊ,ㄊㄧㄥ ㄑㄧˊ ㄗˋ ㄖㄢˊ,聽󠇡其自然,U+807D U+E01E1 U+5176 U+81EA U+7136,聽:IVS+1,
聽任,ㄊㄧㄥˋ ㄖㄣˋ,ㄊㄧㄥ ㄖㄣˋ,聽󠇡任,U+807D U+E01E1 U+4EFB,聽:IVS+1,
土包子,ㄊㄨˇ ㄅㄠ ˙ㄗ,ㄊㄨˇ ㄅㄠ ㄗˇ,土包子󠇡,U+571F U+5305 U+5B50 U+E01E1,子:IVS+1,
土地重劃,ㄊㄨˇ ㄉㄧˋ ㄔㄨㄥˊ ㄏㄨㄚˋ,ㄊㄨˇ ㄉㄧˋ ㄓㄨㄥˋ ㄏㄨㄚˋ,土地重󠇡劃,U+571F U+5730 U+91CD U+E01E1 U+5283,重:IVS+1,
土著,ㄊㄨˇ ㄓㄨˋ,ㄊㄨˇ ˙ㄓㄜ,土著󠇡,U+571F U+8457 U+E01E1,著:IVS+1,
土生土長,ㄊㄨˇ ㄕㄥ ㄊㄨˇ ㄓㄤˇ,ㄊㄨˇ ㄕㄥ ㄊㄨˇ ㄔㄤˊ,土生土長󠇡,U+571F U+751F U+571F U+9577 U+E01E1,長:IVS+1,
吐血,ㄊㄨˋ ㄒㄧㄝˇ,ㄊㄨˇ ㄒㄧㄝˇ,吐󠇡血,U+5410 U+E01E1 U+8840,吐:IVS+1,
兔子,ㄊㄨˋ ˙ㄗ,ㄊㄨˋ ㄗˇ,兔子󠇡,U+5154 U+5B50 U+E01E1,子:IVS+1,
兔崽子,ㄊㄨˋ ㄗㄞˇ ˙ㄗ,ㄊㄨˋ ㄗㄞˇ ㄗˇ,兔崽子󠇡,U+5154 U+5D3D U+5B50 U+E01E1,子:IVS+1,
駝子,ㄊㄨㄛˊ ˙ㄗ,ㄊㄨㄛˊ ㄗˇ,駝子󠇡,U+99DD U+5B50 U+E01E1,子:IVS+1,
妥當,ㄊㄨㄛˇ ㄉㄤˋ,ㄊㄨㄛˇ ㄉㄤ,妥當󠇡,U+59A5 U+7576 U+E01E1,當:IVS+1,
推磨,ㄊㄨㄟ ㄇㄛˋ,ㄊㄨㄟ ㄇㄛˊ,推磨󠇡,U+63A8 U+78E8 U+E01E1,磨:IVS+1,
推諉塞責,ㄊㄨㄟ ㄨㄟˇ ㄙㄜˋ ㄗㄜˊ,ㄊㄨㄟ ㄨㄟˇ ㄙㄞ ㄗㄜˊ,推諉塞󠇡責,U+63A8 U+8AC9 U+585E U+E01E1 U+8CAC,塞:IVS+1,
頹喪,ㄊㄨㄟˊ ㄙㄤˋ,ㄊㄨㄟˊ ㄙㄤ,頹喪󠇡,U+9839 U+55AA U+E01E1,喪:IVS+1,
退還,ㄊㄨㄟˋ ㄏㄨㄢˊ,ㄊㄨㄟˋ ㄏㄞˊ,退還󠇡,U+9000 U+9084 U+E01E1,還:IVS+1,
團團轉,ㄊㄨㄢˊ ㄊㄨㄢˊ ㄓㄨㄢˋ,ㄊㄨㄢˊ ㄊㄨㄢˊ ㄓㄨㄢˇ,團團轉󠇡,U+5718 U+5718 U+8F49 U+E01E1,轉:IVS+1,
團長,ㄊㄨㄢˊ ㄓㄤˇ,ㄊㄨㄢˊ ㄔㄤˊ,團長󠇡,U+5718 U+9577 U+E01E1,長:IVS+1,
吞沒,ㄊㄨㄣ ㄇㄛˋ,ㄊㄨㄣ ㄇㄟˊ,吞沒󠇡,U+541E U+6C92 U+E01E1,沒:IVS+1,
同病相憐,ㄊㄨㄥˊ ㄅㄧㄥˋ ㄒㄧㄤ ㄌㄧㄢˊ,ㄊㄨㄥˊ ㄅㄧㄥˋ ㄒㄧㄤˋ ㄌㄧㄢˊ,同病相󠇡憐,U+540C U+75C5 U+76F8 U+E01E1 U+6190,相:IVS+1,
同類相聚,ㄊㄨㄥˊ ㄌㄟˋ ㄒㄧㄤ ㄐㄩˋ,ㄊㄨㄥˊ ㄌㄟˋ ㄒㄧㄤˋ ㄐㄩˋ,同類相󠇡聚,U+540C U+985E U+76F8 U+E01E1 U+805A,相:IVS+1,
同好,ㄊㄨㄥˊ ㄏㄠˋ,ㄊㄨㄥˊ ㄏㄠˇ,同好󠇡,U+540C U+597D U+E01E1,好:IVS+1,
銅臭,ㄊㄨㄥˊ ㄒㄧㄡˋ,ㄊㄨㄥˊ ㄔㄡˋ,銅臭󠇡,U+9285 U+81ED U+E01E1,臭:IVS+1,
捅漏子,ㄊㄨㄥˇ ㄌㄡˋ ˙ㄗ,ㄊㄨㄥˇ ㄌㄡˋ ㄗˇ,捅漏子󠇡,U+6345 U+6F0F U+5B50 U+E01E1,子:IVS+1,
桶子,ㄊㄨㄥˇ ˙ㄗ,ㄊㄨㄥˇ ㄗˇ,桶子󠇡,U+6876 U+5B50 U+E01E1,子:IVS+1,
統率,ㄊㄨㄥˇ ㄕㄨㄞˋ,ㄊㄨㄥˇ ㄌㄩˋ,統率󠇡,U+7D71 U+7387 U+E01E1,率:IVS+1,
痛處,ㄊㄨㄥˋ ㄔㄨˋ,ㄊㄨㄥˋ ㄔㄨˇ,痛處󠇡,U+75DB U+8655 U+E01E1,處:IVS+1,
痛惡,ㄊㄨㄥˋ ㄨˋ,ㄊㄨㄥˋ ㄜˋ,痛惡󠇡,U+75DB U+60E1 U+E01E1,惡:IVS+1,
南無,ㄋㄚˊ ㄇㄛˊ,ㄋㄢˊ ㄨˊ,南󠇡無󠇡,U+5357 U+E01E1 U+7121 U+E01E1,南:IVS+1; 無:IVS+1,
拿翹,ㄋㄚˊ ㄑㄧㄠˊ,ㄋㄚˊ ㄑㄧㄠˋ,拿翹󠇡,U+62FF U+7FF9 U+E01E1,翹:IVS+1,
拿腔拿調,ㄋㄚˊ ㄑㄧㄤ ㄋㄚˊ ㄉㄧㄠˋ,ㄋㄚˊ ㄑㄧㄤ ㄋㄚˊ ㄊㄧㄠˊ,拿腔拿調󠇡,U+62FF U+8154 U+62FF U+8ABF U+E01E1,調:IVS+1,
那怕,ㄋㄚˇ ㄆㄚˋ,ㄋㄚˋ ㄆㄚˋ,那󠇡怕,U+90A3 U+E01E1 U+6015,那:IVS+1,
哪門子,ㄋㄚˇ ㄇㄣˊ ˙ㄗ,ㄋㄚˇ ㄇㄣˊ ㄗˇ,哪門子󠇡,U+54EA U+9580 U+5B50 U+E01E1,子:IVS+1,
納悶,ㄋㄚˋ ㄇㄣˋ,ㄋㄚˋ ㄇㄣ,納悶󠇡,U+7D0D U+60B6 U+E01E1,悶:IVS+1,
奶奶,ㄋㄞˇ ˙ㄋㄞ,ㄋㄞˇ ㄋㄞˇ,奶奶󠇡,U+5976 U+5976 U+E01E1,奶:IVS+1,
耐著性子,ㄋㄞˋ ˙ㄓㄜ ㄒㄧㄥˋ ˙ㄗ,ㄋㄞˋ ˙ㄓㄜ ㄒㄧㄥˋ ㄗˇ,耐著性子󠇡,U+8010 U+8457 U+6027 U+5B50 U+E01E1,子:IVS+1,
內行,ㄋㄟˋ ㄏㄤˊ,ㄋㄟˋ ㄒㄧㄥˊ,內行󠇡,U+5167 U+884C U+E01E1,行:IVS+1,
內心深處,ㄋㄟˋ ㄒㄧㄣ ㄕㄣ ㄔㄨˋ,ㄋㄟˋ ㄒㄧㄣ ㄕㄣ ㄔㄨˇ,內心深處󠇡,U+5167 U+5FC3 U+6DF1 U+8655 U+E01E1,處:IVS+1,
內省,ㄋㄟˋ ㄒㄧㄥˇ,ㄋㄟˋ ㄕㄥˇ,內省󠇡,U+5167 U+7701 U+E01E1,省:IVS+1,
內應,ㄋㄟˋ ㄧㄥˋ,ㄋㄟˋ ㄧㄥ,內應󠇡,U+5167 U+61C9 U+E01E1,應:IVS+1,
腦血管栓塞,ㄋㄠˇ ㄒㄧㄝˇ ㄍㄨㄢˇ ㄕㄨㄢ ㄙㄜˋ,ㄋㄠˇ ㄒㄧㄝˇ ㄍㄨㄢˇ ㄕㄨㄢ ㄙㄞ,腦血管栓塞󠇡,U+8166 U+8840 U+7BA1 U+6813 U+585E U+E01E1,塞:IVS+1,
腦子,ㄋㄠˇ ˙ㄗ,ㄋㄠˇ ㄗˇ,腦子󠇡,U+8166 U+5B50 U+E01E1,子:IVS+1,
男配角,ㄋㄢˊ ㄆㄟˋ ㄐㄩㄝˊ,ㄋㄢˊ ㄆㄟˋ ㄐㄧㄠˇ,男配角󠇡,U+7537 U+914D U+89D2 U+E01E1,角:IVS+1,
男孩子,ㄋㄢˊ ㄏㄞˊ ˙ㄗ,ㄋㄢˊ ㄏㄞˊ ㄗˇ,男孩子󠇡,U+7537 U+5B69 U+5B50 U+E01E1,子:IVS+1,
男主角,ㄋㄢˊ ㄓㄨˇ ㄐㄩㄝˊ,ㄋㄢˊ ㄓㄨˇ ㄐㄧㄠˇ,男主角󠇡,U+7537 U+4E3B U+89D2 U+E01E1,角:IVS+1,
南腔北調,ㄋㄢˊ ㄑㄧㄤ ㄅㄟˇ ㄉㄧㄠˋ,ㄋㄢˊ ㄑㄧㄤ ㄅㄟˇ ㄊㄧㄠˊ,南腔北調󠇡,U+5357 U+8154 U+5317 U+8ABF U+E01E1,調:IVS+1,
難不倒,ㄋㄢˊ ㄅㄨˋ ㄉㄠˇ,ㄋㄢˊ ㄅㄨˋ ㄉㄠˋ,難不倒󠇡,U+96E3 U+4E0D U+5012 U+E01E1,倒:IVS+1,
難胞,ㄋㄢˋ ㄅㄠ,ㄋㄢˊ ㄅㄠ,難󠇡胞,U+96E3 U+E01E1 U+80DE,難:IVS+1,
難民,ㄋㄢˋ ㄇㄧㄣˊ,ㄋㄢˊ ㄇㄧㄣˊ,難󠇡民,U+96E3 U+E01E1 U+6C11,難:IVS+1,
難民營,ㄋㄢˋ ㄇㄧㄣˊ ㄧㄥˊ,ㄋㄢˊ ㄇㄧㄣˊ ㄧㄥˊ,難󠇡民營,U+96E3 U+E01E1 U+6C11 U+71DF,難:IVS+1,
泥潦,ㄋㄧˊ ㄌㄠˋ,ㄋㄧˊ ㄌㄧㄠˊ,泥潦󠇡,U+6CE5 U+6F66 U+E01E1,潦:IVS+1,
呢喃,ㄋㄧˊ ㄋㄢˊ,˙ㄋㄜ ㄋㄢˊ,呢󠇡喃,U+5462 U+E01E1 U+5583,呢:IVS+1,
呢絨,ㄋㄧˊ ㄖㄨㄥˊ,˙ㄋㄜ ㄖㄨㄥˊ,呢󠇡絨,U+5462 U+E01E1 U+7D68,呢:IVS+1,
泥古不化,ㄋㄧˋ ㄍㄨˇ ㄅㄨˋ ㄏㄨㄚˋ,ㄋㄧˊ ㄍㄨˇ ㄅㄨˋ ㄏㄨㄚˋ,泥󠇡古不化,U+6CE5 U+E01E1 U+53E4 U+4E0D U+5316,泥:IVS+1,
裊娜,ㄋㄧㄠˇ ㄋㄨㄛˊ,ㄋㄧㄠˇ ㄋㄚˋ,裊娜󠇡,U+88CA U+5A1C U+E01E1,娜:IVS+1,
嫋娜,ㄋㄧㄠˇ ㄋㄨㄛˊ,ㄋㄧㄠˇ ㄋㄚˋ,嫋娜󠇡,U+5ACB U+5A1C U+E01E1,娜:IVS+1,
牛鼻子,ㄋㄧㄡˊ ㄅㄧˊ ˙ㄗ,ㄋㄧㄡˊ ㄅㄧˊ ㄗˇ,牛鼻子󠇡,U+725B U+9F3B U+5B50 U+E01E1,子:IVS+1,
牛仔,ㄋㄧㄡˊ ㄗㄞˇ,ㄋㄧㄡˊ ㄗˇ,牛仔󠇡,U+725B U+4ED4 U+E01E1,仔:IVS+1,
牛仔褲,ㄋㄧㄡˊ ㄗㄞˇ ㄎㄨˋ,ㄋㄧㄡˊ ㄗˇ ㄎㄨˋ,牛仔󠇡褲,U+725B U+4ED4 U+E01E1 U+8932,仔:IVS+1,
牛仔裝,ㄋㄧㄡˊ ㄗㄞˇ ㄓㄨㄤ,ㄋㄧㄡˊ ㄗˇ ㄓㄨㄤ,牛仔󠇡裝,U+725B U+4ED4 U+E01E1 U+88DD,仔:IVS+1,
扭曲,ㄋㄧㄡˇ ㄑㄩ,ㄋㄧㄡˇ ㄑㄩˇ,扭曲󠇡,U+626D U+66F2 U+E01E1,曲:IVS+1,
扭轉乾坤,ㄋㄧㄡˇ ㄓㄨㄢˇ ㄑㄧㄢˊ ㄎㄨㄣ,ㄋㄧㄡˇ ㄓㄨㄢˇ ㄍㄢ ㄎㄨㄣ,扭轉乾󠇡坤,U+626D U+8F49 U+4E7E U+E01E1 U+5764,乾:IVS+1,
年分,ㄋㄧㄢˊ ㄈㄣˋ,ㄋㄧㄢˊ ㄈㄣ,年分󠇡,U+5E74 U+5206 U+E01E1,分:IVS+1,
年假,ㄋㄧㄢˊ ㄐㄧㄚˋ,ㄋㄧㄢˊ ㄐㄧㄚˇ,年假󠇡,U+5E74 U+5047 U+E01E1,假:IVS+1,
年輕氣盛,ㄋㄧㄢˊ ㄑㄧㄥ ㄑㄧˋ ㄕㄥˋ,ㄋㄧㄢˊ ㄑㄧㄥ ㄑㄧˋ ㄔㄥˊ,年輕氣盛󠇡,U+5E74 U+8F15 U+6C23 U+76DB U+E01E1,盛:IVS+1,
年長,ㄋㄧㄢˊ ㄓㄤˇ,ㄋㄧㄢˊ ㄔㄤˊ,年長󠇡,U+5E74 U+9577 U+E01E1,長:IVS+1,
年少,ㄋㄧㄢˊ ㄕㄠˋ,ㄋㄧㄢˊ ㄕㄠˇ,年少󠇡,U+5E74 U+5C11 U+E01E1,少:IVS+1,
年少得志,ㄋㄧㄢˊ ㄕㄠˋ ㄉㄜˊ ㄓˋ,ㄋㄧㄢˊ ㄕㄠˇ ㄉㄜˊ ㄓˋ,年少󠇡得志,U+5E74 U+5C11 U+E01E1 U+5F97 U+5FD7,少:IVS+1,
年少氣盛,ㄋㄧㄢˊ ㄕㄠˋ ㄑㄧˋ ㄕㄥˋ,ㄋㄧㄢˊ ㄕㄠˇ ㄑㄧˋ ㄔㄥˊ,年少󠇡氣盛󠇡,U+5E74 U+5C11 U+E01E1 U+6C23 U+76DB U+E01E1,少:IVS+1; 盛:IVS+1,
黏答答,ㄋㄧㄢˊ ㄉㄚ ㄉㄚ,ㄋㄧㄢˊ ㄉㄚˊ ㄉㄚˊ,黏答󠇡答󠇡,U+9ECF U+7B54 U+E01E1 U+7B54 U+E01E1,答:IVS+1; 答:IVS+1,
黏著劑,ㄋㄧㄢˊ ㄓㄨㄛˊ ㄐㄧˋ,ㄋㄧㄢˊ ˙ㄓㄜ ㄐㄧˋ,黏著󠇤劑,U+9ECF U+8457 U+E01E4 U+5291,著:IVS+4,
碾子,ㄋㄧㄢˇ ˙ㄗ,ㄋㄧㄢˇ ㄗˇ,碾子󠇡,U+78BE U+5B50 U+E01E1,子:IVS+1,
念頭,ㄋㄧㄢˋ ˙ㄊㄡ,ㄋㄧㄢˋ ㄊㄡˊ,念頭󠇡,U+5FF5 U+982D U+E01E1,頭:IVS+1,
娘娘,ㄋㄧㄤˊ ˙ㄋㄧㄤ,ㄋㄧㄤˊ ㄋㄧㄤˊ,娘娘󠇡,U+5A18 U+5A18 U+E01E1,娘:IVS+1,
怒目相向,ㄋㄨˋ ㄇㄨˋ ㄒㄧㄤ ㄒㄧㄤˋ,ㄋㄨˋ ㄇㄨˋ ㄒㄧㄤˋ ㄒㄧㄤˋ,怒目相󠇡向,U+6012 U+76EE U+76F8 U+E01E1 U+5411,相:IVS+1,
怒髮衝冠,ㄋㄨˋ ㄈㄚˇ ㄔㄨㄥ ㄍㄨㄢ,ㄋㄨˋ ㄈㄚˇ ㄔㄨㄥ ㄍㄨㄢˋ,怒髮衝冠󠇡,U+6012 U+9AEE U+885D U+51A0 U+E01E1,冠:IVS+1,
怒號,ㄋㄨˋ ㄏㄠˊ,ㄋㄨˋ ㄏㄠˋ,怒號󠇡,U+6012 U+865F U+E01E1,號:IVS+1,
哪吒,ㄋㄨㄛˊ ㄓㄚˋ,ㄋㄚˇ ㄓㄚˋ,哪󠇢吒,U+54EA U+E01E2 U+5412,哪:IVS+2,
暖調,ㄋㄨㄢˇ ㄉㄧㄠˋ,ㄋㄨㄢˇ ㄊㄧㄠˊ,暖調󠇡,U+6696 U+8ABF U+E01E1,調:IVS+1,
暖和,ㄋㄨㄢˇ ˙ㄏㄨㄛ,ㄋㄨㄢˇ ㄏㄜˊ,暖和󠇤,U+6696 U+548C U+E01E4,和:IVS+4,
暖色調,ㄋㄨㄢˇ ㄙㄜˋ ㄉㄧㄠˋ,ㄋㄨㄢˇ ㄙㄜˋ ㄊㄧㄠˊ,暖色調󠇡,U+6696 U+8272 U+8ABF U+E01E1,調:IVS+1,
農地重劃,ㄋㄨㄥˊ ㄉㄧˋ ㄔㄨㄥˊ ㄏㄨㄚˋ,ㄋㄨㄥˊ ㄉㄧˋ ㄓㄨㄥˋ ㄏㄨㄚˋ,農地重󠇡劃,U+8FB2 U+5730 U+91CD U+E01E1 U+5283,重:IVS+1,
弄倒,ㄋㄨㄥˋ ㄉㄠˇ,ㄋㄨㄥˋ ㄉㄠˋ,弄倒󠇡,U+5F04 U+5012 U+E01E1,倒:IVS+1,
女大不中留,ㄋㄩˇ ㄉㄚˋ ㄅㄨˋ ㄓㄨㄥˋ ㄌㄧㄡˊ,ㄋㄩˇ ㄉㄚˋ ㄅㄨˋ ㄓㄨㄥ ㄌㄧㄡˊ,女大不中󠇡留,U+5973 U+5927 U+4E0D U+4E2D U+E01E1 U+7559,中:IVS+1,
女紅,ㄋㄩˇ ㄍㄨㄥ,ㄋㄩˇ ㄏㄨㄥˊ,女紅󠇡,U+5973 U+7D05 U+E01E1,紅:IVS+1,
女孩子,ㄋㄩˇ ㄏㄞˊ ˙ㄗ,ㄋㄩˇ ㄏㄞˊ ㄗˇ,女孩子󠇡,U+5973 U+5B69 U+5B50 U+E01E1,子:IVS+1,
女將,ㄋㄩˇ ㄐㄧㄤˋ,ㄋㄩˇ ㄐㄧㄤ,女將󠇡,U+5973 U+5C07 U+E01E1,將:IVS+1,
女主角,ㄋㄩˇ ㄓㄨˇ ㄐㄩㄝˊ,ㄋㄩˇ ㄓㄨˇ ㄐㄧㄠˇ,女主角󠇡,U+5973 U+4E3B U+89D2 U+E01E1,角:IVS+1,
女娃兒,ㄋㄩˇ ㄨㄚˊ ㄦ,ㄋㄩˇ ㄨㄚˊ ㄦˊ,女娃兒󠇡,U+5973 U+5A03 U+5152 U+E01E1,兒:IVS+1,
拉倒,ㄌㄚ ㄉㄠˇ,ㄌㄚ ㄉㄠˋ,拉倒󠇡,U+62C9 U+5012 U+E01E1,倒:IVS+1,
拉肚子,ㄌㄚ ㄉㄨˋ ˙ㄗ,ㄌㄚ ㄉㄨˋ ㄗˇ,拉肚子󠇡,U+62C9 U+809A U+5B50 U+E01E1,子:IVS+1,
啦啦隊,ㄌㄚ ㄌㄚ ㄉㄨㄟˋ,˙ㄌㄚ ˙ㄌㄚ ㄉㄨㄟˋ,啦󠇡啦󠇡隊,U+5566 U+E01E1 U+5566 U+E01E1 U+968A,啦:IVS+1; 啦:IVS+1,
邋遢,ㄌㄚ ㄊㄚˋ,ㄌㄚˊ ㄊㄚˋ,邋󠇢遢,U+908B U+E01E2 U+9062,邋:IVS+2,
喇嘛,ㄌㄚˇ ˙ㄇㄚ,ㄌㄚˇ ㄇㄚˊ,喇嘛󠇡,U+5587 U+561B U+E01E1,嘛:IVS+1,
勒死,ㄌㄟ ㄙˇ,ㄌㄜˋ ㄙˇ,勒󠇡死,U+52D2 U+E01E1 U+6B7B,勒:IVS+1,
樂善好施,ㄌㄜˋ ㄕㄢˋ ㄏㄠˋ ㄕ,ㄌㄜˋ ㄕㄢˋ ㄏㄠˇ ㄕ,樂善好󠇡施,U+6A02 U+5584 U+597D U+E01E1 U+65BD,好:IVS+1,
樂子,ㄌㄜˋ ˙ㄗ,ㄌㄜˋ ㄗˇ,樂子󠇡,U+6A02 U+5B50 U+E01E1,子:IVS+1,
來得及,ㄌㄞˊ ˙ㄉㄜ ㄐㄧˊ,ㄌㄞˊ ㄉㄜˊ ㄐㄧˊ,來得󠇡及,U+4F86 U+5F97 U+E01E1 U+53CA,得:IVS+1,
來頭,ㄌㄞˊ ˙ㄊㄡ,ㄌㄞˊ ㄊㄡˊ,來頭󠇡,U+4F86 U+982D U+E01E1,頭:IVS+1,
來處,ㄌㄞˊ ㄔㄨˋ,ㄌㄞˊ ㄔㄨˇ,來處󠇡,U+4F86 U+8655 U+E01E1,處:IVS+1,
癩蝦蟆,ㄌㄞˋ ㄏㄚˊ ㄇㄚˊ,ㄌㄞˋ ㄒㄧㄚ ㄇㄚˊ,癩蝦󠇡蟆,U+7669 U+8766 U+E01E1 U+87C6,蝦:IVS+1,
癩蝦蟆想吃天鵝肉,ㄌㄞˋ ㄏㄚˊ ㄇㄚˊ ㄒㄧㄤˇ ㄔ ㄊㄧㄢ ㄜˊ ㄖㄡˋ,ㄌㄞˋ ㄒㄧㄚ ㄇㄚˊ ㄒㄧㄤˇ ㄔ ㄊㄧㄢ ㄜˊ ㄖㄡˋ,癩蝦󠇡蟆想吃天鵝肉,U+7669 U+8766 U+E01E1 U+87C6 U+60F3 U+5403 U+5929 U+9D5D U+8089,蝦:IVS+1,
累犯,ㄌㄟˇ ㄈㄢˋ,ㄌㄟˋ ㄈㄢˋ,累󠇡犯,U+7D2F U+E01E1 U+72AF,累:IVS+1,
累累,ㄌㄟˇ ㄌㄟˇ,ㄌㄟˋ ㄌㄟˋ,累󠇡累󠇡,U+7D2F U+E01E1 U+7D2F U+E01E1,累:IVS+1; 累:IVS+1,
累積,ㄌㄟˇ ㄐㄧ,ㄌㄟˋ ㄐㄧ,累󠇡積,U+7D2F U+E01E1 U+7A4D,累:IVS+1,
累計,ㄌㄟˇ ㄐㄧˋ,ㄌㄟˋ ㄐㄧˋ,累󠇡計,U+7D2F U+E01E1 U+8A08,累:IVS+1,
累加,ㄌㄟˇ ㄐㄧㄚ,ㄌㄟˋ ㄐㄧㄚ,累󠇡加,U+7D2F U+E01E1 U+52A0,累:IVS+1,
累進,ㄌㄟˇ ㄐㄧㄣˋ,ㄌㄟˋ ㄐㄧㄣˋ,累󠇡進,U+7D2F U+E01E1 U+9032,累:IVS+1,
累進稅,ㄌㄟˇ ㄐㄧㄣˋ ㄕㄨㄟˋ,ㄌㄟˋ ㄐㄧㄣˋ ㄕㄨㄟˋ,累󠇡進稅,U+7D2F U+E01E1 U+9032 U+7A05,累:IVS+1,
累贅,ㄌㄟˇ ㄓㄨㄟˋ,ㄌㄟˋ ㄓㄨㄟˋ,累󠇡贅,U+7D2F U+E01E1 U+8D05,累:IVS+1,
累次三番,ㄌㄟˇ ㄘˋ ㄙㄢ ㄈㄢ,ㄌㄟˋ ㄘˋ ㄙㄢ ㄈㄢ,累󠇡次三番,U+7D2F U+E01E1 U+6B21 U+4E09 U+756A,累:IVS+1,
淚人兒,ㄌㄟˋ ㄖㄣˊ ㄦ,ㄌㄟˋ ㄖㄣˊ ㄦˊ,淚人兒󠇡,U+6DDA U+4EBA U+5152 U+E01E1,兒:IVS+1,
撈什子,ㄌㄠˊ ㄕˊ ˙ㄗ,ㄌㄠ ㄕㄣˊ ㄗˇ,撈󠇡什󠇡子󠇡,U+6488 U+E01E1 U+4EC0 U+E01E1 U+5B50 U+E01E1,撈:IVS+1; 什:IVS+1; 子:IVS+1,
老本行,ㄌㄠˇ ㄅㄣˇ ㄏㄤˊ,ㄌㄠˇ ㄅㄣˇ ㄒㄧㄥˊ,老本行󠇡,U+8001 U+672C U+884C U+E01E1,行:IVS+1,
老婆子,ㄌㄠˇ ㄆㄛˊ ˙ㄗ,ㄌㄠˇ ㄆㄛˊ ㄗˇ,老婆子󠇡,U+8001 U+5A46 U+5B50 U+E01E1,子:IVS+1,
老媽子,ㄌㄠˇ ㄇㄚ ˙ㄗ,ㄌㄠˇ ㄇㄚ ㄗˇ,老媽子󠇡,U+8001 U+5ABD U+5B50 U+E01E1,子:IVS+1,
老調重彈,ㄌㄠˇ ㄉㄧㄠˋ ㄔㄨㄥˊ ㄊㄢˊ,ㄌㄠˇ ㄊㄧㄠˊ ㄓㄨㄥˋ ㄉㄢˋ,老調󠇡重󠇡彈󠇡,U+8001 U+8ABF U+E01E1 U+91CD U+E01E1 U+5F48 U+E01E1,調:IVS+1; 重:IVS+1; 彈:IVS+1,
老太太,ㄌㄠˇ ㄊㄞˋ ˙ㄊㄞ,ㄌㄠˇ ㄊㄞˋ ㄊㄞˋ,老太太󠇡,U+8001 U+592A U+592A U+E01E1,太:IVS+1,
老奶奶,ㄌㄠˇ ㄋㄞˇ ˙ㄋㄞ,ㄌㄠˇ ㄋㄞˇ ㄋㄞˇ,老奶奶󠇡,U+8001 U+5976 U+5976 U+E01E1,奶:IVS+1,
老淚縱橫,ㄌㄠˇ ㄌㄟˋ ㄗㄨㄥ ㄏㄥˊ,ㄌㄠˇ ㄌㄟˋ ㄗㄨㄥˋ ㄏㄥˊ,老淚縱󠇡橫,U+8001 U+6DDA U+7E31 U+E01E1 U+6A6B,縱:IVS+1,
老老少少,ㄌㄠˇ ㄌㄠˇ ㄕㄠˋ ㄕㄠˋ,ㄌㄠˇ ㄌㄠˇ ㄕㄠˇ ㄕㄠˇ,老老少󠇡少󠇡,U+8001 U+8001 U+5C11 U+E01E1 U+5C11 U+E01E1,少:IVS+1; 少:IVS+1,
老骨頭,ㄌㄠˇ ㄍㄨˊ ˙ㄊㄡ,ㄌㄠˇ ㄍㄨˇ ㄊㄡˊ,老骨󠇢頭󠇡,U+8001 U+9AA8 U+E01E2 U+982D U+E01E1,骨:IVS+2; 頭:IVS+1,
老將,ㄌㄠˇ ㄐㄧㄤˋ,ㄌㄠˇ ㄐㄧㄤ,老將󠇡,U+8001 U+5C07 U+E01E1,將:IVS+1,
老少咸宜,ㄌㄠˇ ㄕㄠˋ ㄒㄧㄢˊ ㄧˊ,ㄌㄠˇ ㄕㄠˇ ㄒㄧㄢˊ ㄧˊ,老少󠇡咸宜,U+8001 U+5C11 U+E01E1 U+54B8 U+5B9C,少:IVS+1,
老子,ㄌㄠˇ ˙ㄗ,ㄌㄠˇ ㄗˇ,老子󠇡,U+8001 U+5B50 U+E01E1,子:IVS+1,
老死不相往來,ㄌㄠˇ ㄙˇ ㄅㄨˋ ㄒㄧㄤ ㄨㄤˇ ㄌㄞˊ,ㄌㄠˇ ㄙˇ ㄅㄨˋ ㄒㄧㄤˋ ㄨㄤˇ ㄌㄞˊ,老死不相󠇡往來,U+8001 U+6B7B U+4E0D U+76F8 U+E01E1 U+5F80 U+4F86,相:IVS+1,
老爺爺,ㄌㄠˇ ㄧㄝˊ ˙ㄧㄝ,ㄌㄠˇ ㄧㄝˊ ㄧㄝˊ,老爺爺󠇡,U+8001 U+723A U+723A U+E01E1,爺:IVS+1,
老樣子,ㄌㄠˇ ㄧㄤˋ ˙ㄗ,ㄌㄠˇ ㄧㄤˋ ㄗˇ,老樣子󠇡,U+8001 U+6A23 U+5B50 U+E01E1,子:IVS+1,
姥姥,ㄌㄠˇ ˙ㄌㄠ,ㄌㄠˇ ㄌㄠˇ,姥姥󠇡,U+59E5 U+59E5 U+E01E1,姥:IVS+1,
絡子,ㄌㄠˋ ˙ㄗ,ㄌㄨㄛˋ ㄗˇ,絡󠇡子󠇡,U+7D61 U+E01E1 U+5B50 U+E01E1,絡:IVS+1; 子:IVS+1,
勞軍,ㄌㄠˋ ㄐㄩㄣ,ㄌㄠˊ ㄐㄩㄣ,勞󠇡軍,U+52DE U+E01E1 U+8ECD,勞:IVS+1,
嘍囉,ㄌㄡˊ ㄌㄨㄛˊ,ㄌㄡˊ ㄌㄨㄛ,嘍囉󠇡,U+560D U+56C9 U+E01E1,囉:IVS+1,
簍子,ㄌㄡˇ ˙ㄗ,ㄌㄡˇ ㄗˇ,簍子󠇡,U+7C0D U+5B50 U+E01E1,子:IVS+1,
露白,ㄌㄡˋ ㄅㄞˊ,ㄌㄨˋ ㄅㄞˊ,露󠇡白,U+9732 U+E01E1 U+767D,露:IVS+1,
露馬腳,ㄌㄡˋ ㄇㄚˇ ㄐㄧㄠˇ,ㄌㄨˋ ㄇㄚˇ ㄐㄧㄠˇ,露󠇡馬腳,U+9732 U+E01E1 U+99AC U+8173,露:IVS+1,
露面,ㄌㄡˋ ㄇㄧㄢˋ,ㄌㄨˋ ㄇㄧㄢˋ,露󠇡面,U+9732 U+E01E1 U+9762,露:IVS+1,
露頭角,ㄌㄡˋ ㄊㄡˊ ㄐㄧㄠˇ,ㄌㄨˋ ㄊㄡˊ ㄐㄧㄠˇ,露󠇡頭角,U+9732 U+E01E1 U+982D U+89D2,露:IVS+1,
露臉,ㄌㄡˋ ㄌㄧㄢˇ,ㄌㄨˋ ㄌㄧㄢˇ,露󠇡臉,U+9732 U+E01E1 U+81C9,露:IVS+1,
露出,ㄌㄡˋ ㄔㄨ,ㄌㄨˋ ㄔㄨ,露󠇡出,U+9732 U+E01E1 U+51FA,露:IVS+1,
露出馬腳,ㄌㄡˋ ㄔㄨ ㄇㄚˇ ㄐㄧㄠˇ,ㄌㄨˋ ㄔㄨ ㄇㄚˇ ㄐㄧㄠˇ,露󠇡出馬腳,U+9732 U+E01E1 U+51FA U+99AC U+8173,露:IVS+1,
露一手,ㄌㄡˋ ㄧ ㄕㄡˇ,ㄌㄨˋ ㄧ ㄕㄡˇ,露󠇡一手,U+9732 U+E01E1 U+4E00 U+624B,露:IVS+1,
藍調,ㄌㄢˊ ㄉㄧㄠˋ,ㄌㄢˊ ㄊㄧㄠˊ,藍調󠇡,U+85CD U+8ABF U+E01E1,調:IVS+1,
籃子,ㄌㄢˊ ˙ㄗ,ㄌㄢˊ ㄗˇ,籃子󠇡,U+7C43 U+5B50 U+E01E1,子:IVS+1,
懶骨頭,ㄌㄢˇ ㄍㄨˊ ˙ㄊㄡ,ㄌㄢˇ ㄍㄨˇ ㄊㄡˊ,懶骨󠇢頭󠇡,U+61F6 U+9AA8 U+E01E2 U+982D U+E01E1,骨:IVS+2; 頭:IVS+1,
懶散,ㄌㄢˇ ㄙㄢˇ,ㄌㄢˇ ㄙㄢˋ,懶散󠇡,U+61F6 U+6563 U+E01E1,散:IVS+1,
爛攤子,ㄌㄢˋ ㄊㄢ ˙ㄗ,ㄌㄢˋ ㄊㄢ ㄗˇ,爛攤子󠇡,U+721B U+6524 U+5B50 U+E01E1,子:IVS+1,
狼藉,ㄌㄤˊ ㄐㄧˊ,ㄌㄤˊ ㄐㄧㄝˋ,狼藉󠇡,U+72FC U+85C9 U+E01E1,藉:IVS+1,
榔頭,ㄌㄤˊ ˙ㄊㄡ,ㄌㄤˊ ㄊㄡˊ,榔頭󠇡,U+6994 U+982D U+E01E1,頭:IVS+1,
浪頭,ㄌㄤˋ ˙ㄊㄡ,ㄌㄤˋ ㄊㄡˊ,浪頭󠇡,U+6D6A U+982D U+E01E1,頭:IVS+1,
怔住,ㄌㄥˋ ㄓㄨˋ,ㄓㄥ ㄓㄨˋ,怔󠇡住,U+6014 U+E01E1 U+4F4F,怔:IVS+1,
哩哩囉囉,ㄌㄧ ㄌㄧ ㄌㄨㄛ ㄌㄨㄛ,ㄌㄧˇ ㄌㄧˇ ㄌㄨㄛ ㄌㄨㄛ,哩󠇢哩󠇢囉囉,U+54E9 U+E01E2 U+54E9 U+E01E2 U+56C9 U+56C9,哩:IVS+2; 哩:IVS+2,
哩嚕,ㄌㄧ ㄌㄨ,ㄌㄧˇ ㄌㄨ,哩󠇢嚕,U+54E9 U+E01E2 U+5695,哩:IVS+2,
梨子,ㄌㄧˊ ˙ㄗ,ㄌㄧˊ ㄗˇ,梨子󠇡,U+68A8 U+5B50 U+E01E1,子:IVS+1,
離間,ㄌㄧˊ ㄐㄧㄢˋ,ㄌㄧˊ ㄐㄧㄢ,離間󠇡,U+96E2 U+9593 U+E01E1,間:IVS+1,
罹難,ㄌㄧˊ ㄋㄢˋ,ㄌㄧˊ ㄋㄢˊ,罹難󠇡,U+7F79 U+96E3 U+E01E1,難:IVS+1,
李子,ㄌㄧˇ ˙ㄗ,ㄌㄧˇ ㄗˇ,李子󠇡,U+674E U+5B50 U+E01E1,子:IVS+1,
里長,ㄌㄧˇ ㄓㄤˇ,ㄌㄧˇ ㄔㄤˊ,里長󠇡,U+91CC U+9577 U+E01E1,長:IVS+1,
理事長,ㄌㄧˇ ㄕˋ ㄓㄤˇ,ㄌㄧˇ ㄕˋ ㄔㄤˊ,理事長󠇡,U+7406 U+4E8B U+9577 U+E01E1,長:IVS+1,
裡頭,ㄌㄧˇ ˙ㄊㄡ,ㄌㄧˇ ㄊㄡˊ,裡頭󠇡,U+88E1 U+982D U+E01E1,頭:IVS+1,
裡子,ㄌㄧˇ ˙ㄗ,ㄌㄧˇ ㄗˇ,裡子󠇡,U+88E1 U+5B50 U+E01E1,子:IVS+1,
裡應外合,ㄌㄧˇ ㄧㄥˋ ㄨㄞˋ ㄏㄜˊ,ㄌㄧˇ ㄧㄥ ㄨㄞˋ ㄏㄜˊ,裡應󠇡外合,U+88E1 U+61C9 U+E01E1 U+5916 U+5408,應:IVS+1,
禮樂,ㄌㄧˇ ㄩㄝˋ,ㄌㄧˇ ㄌㄜˋ,禮樂󠇡,U+79AE U+6A02 U+E01E1,樂:IVS+1,
力有未逮,ㄌㄧˋ ㄧㄡˇ ㄨㄟˋ ㄉㄞˋ,ㄌㄧˋ ㄧㄡˇ ㄨㄟˋ ㄉㄞˇ,力有未逮󠇡,U+529B U+6709 U+672A U+902E U+E01E1,逮:IVS+1,
例假,ㄌㄧˋ ㄐㄧㄚˋ,ㄌㄧˋ ㄐㄧㄚˇ,例假󠇡,U+4F8B U+5047 U+E01E1,假:IVS+1,
例假日,ㄌㄧˋ ㄐㄧㄚˋ ㄖˋ,ㄌㄧˋ ㄐㄧㄚˇ ㄖˋ,例假󠇡日,U+4F8B U+5047 U+E01E1 U+65E5,假:IVS+1,
例子,ㄌㄧˋ ˙ㄗ,ㄌㄧˋ ㄗˇ,例子󠇡,U+4F8B U+5B50 U+E01E1,子:IVS+1,
栗子,ㄌㄧˋ ˙ㄗ,ㄌㄧˋ ㄗˇ,栗子󠇡,U+6817 U+5B50 U+E01E1,子:IVS+1,
麗都,ㄌㄧˋ ㄉㄨ,ㄌㄧˋ ㄉㄡ,麗都󠇡,U+9E97 U+90FD U+E01E1,都:IVS+1,
列傳,ㄌㄧㄝˋ ㄓㄨㄢˋ,ㄌㄧㄝˋ ㄔㄨㄢˊ,列傳󠇡,U+5217 U+50B3 U+E01E1,傳:IVS+1,
裂縫,ㄌㄧㄝˋ ㄈㄥˋ,ㄌㄧㄝˋ ㄈㄥˊ,裂縫󠇡,U+88C2 U+7E2B U+E01E1,縫:IVS+1,
邋邋,ㄌㄧㄝˋ ㄌㄧㄝˋ,ㄌㄚˊ ㄌㄚˊ,邋󠇡邋󠇡,U+908B U+E01E1 U+908B U+E01E1,邋:IVS+1; 邋:IVS+1,
寥寥可數,ㄌㄧㄠˊ ㄌㄧㄠˊ ㄎㄜˇ ㄕㄨˇ,ㄌㄧㄠˊ ㄌㄧㄠˊ ㄎㄜˇ ㄕㄨˋ,寥寥可數󠇡,U+5BE5 U+5BE5 U+53EF U+6578 U+E01E1,數:IVS+1,
潦倒,ㄌㄧㄠˊ ㄉㄠˇ,ㄌㄧㄠˊ ㄉㄠˋ,潦倒󠇡,U+6F66 U+5012 U+E01E1,倒:IVS+1,
了不得,ㄌㄧㄠˇ ㄅㄨˋ ˙ㄉㄜ,˙ㄌㄜ ㄅㄨˋ ㄉㄜˊ,了󠇡不得󠇡,U+4E86 U+E01E1 U+4E0D U+5F97 U+E01E1,了:IVS+1; 得:IVS+1,
了不起,ㄌㄧㄠˇ ㄅㄨˋ ㄑㄧˇ,˙ㄌㄜ ㄅㄨˋ ㄑㄧˇ,了󠇡不起,U+4E86 U+E01E1 U+4E0D U+8D77,了:IVS+1,
了得,ㄌㄧㄠˇ ˙ㄉㄜ,˙ㄌㄜ ㄉㄜˊ,了󠇡得󠇡,U+4E86 U+E01E1 U+5F97 U+E01E1,了:IVS+1; 得:IVS+1,
了當,ㄌㄧㄠˇ ㄉㄤˋ,˙ㄌㄜ ㄉㄤ,了󠇡當󠇡,U+4E86 U+E01E1 U+7576 U+E01E1,了:IVS+1; 當:IVS+1,
了斷,ㄌㄧㄠˇ ㄉㄨㄢˋ,˙ㄌㄜ ㄉㄨㄢˋ,了󠇡斷,U+4E86 U+E01E1 U+65B7,了:IVS+1,
了了,ㄌㄧㄠˇ ㄌㄧㄠˇ,˙ㄌㄜ ˙ㄌㄜ,了󠇡了󠇡,U+4E86 U+E01E1 U+4E86 U+E01E1,了:IVS+1; 了:IVS+1,
了結,ㄌㄧㄠˇ ㄐㄧㄝˊ,˙ㄌㄜ ㄐㄧㄝˊ,了󠇡結,U+4E86 U+E01E1 U+7D50,了:IVS+1,
了解,ㄌㄧㄠˇ ㄐㄧㄝˇ,˙ㄌㄜ ㄐㄧㄝˇ,了󠇡解,U+4E86 U+E01E1 U+89E3,了:IVS+1,
了卻,ㄌㄧㄠˇ ㄑㄩㄝˋ,˙ㄌㄜ ㄑㄩㄝˋ,了󠇡卻,U+4E86 U+E01E1 U+537B,了:IVS+1,
了事,ㄌㄧㄠˇ ㄕˋ,˙ㄌㄜ ㄕˋ,了󠇡事,U+4E86 U+E01E1 U+4E8B,了:IVS+1,
了然,ㄌㄧㄠˇ ㄖㄢˊ,˙ㄌㄜ ㄖㄢˊ,了󠇡然,U+4E86 U+E01E1 U+7136,了:IVS+1,
了案,ㄌㄧㄠˇ ㄢˋ,˙ㄌㄜ ㄢˋ,了󠇡案,U+4E86 U+E01E1 U+6848,了:IVS+1,
了無新意,ㄌㄧㄠˇ ㄨˊ ㄒㄧㄣ ㄧˋ,˙ㄌㄜ ㄨˊ ㄒㄧㄣ ㄧˋ,了󠇡無新意,U+4E86 U+E01E1 U+7121 U+65B0 U+610F,了:IVS+1,
了無生趣,ㄌㄧㄠˇ ㄨˊ ㄕㄥ ㄑㄩˋ,˙ㄌㄜ ㄨˊ ㄕㄥ ㄑㄩˋ,了󠇡無生趣,U+4E86 U+E01E1 U+7121 U+751F U+8DA3,了:IVS+1,
了悟,ㄌㄧㄠˇ ㄨˋ,˙ㄌㄜ ㄨˋ,了󠇡悟,U+4E86 U+E01E1 U+609F,了:IVS+1,
料中,ㄌㄧㄠˋ ㄓㄨㄥˋ,ㄌㄧㄠˋ ㄓㄨㄥ,料中󠇡,U+6599 U+4E2D U+E01E1,中:IVS+1,
料子,ㄌㄧㄠˋ ˙ㄗ,ㄌㄧㄠˋ ㄗˇ,料子󠇡,U+6599 U+5B50 U+E01E1,子:IVS+1,
撂倒,ㄌㄧㄠˋ ㄉㄠˇ,ㄌㄧㄠˋ ㄉㄠˋ,撂倒󠇡,U+6482 U+5012 U+E01E1,倒:IVS+1,
瞭望,ㄌㄧㄠˋ ㄨㄤˋ,ㄌㄧㄠˇ ㄨㄤˋ,瞭󠇡望,U+77AD U+E01E1 U+671B,瞭:IVS+1,
瞭望臺,ㄌㄧㄠˋ ㄨㄤˋ ㄊㄞˊ,ㄌㄧㄠˇ ㄨㄤˋ ㄊㄞˊ,瞭󠇡望臺,U+77AD U+E01E1 U+671B U+81FA,瞭:IVS+1,
流氓,ㄌㄧㄡˊ ㄇㄤˊ,ㄌㄧㄡˊ ㄇㄥˊ,流氓󠇡,U+6D41 U+6C13 U+E01E1,氓:IVS+1,
六畜,ㄌㄧㄡˋ ㄔㄨˋ,ㄌㄧㄡˋ ㄒㄩˋ,六畜󠇡,U+516D U+755C U+E01E1,畜:IVS+1,
蹓躂,ㄌㄧㄡˋ ㄉㄚ,ㄌㄧㄡˋ ㄊㄚˋ,蹓躂󠇡,U+8E53 U+8E82 U+E01E1,躂:IVS+1,
連篇累牘,ㄌㄧㄢˊ ㄆㄧㄢ ㄌㄟˇ ㄉㄨˊ,ㄌㄧㄢˊ ㄆㄧㄢ ㄌㄟˋ ㄉㄨˊ,連篇累󠇡牘,U+9023 U+7BC7 U+7D2F U+E01E1 U+7258,累:IVS+1,
連續假日,ㄌㄧㄢˊ ㄒㄩˋ ㄐㄧㄚˋ ㄖˋ,ㄌㄧㄢˊ ㄒㄩˋ ㄐㄧㄚˇ ㄖˋ,連續假󠇡日,U+9023 U+7E8C U+5047 U+E01E1 U+65E5,假:IVS+1,
連長,ㄌㄧㄢˊ ㄓㄤˇ,ㄌㄧㄢˊ ㄔㄤˊ,連長󠇡,U+9023 U+9577 U+E01E1,長:IVS+1,
連署,ㄌㄧㄢˊ ㄕㄨˋ,ㄌㄧㄢˊ ㄕㄨˇ,連署󠇡,U+9023 U+7F72 U+E01E1,署:IVS+1,
連鎖反應,ㄌㄧㄢˊ ㄙㄨㄛˇ ㄈㄢˇ ㄧㄥˋ,ㄌㄧㄢˊ ㄙㄨㄛˇ ㄈㄢˇ ㄧㄥ,連鎖反應󠇡,U+9023 U+9396 U+53CD U+61C9 U+E01E1,應:IVS+1,
蓮花落,ㄌㄧㄢˊ ㄏㄨㄚ ㄌㄠˋ,ㄌㄧㄢˊ ㄏㄨㄚ ㄌㄨㄛˋ,蓮花落󠇢,U+84EE U+82B1 U+843D U+E01E2,落:IVS+2,
聯屬,ㄌㄧㄢˊ ㄓㄨˇ,ㄌㄧㄢˊ ㄕㄨˇ,聯屬󠇡,U+806F U+5C6C U+E01E1,屬:IVS+1,
臉紅脖子粗,ㄌㄧㄢˇ ㄏㄨㄥˊ ㄅㄛˊ ˙ㄗ ㄘㄨ,ㄌㄧㄢˇ ㄏㄨㄥˊ ㄅㄛˊ ㄗˇ ㄘㄨ,臉紅脖子󠇡粗,U+81C9 U+7D05 U+8116 U+5B50 U+E01E1 U+7C97,子:IVS+1,
鍊子,ㄌㄧㄢˋ ˙ㄗ,ㄌㄧㄢˋ ㄗˇ,鍊子󠇡,U+934A U+5B50 U+E01E1,子:IVS+1,
鏈子,ㄌㄧㄢˋ ˙ㄗ,ㄌㄧㄢˋ ㄗˇ,鏈子󠇡,U+93C8 U+5B50 U+E01E1,子:IVS+1,
鄰長,ㄌㄧㄣˊ ㄓㄤˇ,ㄌㄧㄣˊ ㄔㄤˊ,鄰長󠇡,U+9130 U+9577 U+E01E1,長:IVS+1,
鱗次櫛比,ㄌㄧㄣˊ ㄘˋ ㄐㄧㄝˊ ㄅㄧˋ,ㄌㄧㄣˊ ㄘˋ ㄐㄧㄝˊ ㄅㄧˇ,鱗次櫛比󠇡,U+9C57 U+6B21 U+6ADB U+6BD4 U+E01E1,比:IVS+1,
臨機應變,ㄌㄧㄣˊ ㄐㄧ ㄧㄥˋ ㄅㄧㄢˋ,ㄌㄧㄣˊ ㄐㄧ ㄧㄥ ㄅㄧㄢˋ,臨機應󠇡變,U+81E8 U+6A5F U+61C9 U+E01E1 U+8B8A,應:IVS+1,
良將,ㄌㄧㄤˊ ㄐㄧㄤˋ,ㄌㄧㄤˊ ㄐㄧㄤ,良將󠇡,U+826F U+5C07 U+E01E1,將:IVS+1,
量杯,ㄌㄧㄤˊ ㄅㄟ,ㄌㄧㄤˋ ㄅㄟ,量󠇡杯,U+91CF U+E01E1 U+676F,量:IVS+1,
量度,ㄌㄧㄤˊ ㄉㄨㄛˋ,ㄌㄧㄤˋ ㄉㄨˋ,量󠇡度󠇡,U+91CF U+E01E1 U+5EA6 U+E01E1,量:IVS+1; 度:IVS+1,
量筒,ㄌㄧㄤˊ ㄊㄨㄥˇ,ㄌㄧㄤˋ ㄊㄨㄥˇ,量󠇡筒,U+91CF U+E01E1 U+7B52,量:IVS+1,
量角器,ㄌㄧㄤˊ ㄐㄧㄠˇ ㄑㄧˋ,ㄌㄧㄤˋ ㄐㄧㄠˇ ㄑㄧˋ,量󠇡角器,U+91CF U+E01E1 U+89D2 U+5668,量:IVS+1,
量測,ㄌㄧㄤˊ ㄘㄜˋ,ㄌㄧㄤˋ ㄘㄜˋ,量󠇡測,U+91CF U+E01E1 U+6E2C,量:IVS+1,
兩把刷子,ㄌㄧㄤˇ ㄅㄚˇ ㄕㄨㄚ ˙ㄗ,ㄌㄧㄤˇ ㄅㄚˇ ㄕㄨㄚ ㄗˇ,兩把刷子󠇡,U+5169 U+628A U+5237 U+5B50 U+E01E1,子:IVS+1,
兩邊倒,ㄌㄧㄤˇ ㄅㄧㄢ ㄉㄠˇ,ㄌㄧㄤˇ ㄅㄧㄢ ㄉㄠˋ,兩邊倒󠇡,U+5169 U+908A U+5012 U+E01E1,倒:IVS+1,
兩不相欠,ㄌㄧㄤˇ ㄅㄨˋ ㄒㄧㄤ ㄑㄧㄢˋ,ㄌㄧㄤˇ ㄅㄨˋ ㄒㄧㄤˋ ㄑㄧㄢˋ,兩不相󠇡欠,U+5169 U+4E0D U+76F8 U+E01E1 U+6B20,相:IVS+1,
兩口子,ㄌㄧㄤˇ ㄎㄡˇ ˙ㄗ,ㄌㄧㄤˇ ㄎㄡˇ ㄗˇ,兩口子󠇡,U+5169 U+53E3 U+5B50 U+E01E1,子:IVS+1,
兩虎相爭,ㄌㄧㄤˇ ㄏㄨˇ ㄒㄧㄤ ㄓㄥ,ㄌㄧㄤˇ ㄏㄨˇ ㄒㄧㄤˋ ㄓㄥ,兩虎相󠇡爭,U+5169 U+864E U+76F8 U+E01E1 U+722D,相:IVS+1,
兩情相悅,ㄌㄧㄤˇ ㄑㄧㄥˊ ㄒㄧㄤ ㄩㄝˋ,ㄌㄧㄤˇ ㄑㄧㄥˊ ㄒㄧㄤˋ ㄩㄝˋ,兩情相󠇡悅,U+5169 U+60C5 U+76F8 U+E01E1 U+6085,相:IVS+1,
兩下子,ㄌㄧㄤˇ ㄒㄧㄚˋ ˙ㄗ,ㄌㄧㄤˇ ㄒㄧㄚˋ ㄗˇ,兩下子󠇡,U+5169 U+4E0B U+5B50 U+E01E1,子:IVS+1,
兩相情願,ㄌㄧㄤˇ ㄒㄧㄤ ㄑㄧㄥˊ ㄩㄢˋ,ㄌㄧㄤˇ ㄒㄧㄤˋ ㄑㄧㄥˊ ㄩㄢˋ,兩相󠇡情願,U+5169 U+76F8 U+E01E1 U+60C5 U+9858,相:IVS+1,
聆樂,ㄌㄧㄥˊ ㄩㄝˋ,ㄌㄧㄥˊ ㄌㄜˋ,聆樂󠇡,U+8046 U+6A02 U+E01E1,樂:IVS+1,
零零散散,ㄌㄧㄥˊ ㄌㄧㄥˊ ㄙㄢˇ ㄙㄢˇ,ㄌㄧㄥˊ ㄌㄧㄥˊ ㄙㄢˋ ㄙㄢˋ,零零散󠇡散󠇡,U+96F6 U+96F6 U+6563 U+E01E1 U+6563 U+E01E1,散:IVS+1; 散:IVS+1,
零散,ㄌㄧㄥˊ ㄙㄢˇ,ㄌㄧㄥˊ ㄙㄢˋ,零散󠇡,U+96F6 U+6563 U+E01E1,散:IVS+1,
靈犀相通,ㄌㄧㄥˊ ㄒㄧ ㄒㄧㄤ ㄊㄨㄥ,ㄌㄧㄥˊ ㄒㄧ ㄒㄧㄤˋ ㄊㄨㄥ,靈犀相󠇡通,U+9748 U+7280 U+76F8 U+E01E1 U+901A,相:IVS+1,
靈長目,ㄌㄧㄥˊ ㄓㄤˇ ㄇㄨˋ,ㄌㄧㄥˊ ㄔㄤˊ ㄇㄨˋ,靈長󠇡目,U+9748 U+9577 U+E01E1 U+76EE,長:IVS+1,
領子,ㄌㄧㄥˇ ˙ㄗ,ㄌㄧㄥˇ ㄗˇ,領子󠇡,U+9818 U+5B50 U+E01E1,子:IVS+1,
另眼相看,ㄌㄧㄥˋ ㄧㄢˇ ㄒㄧㄤ ㄎㄢˋ,ㄌㄧㄥˋ ㄧㄢˇ ㄒㄧㄤˋ ㄎㄢˋ,另眼相󠇡看,U+53E6 U+773C U+76F8 U+E01E1 U+770B,相:IVS+1,
路子,ㄌㄨˋ ˙ㄗ,ㄌㄨˋ ㄗˇ,路子󠇡,U+8DEF U+5B50 U+E01E1,子:IVS+1,
蓼蓼,ㄌㄨˋ ㄌㄨˋ,ㄌㄧㄠˇ ㄌㄧㄠˇ,蓼󠇡蓼󠇡,U+84FC U+E01E1 U+84FC U+E01E1,蓼:IVS+1; 蓼:IVS+1,
螺絲起子,ㄌㄨㄛˊ ㄙ ㄑㄧˇ ˙ㄗ,ㄌㄨㄛˊ ㄙ ㄑㄧˇ ㄗˇ,螺絲起子󠇡,U+87BA U+7D72 U+8D77 U+5B50 U+E01E1,子:IVS+1,
落魄,ㄌㄨㄛˋ ㄊㄨㄛˋ,ㄌㄨㄛˋ ㄆㄛˋ,落魄󠇡,U+843D U+9B44 U+E01E1,魄:IVS+1,
落難,ㄌㄨㄛˋ ㄋㄢˋ,ㄌㄨㄛˋ ㄋㄢˊ,落難󠇡,U+843D U+96E3 U+E01E1,難:IVS+1,
漯河,ㄌㄨㄛˋ ㄏㄜˊ,ㄊㄚˋ ㄏㄜˊ,漯󠇡河,U+6F2F U+E01E1 U+6CB3,漯:IVS+1,
亂子,ㄌㄨㄢˋ ˙ㄗ,ㄌㄨㄢˋ ㄗˇ,亂子󠇡,U+4E82 U+5B50 U+E01E1,子:IVS+1,
淪喪,ㄌㄨㄣˊ ㄙㄤˋ,ㄌㄨㄣˊ ㄙㄤ,淪喪󠇡,U+6DEA U+55AA U+E01E1,喪:IVS+1,
論孟,ㄌㄨㄣˊ ㄇㄥˋ,ㄌㄨㄣˋ ㄇㄥˋ,論󠇡孟,U+8AD6 U+E01E1 U+5B5F,論:IVS+1,
論語,ㄌㄨㄣˊ ㄩˇ,ㄌㄨㄣˋ ㄩˇ,論󠇡語,U+8AD6 U+E01E1 U+8A9E,論:IVS+1,
輪調,ㄌㄨㄣˊ ㄉㄧㄠˋ,ㄌㄨㄣˊ ㄊㄧㄠˊ,輪調󠇡,U+8F2A U+8ABF U+E01E1,調:IVS+1,
輪子,ㄌㄨㄣˊ ˙ㄗ,ㄌㄨㄣˊ ㄗˇ,輪子󠇡,U+8F2A U+5B50 U+E01E1,子:IVS+1,
論調,ㄌㄨㄣˋ ㄉㄧㄠˋ,ㄌㄨㄣˋ ㄊㄧㄠˊ,論調󠇡,U+8AD6 U+8ABF U+E01E1,調:IVS+1,
論著,ㄌㄨㄣˋ ㄓㄨˋ,ㄌㄨㄣˋ ˙ㄓㄜ,論著󠇡,U+8AD6 U+8457 U+E01E1,著:IVS+1,
隆盛,ㄌㄨㄥˊ ㄕㄥˋ,ㄌㄨㄥˊ ㄔㄥˊ,隆盛󠇡,U+9686 U+76DB U+E01E1,盛:IVS+1,
籠子,ㄌㄨㄥˊ ˙ㄗ,ㄌㄨㄥˊ ㄗˇ,籠子󠇡,U+7C60 U+5B50 U+E01E1,子:IVS+1,
弄堂,ㄌㄨㄥˋ ㄊㄤˊ,ㄋㄨㄥˋ ㄊㄤˊ,弄󠇡堂,U+5F04 U+E01E1 U+5802,弄:IVS+1,
驢子,ㄌㄩˊ ˙ㄗ,ㄌㄩˊ ㄗˇ,驢子󠇡,U+9A62 U+5B50 U+E01E1,子:IVS+1,
旅長,ㄌㄩˇ ㄓㄤˇ,ㄌㄩˇ ㄔㄤˊ,旅長󠇡,U+65C5 U+9577 U+E01E1,長:IVS+1,
旮旯兒,ㄍㄚ ㄌㄚˊ ㄦ,ㄍㄚ ㄌㄚˊ ㄦˊ,旮旯兒󠇡,U+65EE U+65EF U+5152 U+E01E1,兒:IVS+1,
咯咯作響,ㄍㄜ ㄍㄜ ㄗㄨㄛˋ ㄒㄧㄤˇ,˙ㄌㄛ ˙ㄌㄛ ㄗㄨㄛˋ ㄒㄧㄤˇ,咯󠇡咯󠇡作響,U+54AF U+E01E1 U+54AF U+E01E1 U+4F5C U+97FF,咯:IVS+1; 咯:IVS+1,
哥哥,ㄍㄜ ˙ㄍㄜ,ㄍㄜ ㄍㄜ,哥哥󠇡,U+54E5 U+54E5 U+E01E1,哥:IVS+1,
哥兒們,ㄍㄜ ㄦ ˙ㄇㄣ,ㄍㄜ ㄦˊ ˙ㄇㄣ,哥兒󠇡們,U+54E5 U+5152 U+E01E1 U+5011,兒:IVS+1,
哥兒倆,ㄍㄜ ㄦ ㄌㄧㄚˇ,ㄍㄜ ㄦˊ ㄌㄧㄤˇ,哥兒󠇡倆󠇡,U+54E5 U+5152 U+E01E1 U+5006 U+E01E1,兒:IVS+1; 倆:IVS+1,
鴿子,ㄍㄜ ˙ㄗ,ㄍㄜ ㄗˇ,鴿子󠇡,U+9D3F U+5B50 U+E01E1,子:IVS+1,
格調,ㄍㄜˊ ㄉㄧㄠˋ,ㄍㄜˊ ㄊㄧㄠˊ,格調󠇡,U+683C U+8ABF U+E01E1,調:IVS+1,
格子,ㄍㄜˊ ˙ㄗ,ㄍㄜˊ ㄗˇ,格子󠇡,U+683C U+5B50 U+E01E1,子:IVS+1,
隔行如隔山,ㄍㄜˊ ㄏㄤˊ ㄖㄨˊ ㄍㄜˊ ㄕㄢ,ㄍㄜˊ ㄒㄧㄥˊ ㄖㄨˊ ㄍㄜˊ ㄕㄢ,隔行󠇡如隔山,U+9694 U+884C U+E01E1 U+5982 U+9694 U+5C71,行:IVS+1,
各不相讓,ㄍㄜˋ ㄅㄨˋ ㄒㄧㄤ ㄖㄤˋ,ㄍㄜˋ ㄅㄨˋ ㄒㄧㄤˋ ㄖㄤˋ,各不相󠇡讓,U+5404 U+4E0D U+76F8 U+E01E1 U+8B93,相:IVS+1,
各行各業,ㄍㄜˋ ㄏㄤˊ ㄍㄜˋ ㄧㄝˋ,ㄍㄜˋ ㄒㄧㄥˊ ㄍㄜˋ ㄧㄝˋ,各行󠇡各業,U+5404 U+884C U+E01E1 U+5404 U+696D,行:IVS+1,
個子,ㄍㄜˋ ˙ㄗ,ㄍㄜˋ ㄗˇ,個子󠇡,U+500B U+5B50 U+E01E1,子:IVS+1,
個兒,ㄍㄜˋ ㄦ,ㄍㄜˋ ㄦˊ,個兒󠇡,U+500B U+5152 U+E01E1,兒:IVS+1,
改行,ㄍㄞˇ ㄏㄤˊ,ㄍㄞˇ ㄒㄧㄥˊ,改行󠇡,U+6539 U+884C U+E01E1,行:IVS+1,
改弦更張,ㄍㄞˇ ㄒㄧㄢˊ ㄍㄥ ㄓㄤ,ㄍㄞˇ ㄒㄧㄢˊ ㄍㄥˋ ㄓㄤ,改弦更󠇡張,U+6539 U+5F26 U+66F4 U+E01E1 U+5F35,更:IVS+1,
蓋頭,ㄍㄞˋ ˙ㄊㄡ,ㄍㄞˋ ㄊㄡˊ,蓋頭󠇡,U+84CB U+982D U+E01E1,頭:IVS+1,
高帽子,ㄍㄠ ㄇㄠˋ ˙ㄗ,ㄍㄠ ㄇㄠˋ ㄗˇ,高帽子󠇡,U+9AD8 U+5E3D U+5B50 U+E01E1,子:IVS+1,
高調,ㄍㄠ ㄉㄧㄠˋ,ㄍㄠ ㄊㄧㄠˊ,高調󠇡,U+9AD8 U+8ABF U+E01E1,調:IVS+1,
高麗,ㄍㄠ ㄌㄧˊ,ㄍㄠ ㄌㄧˋ,高麗󠇡,U+9AD8 U+9E97 U+E01E1,麗:IVS+1,
高興,ㄍㄠ ㄒㄧㄥˋ,ㄍㄠ ㄒㄧㄥ,高興󠇡,U+9AD8 U+8208 U+E01E1,興:IVS+1,
高處不勝寒,ㄍㄠ ㄔㄨˋ ㄅㄨˋ ㄕㄥ ㄏㄢˊ,ㄍㄠ ㄔㄨˇ ㄅㄨˋ ㄕㄥˋ ㄏㄢˊ,高處󠇡不勝󠇡寒,U+9AD8 U+8655 U+E01E1 U+4E0D U+52DD U+E01E1 U+5BD2,處:IVS+1; 勝:IVS+1,
皋陶,ㄍㄠ ㄧㄠˊ,ㄍㄠ ㄊㄠˊ,皋陶󠇡,U+768B U+9676 U+E01E1,陶:IVS+1,
稿子,ㄍㄠˇ ˙ㄗ,ㄍㄠˇ ㄗˇ,稿子󠇡,U+7A3F U+5B50 U+E01E1,子:IVS+1,
告老還鄉,ㄍㄠˋ ㄌㄠˇ ㄏㄨㄢˊ ㄒㄧㄤ,ㄍㄠˋ ㄌㄠˇ ㄏㄞˊ ㄒㄧㄤ,告老還󠇡鄉,U+544A U+8001 U+9084 U+E01E1 U+9109,還:IVS+1,
告假,ㄍㄠˋ ㄐㄧㄚˋ,ㄍㄠˋ ㄐㄧㄚˇ,告假󠇡,U+544A U+5047 U+E01E1,假:IVS+1,
鉤子,ㄍㄡ ˙ㄗ,ㄍㄡ ㄗˇ,鉤子󠇡,U+9264 U+5B50 U+E01E1,子:IVS+1,
狗腿子,ㄍㄡˇ ㄊㄨㄟˇ ˙ㄗ,ㄍㄡˇ ㄊㄨㄟˇ ㄗˇ,狗腿子󠇡,U+72D7 U+817F U+5B50 U+E01E1,子:IVS+1,
狗拿耗子,ㄍㄡˇ ㄋㄚˊ ㄏㄠˋ ˙ㄗ,ㄍㄡˇ ㄋㄚˊ ㄏㄠˋ ㄗˇ,狗拿耗子󠇡,U+72D7 U+62FF U+8017 U+5B50 U+E01E1,子:IVS+1,
勾當,ㄍㄡˋ ㄉㄤˋ,ㄍㄡ ㄉㄤ,勾󠇡當󠇡,U+52FE U+E01E1 U+7576 U+E01E1,勾:IVS+1; 當:IVS+1,
句當,ㄍㄡˋ ㄉㄤˋ,ㄐㄩˋ ㄉㄤ,句󠇢當󠇡,U+53E5 U+E01E2 U+7576 U+E01E1,句:IVS+2; 當:IVS+1,
夠面子,ㄍㄡˋ ㄇㄧㄢˋ ˙ㄗ,ㄍㄡˋ ㄇㄧㄢˋ ㄗˇ,夠面子󠇡,U+5920 U+9762 U+5B50 U+E01E1,子:IVS+1,
肝膽相照,ㄍㄢ ㄉㄢˇ ㄒㄧㄤ ㄓㄠˋ,ㄍㄢ ㄉㄢˇ ㄒㄧㄤˋ ㄓㄠˋ,肝膽相󠇡照,U+809D U+81BD U+76F8 U+E01E1 U+7167,相:IVS+1,
竿子,ㄍㄢ ˙ㄗ,ㄍㄢ ㄗˇ,竿子󠇡,U+7AFF U+5B50 U+E01E1,子:IVS+1,
乾親家,ㄍㄢ ㄑㄧㄥˋ ㄐㄧㄚ,ㄍㄢ ㄑㄧㄣ ㄐㄧㄚ,乾親󠇡家,U+4E7E U+89AA U+E01E1 U+5BB6,親:IVS+1,
乾著急,ㄍㄢ ㄓㄠ ㄐㄧˊ,ㄍㄢ ˙ㄓㄜ ㄐㄧˊ,乾著󠇢急,U+4E7E U+8457 U+E01E2 U+6025,著:IVS+2,
乾兒子,ㄍㄢ ㄦˊ ˙ㄗ,ㄍㄢ ㄦˊ ㄗˇ,乾兒子󠇡,U+4E7E U+5152 U+5B50 U+E01E1,子:IVS+1,
感應,ㄍㄢˇ ㄧㄥˋ,ㄍㄢˇ ㄧㄥ,感應󠇡,U+611F U+61C9 U+E01E1,應:IVS+1,
跟頭,ㄍㄣ ˙ㄊㄡ,ㄍㄣ ㄊㄡˊ,跟頭󠇡,U+8DDF U+982D U+E01E1,頭:IVS+1,
剛正不阿,ㄍㄤ ㄓㄥˋ ㄅㄨˋ ㄜ,ㄍㄤ ㄓㄥˋ ㄅㄨˋ ㄚ,剛正不阿󠇡,U+525B U+6B63 U+4E0D U+963F U+E01E1,阿:IVS+1,
崗哨,ㄍㄤˇ ㄕㄠˋ,ㄍㄤ ㄕㄠˋ,崗󠇡哨,U+5D17 U+E01E1 U+54E8,崗:IVS+1,
崗位,ㄍㄤˇ ㄨㄟˋ,ㄍㄤ ㄨㄟˋ,崗󠇡位,U+5D17 U+E01E1 U+4F4D,崗:IVS+1,
港都,ㄍㄤˇ ㄉㄨ,ㄍㄤˇ ㄉㄡ,港都󠇡,U+6E2F U+90FD U+E01E1,都:IVS+1,
更名,ㄍㄥ ㄇㄧㄥˊ,ㄍㄥˋ ㄇㄧㄥˊ,更󠇡名,U+66F4 U+E01E1 U+540D,更:IVS+1,
更迭,ㄍㄥ ㄉㄧㄝˊ,ㄍㄥˋ ㄉㄧㄝˊ,更󠇡迭,U+66F4 U+E01E1 U+8FED,更:IVS+1,
更動,ㄍㄥ ㄉㄨㄥˋ,ㄍㄥˋ ㄉㄨㄥˋ,更󠇡動,U+66F4 U+E01E1 U+52D5,更:IVS+1,
更替,ㄍㄥ ㄊㄧˋ,ㄍㄥˋ ㄊㄧˋ,更󠇡替,U+66F4 U+E01E1 U+66FF,更:IVS+1,
更年期,ㄍㄥ ㄋㄧㄢˊ ㄑㄧˊ,ㄍㄥˋ ㄋㄧㄢˊ ㄑㄧˊ,更󠇡年期,U+66F4 U+E01E1 U+5E74 U+671F,更:IVS+1,
更改,ㄍㄥ ㄍㄞˇ,ㄍㄥˋ ㄍㄞˇ,更󠇡改,U+66F4 U+E01E1 U+6539,更:IVS+1,
更換,ㄍㄥ ㄏㄨㄢˋ,ㄍㄥˋ ㄏㄨㄢˋ,更󠇡換,U+66F4 U+E01E1 U+63DB,更:IVS+1,
更新,ㄍㄥ ㄒㄧㄣ,ㄍㄥˋ ㄒㄧㄣ,更󠇡新,U+66F4 U+E01E1 U+65B0,更:IVS+1,
更新換代,ㄍㄥ ㄒㄧㄣ ㄏㄨㄢˋ ㄉㄞˋ,ㄍㄥˋ ㄒㄧㄣ ㄏㄨㄢˋ ㄉㄞˋ,更󠇡新換代,U+66F4 U+E01E1 U+65B0 U+63DB U+4EE3,更:IVS+1,
更張,ㄍㄥ ㄓㄤ,ㄍㄥˋ ㄓㄤ,更󠇡張,U+66F4 U+E01E1 U+5F35,更:IVS+1,
更正,ㄍㄥ ㄓㄥˋ,ㄍㄥˋ ㄓㄥˋ,更󠇡正,U+66F4 U+E01E1 U+6B63,更:IVS+1,
更衣,ㄍㄥ ㄧ,ㄍㄥˋ ㄧ,更󠇡衣,U+66F4 U+E01E1 U+8863,更:IVS+1,
更易,ㄍㄥ ㄧˋ,ㄍㄥˋ ㄧˋ,更󠇡易,U+66F4 U+E01E1 U+6613,更:IVS+1,
耕種,ㄍㄥ ㄓㄨㄥˋ,ㄍㄥ ㄓㄨㄥˇ,耕種󠇡,U+8015 U+7A2E U+E01E1,種:IVS+1,
哽咽,ㄍㄥˇ ㄧㄝˋ,ㄍㄥˇ ㄧㄢ,哽咽󠇡,U+54FD U+54BD U+E01E1,咽:IVS+1,
梗塞,ㄍㄥˇ ㄙㄜˋ,ㄍㄥˇ ㄙㄞ,梗塞󠇡,U+6897 U+585E U+E01E1,塞:IVS+1,
更生保護,ㄍㄥ ㄕㄥ ㄅㄠˇ ㄏㄨˋ,ㄍㄥˋ ㄕㄥ ㄅㄠˇ ㄏㄨˋ,更󠇡生保護,U+66F4 U+E01E1 U+751F U+4FDD U+8B77,更:IVS+1,
姑姑,ㄍㄨ ˙ㄍㄨ,ㄍㄨ ㄍㄨ,姑姑󠇡,U+59D1 U+59D1 U+E01E1,姑:IVS+1,
呱呱,ㄍㄨ ㄍㄨ,ㄍㄨㄚ ㄍㄨㄚ,呱󠇢呱󠇢,U+5471 U+E01E2 U+5471 U+E01E2,呱:IVS+2; 呱:IVS+2,
呱呱墜地,ㄍㄨ ㄍㄨ ㄓㄨㄟˋ ㄉㄧˋ,ㄍㄨㄚ ㄍㄨㄚ ㄓㄨㄟˋ ㄉㄧˋ,呱󠇢呱󠇢墜地,U+5471 U+E01E2 U+5471 U+E01E2 U+589C U+5730,呱:IVS+2; 呱:IVS+2,
骨朵兒,ㄍㄨ ˙ㄉㄨㄛ ㄦ,ㄍㄨˇ ㄉㄨㄛˇ ㄦˊ,骨󠇡朵󠇡兒󠇡,U+9AA8 U+E01E1 U+6735 U+E01E1 U+5152 U+E01E1,骨:IVS+1; 朵:IVS+1; 兒:IVS+1,
骨碌,ㄍㄨ ㄌㄨˋ,ㄍㄨˇ ㄌㄨˋ,骨󠇡碌,U+9AA8 U+E01E1 U+788C,骨:IVS+1,
轂轆,ㄍㄨ ㄌㄨˋ,ㄍㄨˇ ㄌㄨˋ,轂󠇡轆,U+8F42 U+E01E1 U+8F46,轂:IVS+1,
骨頭,ㄍㄨˊ ˙ㄊㄡ,ㄍㄨˇ ㄊㄡˊ,骨󠇢頭󠇡,U+9AA8 U+E01E2 U+982D U+E01E1,骨:IVS+2; 頭:IVS+1,
鈷鉧,ㄍㄨˇ ㄇㄨˇ,ㄍㄨ ㄇㄨˇ,鈷󠇡鉧,U+9237 U+E01E1 U+9267,鈷:IVS+1,
汩沒,ㄍㄨˇ ㄇㄛˋ,ㄍㄨˇ ㄇㄟˊ,汩沒󠇡,U+6C69 U+6C92 U+E01E1,沒:IVS+1,
骨子,ㄍㄨˇ ˙ㄗ,ㄍㄨˇ ㄗˇ,骨子󠇡,U+9AA8 U+5B50 U+E01E1,子:IVS+1,
穀子,ㄍㄨˇ ˙ㄗ,ㄍㄨˇ ㄗˇ,穀子󠇡,U+7A40 U+5B50 U+E01E1,子:IVS+1,
告朔,ㄍㄨˋ ㄕㄨㄛˋ,ㄍㄠˋ ㄕㄨㄛˋ,告󠇡朔,U+544A U+E01E1 U+6714,告:IVS+1,
估衣,ㄍㄨˋ ㄧ,ㄍㄨ ㄧ,估󠇡衣,U+4F30 U+E01E1 U+8863,估:IVS+1,
顧不得,ㄍㄨˋ ㄅㄨˋ ˙ㄉㄜ,ㄍㄨˋ ㄅㄨˋ ㄉㄜˊ,顧不得󠇡,U+9867 U+4E0D U+5F97 U+E01E1,得:IVS+1,
瓜葛,ㄍㄨㄚ ㄍㄜˊ,ㄍㄨㄚ ㄍㄜˇ,瓜葛󠇡,U+74DC U+845B U+E01E1,葛:IVS+1,
刮目相看,ㄍㄨㄚ ㄇㄨˋ ㄒㄧㄤ ㄎㄢˋ,ㄍㄨㄚ ㄇㄨˋ ㄒㄧㄤˋ ㄎㄢˋ,刮目相󠇡看,U+522E U+76EE U+76F8 U+E01E1 U+770B,相:IVS+1,
寡廉鮮恥,ㄍㄨㄚˇ ㄌㄧㄢˊ ㄒㄧㄢˇ ㄔˇ,ㄍㄨㄚˇ ㄌㄧㄢˊ ㄒㄧㄢ ㄔˇ,寡廉鮮󠇡恥,U+5BE1 U+5EC9 U+9BAE U+E01E1 U+6065,鮮:IVS+1,
掛冠而去,ㄍㄨㄚˋ ㄍㄨㄢ ㄦˊ ㄑㄩˋ,ㄍㄨㄚˋ ㄍㄨㄢˋ ㄦˊ ㄑㄩˋ,掛冠󠇡而去,U+639B U+51A0 U+E01E1 U+800C U+53BB,冠:IVS+1,
蟈蟈兒,ㄍㄨㄛ ㄍㄨㄛ ㄦ,ㄍㄨㄛ ㄍㄨㄛ ㄦˊ,蟈蟈兒󠇡,U+87C8 U+87C8 U+5152 U+E01E1,兒:IVS+1,
國定假日,ㄍㄨㄛˊ ㄉㄧㄥˋ ㄐㄧㄚˋ ㄖˋ,ㄍㄨㄛˊ ㄉㄧㄥˋ ㄐㄧㄚˇ ㄖˋ,國定假󠇡日,U+570B U+5B9A U+5047 U+E01E1 U+65E5,假:IVS+1,
國都,ㄍㄨㄛˊ ㄉㄨ,ㄍㄨㄛˊ ㄉㄡ,國都󠇡,U+570B U+90FD U+E01E1,都:IVS+1,
國難,ㄍㄨㄛˊ ㄋㄢˋ,ㄍㄨㄛˊ ㄋㄢˊ,國難󠇡,U+570B U+96E3 U+E01E1,難:IVS+1,
國樂,ㄍㄨㄛˊ ㄩㄝˋ,ㄍㄨㄛˊ ㄌㄜˋ,國樂󠇡,U+570B U+6A02 U+E01E1,樂:IVS+1,
果子,ㄍㄨㄛˇ ˙ㄗ,ㄍㄨㄛˇ ㄗˇ,果子󠇡,U+679C U+5B50 U+E01E1,子:IVS+1,
過分,ㄍㄨㄛˋ ㄈㄣˋ,ㄍㄨㄛˋ ㄈㄣ,過分󠇡,U+904E U+5206 U+E01E1,分:IVS+1,
過當,ㄍㄨㄛˋ ㄉㄤˋ,ㄍㄨㄛˋ ㄉㄤ,過當󠇡,U+904E U+7576 U+E01E1,當:IVS+1,
過關斬將,ㄍㄨㄛˋ ㄍㄨㄢ ㄓㄢˇ ㄐㄧㄤˋ,ㄍㄨㄛˋ ㄍㄨㄢ ㄓㄢˇ ㄐㄧㄤ,過關斬將󠇡,U+904E U+95DC U+65AC U+5C07 U+E01E1,將:IVS+1,
過日子,ㄍㄨㄛˋ ㄖˋ ˙ㄗ,ㄍㄨㄛˋ ㄖˋ ㄗˇ,過日子󠇡,U+904E U+65E5 U+5B50 U+E01E1,子:IVS+1,
拐彎抹角,ㄍㄨㄞˇ ㄨㄢ ㄇㄛˋ ㄐㄧㄠˇ,ㄍㄨㄞˇ ㄨㄢ ㄇㄛˇ ㄐㄧㄠˇ,拐彎抹󠇡角,U+62D0 U+5F4E U+62B9 U+E01E1 U+89D2,抹:IVS+1,
怪不得,ㄍㄨㄞˋ ㄅㄨˋ ˙ㄉㄜ,ㄍㄨㄞˋ ㄅㄨˋ ㄉㄜˊ,怪不得󠇡,U+602A U+4E0D U+5F97 U+E01E1,得:IVS+1,
歸還,ㄍㄨㄟ ㄏㄨㄢˊ,ㄍㄨㄟ ㄏㄞˊ,歸還󠇡,U+6B78 U+9084 U+E01E1,還:IVS+1,
鬼哭神號,ㄍㄨㄟˇ ㄎㄨ ㄕㄣˊ ㄏㄠˊ,ㄍㄨㄟˇ ㄎㄨ ㄕㄣˊ ㄏㄠˋ,鬼哭神號󠇡,U+9B3C U+54ED U+795E U+865F U+E01E1,號:IVS+1,
鬼使神差,ㄍㄨㄟˇ ㄕˇ ㄕㄣˊ ㄔㄞ,ㄍㄨㄟˇ ㄕˇ ㄕㄣˊ ㄔㄚ,鬼使神差󠇡,U+9B3C U+4F7F U+795E U+5DEE U+E01E1,差:IVS+1,
鬼子,ㄍㄨㄟˇ ˙ㄗ,ㄍㄨㄟˇ ㄗˇ,鬼子󠇡,U+9B3C U+5B50 U+E01E1,子:IVS+1,
桂冠,ㄍㄨㄟˋ ㄍㄨㄢ,ㄍㄨㄟˋ ㄍㄨㄢˋ,桂冠󠇡,U+6842 U+51A0 U+E01E1,冠:IVS+1,
桂冠詩人,ㄍㄨㄟˋ ㄍㄨㄢ ㄕ ㄖㄣˊ,ㄍㄨㄟˋ ㄍㄨㄢˋ ㄕ ㄖㄣˊ,桂冠󠇡詩人,U+6842 U+51A0 U+E01E1 U+8A69 U+4EBA,冠:IVS+1,
櫃子,ㄍㄨㄟˋ ˙ㄗ,ㄍㄨㄟˋ ㄗˇ,櫃子󠇡,U+6AC3 U+5B50 U+E01E1,子:IVS+1,
會稽縣,ㄍㄨㄟˋ ㄐㄧ ㄒㄧㄢˋ,ㄏㄨㄟˋ ㄐㄧ ㄒㄧㄢˋ,會󠇣稽縣,U+6703 U+E01E3 U+7A3D U+7E23,會:IVS+3,
官倒,ㄍㄨㄢ ㄉㄠˇ,ㄍㄨㄢ ㄉㄠˋ,官倒󠇡,U+5B98 U+5012 U+E01E1,倒:IVS+1,
官官相護,ㄍㄨㄢ ㄍㄨㄢ ㄒㄧㄤ ㄏㄨˋ,ㄍㄨㄢ ㄍㄨㄢ ㄒㄧㄤˋ ㄏㄨˋ,官官相󠇡護,U+5B98 U+5B98 U+76F8 U+E01E1 U+8B77,相:IVS+1,
官長,ㄍㄨㄢ ㄓㄤˇ,ㄍㄨㄢ ㄔㄤˊ,官長󠇡,U+5B98 U+9577 U+E01E1,長:IVS+1,
官差,ㄍㄨㄢ ㄔㄞ,ㄍㄨㄢ ㄔㄚ,官差󠇡,U+5B98 U+5DEE U+E01E1,差:IVS+1,
冠冕,ㄍㄨㄢ ㄇㄧㄢˇ,ㄍㄨㄢˋ ㄇㄧㄢˇ,冠󠇡冕,U+51A0 U+E01E1 U+5195,冠:IVS+1,
冠冕堂皇,ㄍㄨㄢ ㄇㄧㄢˇ ㄊㄤˊ ㄏㄨㄤˊ,ㄍㄨㄢˋ ㄇㄧㄢˇ ㄊㄤˊ ㄏㄨㄤˊ,冠󠇡冕堂皇,U+51A0 U+E01E1 U+5195 U+5802 U+7687,冠:IVS+1,
冠服,ㄍㄨㄢ ㄈㄨˊ,ㄍㄨㄢˋ ㄈㄨˊ,冠󠇡服,U+51A0 U+E01E1 U+670D,冠:IVS+1,
冠蓋,ㄍㄨㄢ ㄍㄞˋ,ㄍㄨㄢˋ ㄍㄞˋ,冠󠇡蓋,U+51A0 U+E01E1 U+84CB,冠:IVS+1,
冠蓋如雲,ㄍㄨㄢ ㄍㄞˋ ㄖㄨˊ ㄩㄣˊ,ㄍㄨㄢˋ ㄍㄞˋ ㄖㄨˊ ㄩㄣˊ,冠󠇡蓋如雲,U+51A0 U+E01E1 U+84CB U+5982 U+96F2,冠:IVS+1,
冠蓋雲集,ㄍㄨㄢ ㄍㄞˋ ㄩㄣˊ ㄐㄧˊ,ㄍㄨㄢˋ ㄍㄞˋ ㄩㄣˊ ㄐㄧˊ,冠󠇡蓋雲集,U+51A0 U+E01E1 U+84CB U+96F2 U+96C6,冠:IVS+1,
綸巾,ㄍㄨㄢ ㄐㄧㄣ,ㄌㄨㄣˊ ㄐㄧㄣ,綸󠇡巾,U+7DB8 U+E01E1 U+5DFE,綸:IVS+1,
關切,ㄍㄨㄢ ㄑㄧㄝˋ,ㄍㄨㄢ ㄑㄧㄝ,關切󠇡,U+95DC U+5207 U+E01E1,切:IVS+1,
管弦樂,ㄍㄨㄢˇ ㄒㄧㄢˊ ㄩㄝˋ,ㄍㄨㄢˇ ㄒㄧㄢˊ ㄌㄜˋ,管弦樂󠇡,U+7BA1 U+5F26 U+6A02 U+E01E1,樂:IVS+1,
管樂,ㄍㄨㄢˇ ㄩㄝˋ,ㄍㄨㄢˇ ㄌㄜˋ,管樂󠇡,U+7BA1 U+6A02 U+E01E1,樂:IVS+1,
館長,ㄍㄨㄢˇ ㄓㄤˇ,ㄍㄨㄢˇ ㄔㄤˊ,館長󠇡,U+9928 U+9577 U+E01E1,長:IVS+1,
館子,ㄍㄨㄢˇ ˙ㄗ,ㄍㄨㄢˇ ㄗˇ,館子󠇡,U+9928 U+5B50 U+E01E1,子:IVS+1,
罐頭,ㄍㄨㄢˋ ˙ㄊㄡ,ㄍㄨㄢˋ ㄊㄡˊ,罐頭󠇡,U+7F50 U+982D U+E01E1,頭:IVS+1,
棍子,ㄍㄨㄣˋ ˙ㄗ,ㄍㄨㄣˋ ㄗˇ,棍子󠇡,U+68CD U+5B50 U+E01E1,子:IVS+1,
光暈,ㄍㄨㄤ ㄩㄣˋ,ㄍㄨㄤ ㄩㄣ,光暈󠇡,U+5149 U+6688 U+E01E1,暈:IVS+1,
功不可沒,ㄍㄨㄥ ㄅㄨˋ ㄎㄜˇ ㄇㄛˋ,ㄍㄨㄥ ㄅㄨˋ ㄎㄜˇ ㄇㄟˊ,功不可沒󠇡,U+529F U+4E0D U+53EF U+6C92 U+E01E1,沒:IVS+1,
躬逢其盛,ㄍㄨㄥ ㄈㄥˊ ㄑㄧˊ ㄕㄥˋ,ㄍㄨㄥ ㄈㄥˊ ㄑㄧˊ ㄔㄥˊ,躬逢其盛󠇡,U+8EAC U+9022 U+5176 U+76DB U+E01E1,盛:IVS+1,
公合,ㄍㄨㄥ ㄍㄜˇ,ㄍㄨㄥ ㄏㄜˊ,公合󠇡,U+516C U+5408 U+E01E1,合:IVS+1,
公假,ㄍㄨㄥ ㄐㄧㄚˋ,ㄍㄨㄥ ㄐㄧㄚˇ,公假󠇡,U+516C U+5047 U+E01E1,假:IVS+1,
公轉,ㄍㄨㄥ ㄓㄨㄢˋ,ㄍㄨㄥ ㄓㄨㄢˇ,公轉󠇡,U+516C U+8F49 U+E01E1,轉:IVS+1,
公子哥兒,ㄍㄨㄥ ㄗˇ ㄍㄜ ㄦ,ㄍㄨㄥ ㄗˇ ㄍㄜ ㄦˊ,公子哥兒󠇡,U+516C U+5B50 U+54E5 U+5152 U+E01E1,兒:IVS+1,
供不應求,ㄍㄨㄥ ㄅㄨˋ ㄧㄥˋ ㄑㄧㄡˊ,ㄍㄨㄥ ㄅㄨˋ ㄧㄥ ㄑㄧㄡˊ,供不應󠇡求,U+4F9B U+4E0D U+61C9 U+E01E1 U+6C42,應:IVS+1,
供給,ㄍㄨㄥ ㄐㄧˇ,ㄍㄨㄥ ㄍㄟˇ,供給󠇡,U+4F9B U+7D66 U+E01E1,給:IVS+1,
供應,ㄍㄨㄥ ㄧㄥˋ,ㄍㄨㄥ ㄧㄥ,供應󠇡,U+4F9B U+61C9 U+E01E1,應:IVS+1,
宮闕,ㄍㄨㄥ ㄑㄩㄝˋ,ㄍㄨㄥ ㄑㄩㄝ,宮闕󠇡,U+5BAE U+95D5 U+E01E1,闕:IVS+1,
共襄盛舉,ㄍㄨㄥˋ ㄒㄧㄤ ㄕㄥˋ ㄐㄩˇ,ㄍㄨㄥˋ ㄒㄧㄤ ㄔㄥˊ ㄐㄩˇ,共襄盛󠇡舉,U+5171 U+8944 U+76DB U+E01E1 U+8209,盛:IVS+1,
供品,ㄍㄨㄥˋ ㄆㄧㄣˇ,ㄍㄨㄥ ㄆㄧㄣˇ,供󠇡品,U+4F9B U+E01E1 U+54C1,供:IVS+1,
供佛,ㄍㄨㄥˋ ㄈㄛˊ,ㄍㄨㄥ ㄈㄛˊ,供󠇡佛,U+4F9B U+E01E1 U+4F5B,供:IVS+1,
供奉,ㄍㄨㄥˋ ㄈㄥˋ,ㄍㄨㄥ ㄈㄥˋ,供󠇡奉,U+4F9B U+E01E1 U+5949,供:IVS+1,
供桌,ㄍㄨㄥˋ ㄓㄨㄛ,ㄍㄨㄥ ㄓㄨㄛ,供󠇡桌,U+4F9B U+E01E1 U+684C,供:IVS+1,
供養,ㄍㄨㄥˋ ㄧㄤˋ,ㄍㄨㄥ ㄧㄤˇ,供󠇡養󠇡,U+4F9B U+E01E1 U+990A U+E01E1,供:IVS+1; 養:IVS+1,
咯血,ㄎㄚˇ ㄒㄧㄝˇ,˙ㄌㄛ ㄒㄧㄝˇ,咯󠇢血,U+54AF U+E01E2 U+8840,咯:IVS+2,
科長,ㄎㄜ ㄓㄤˇ,ㄎㄜ ㄔㄤˊ,科長󠇡,U+79D1 U+9577 U+E01E1,長:IVS+1,
可惡,ㄎㄜˇ ㄨˋ,ㄎㄜˇ ㄜˋ,可惡󠇡,U+53EF U+60E1 U+E01E1,惡:IVS+1,
可汗,ㄎㄜˋ ㄏㄢˊ,ㄎㄜˇ ㄏㄢˋ,可󠇡汗󠇡,U+53EF U+E01E1 U+6C57 U+E01E1,可:IVS+1; 汗:IVS+1,
課長,ㄎㄜˋ ㄓㄤˇ,ㄎㄜˋ ㄔㄤˊ,課長󠇡,U+8AB2 U+9577 U+E01E1,長:IVS+1,
開發銀行,ㄎㄞ ㄈㄚ ㄧㄣˊ ㄏㄤˊ,ㄎㄞ ㄈㄚ ㄧㄣˊ ㄒㄧㄥˊ,開發銀行󠇡,U+958B U+767C U+9280 U+884C U+E01E1,行:IVS+1,
開小差,ㄎㄞ ㄒㄧㄠˇ ㄔㄞ,ㄎㄞ ㄒㄧㄠˇ ㄔㄚ,開小差󠇡,U+958B U+5C0F U+5DEE U+E01E1,差:IVS+1,
剴切,ㄎㄞˇ ㄑㄧㄝˋ,ㄎㄞˇ ㄑㄧㄝ,剴切󠇡,U+5274 U+5207 U+E01E1,切:IVS+1,
考量,ㄎㄠˇ ㄌㄧㄤˊ,ㄎㄠˇ ㄌㄧㄤˋ,考量󠇡,U+8003 U+91CF U+E01E1,量:IVS+1,
靠得住,ㄎㄠˋ ˙ㄉㄜ ㄓㄨˋ,ㄎㄠˋ ㄉㄜˊ ㄓㄨˋ,靠得󠇡住,U+9760 U+5F97 U+E01E1 U+4F4F,得:IVS+1,
口吃,ㄎㄡˇ ㄐㄧˊ,ㄎㄡˇ ㄔ,口吃󠇡,U+53E3 U+5403 U+E01E1,吃:IVS+1,
口才辨給,ㄎㄡˇ ㄘㄞˊ ㄅㄧㄢˋ ㄐㄧˇ,ㄎㄡˇ ㄘㄞˊ ㄅㄧㄢˋ ㄍㄟˇ,口才辨給󠇡,U+53E3 U+624D U+8FA8 U+7D66 U+E01E1,給:IVS+1,
叩應,ㄎㄡˋ ㄧㄥˋ,ㄎㄡˋ ㄧㄥ,叩應󠇡,U+53E9 U+61C9 U+E01E1,應:IVS+1,
扣帽子,ㄎㄡˋ ㄇㄠˋ ˙ㄗ,ㄎㄡˋ ㄇㄠˋ ㄗˇ,扣帽子󠇡,U+6263 U+5E3D U+5B50 U+E01E1,子:IVS+1,
扣子,ㄎㄡˋ ˙ㄗ,ㄎㄡˋ ㄗˇ,扣子󠇡,U+6263 U+5B50 U+E01E1,子:IVS+1,
釦子,ㄎㄡˋ ˙ㄗ,ㄎㄡˋ ㄗˇ,釦子󠇡,U+91E6 U+5B50 U+E01E1,子:IVS+1,
看門,ㄎㄢ ㄇㄣˊ,ㄎㄢˋ ㄇㄣˊ,看󠇡門,U+770B U+E01E1 U+9580,看:IVS+1,
看顧,ㄎㄢ ㄍㄨˋ,ㄎㄢˋ ㄍㄨˋ,看󠇡顧,U+770B U+E01E1 U+9867,看:IVS+1,
看管,ㄎㄢ ㄍㄨㄢˇ,ㄎㄢˋ ㄍㄨㄢˇ,看󠇡管,U+770B U+E01E1 U+7BA1,看:IVS+1,
看護,ㄎㄢ ㄏㄨˋ,ㄎㄢˋ ㄏㄨˋ,看󠇡護,U+770B U+E01E1 U+8B77,看:IVS+1,
看家,ㄎㄢ ㄐㄧㄚ,ㄎㄢˋ ㄐㄧㄚ,看󠇡家,U+770B U+E01E1 U+5BB6,看:IVS+1,
看家本領,ㄎㄢ ㄐㄧㄚ ㄅㄣˇ ㄌㄧㄥˇ,ㄎㄢˋ ㄐㄧㄚ ㄅㄣˇ ㄌㄧㄥˇ,看󠇡家本領,U+770B U+E01E1 U+5BB6 U+672C U+9818,看:IVS+1,
看守,ㄎㄢ ㄕㄡˇ,ㄎㄢˋ ㄕㄡˇ,看󠇡守,U+770B U+E01E1 U+5B88,看:IVS+1,
看守所,ㄎㄢ ㄕㄡˇ ㄙㄨㄛˇ,ㄎㄢˋ ㄕㄡˇ ㄙㄨㄛˇ,看󠇡守所,U+770B U+E01E1 U+5B88 U+6240,看:IVS+1,
看得開,ㄎㄢˋ ˙ㄉㄜ ㄎㄞ,ㄎㄢˋ ㄉㄜˊ ㄎㄞ,看得󠇡開,U+770B U+5F97 U+E01E1 U+958B,得:IVS+1,
看得起,ㄎㄢˋ ˙ㄉㄜ ㄑㄧˇ,ㄎㄢˋ ㄉㄜˊ ㄑㄧˇ,看得󠇡起,U+770B U+5F97 U+E01E1 U+8D77,得:IVS+1,
看頭,ㄎㄢˋ ˙ㄊㄡ,ㄎㄢˋ ㄊㄡˊ,看頭󠇡,U+770B U+982D U+E01E1,頭:IVS+1,
看中,ㄎㄢˋ ㄓㄨㄥˋ,ㄎㄢˋ ㄓㄨㄥ,看中󠇡,U+770B U+4E2D U+E01E1,中:IVS+1,
看樣子,ㄎㄢˋ ㄧㄤˋ ˙ㄗ,ㄎㄢˋ ㄧㄤˋ ㄗˇ,看樣子󠇡,U+770B U+6A23 U+5B50 U+E01E1,子:IVS+1,
懇切,ㄎㄣˇ ㄑㄧㄝˋ,ㄎㄣˇ ㄑㄧㄝ,懇切󠇡,U+61C7 U+5207 U+E01E1,切:IVS+1,
苦悶,ㄎㄨˇ ㄇㄣˋ,ㄎㄨˇ ㄇㄣ,苦悶󠇡,U+82E6 U+60B6 U+E01E1,悶:IVS+1,
苦頭,ㄎㄨˇ ˙ㄊㄡ,ㄎㄨˇ ㄊㄡˊ,苦頭󠇡,U+82E6 U+982D U+E01E1,頭:IVS+1,
苦難,ㄎㄨˇ ㄋㄢˋ,ㄎㄨˇ ㄋㄢˊ,苦難󠇡,U+82E6 U+96E3 U+E01E1,難:IVS+1,
苦苦相逼,ㄎㄨˇ ㄎㄨˇ ㄒㄧㄤ ㄅㄧ,ㄎㄨˇ ㄎㄨˇ ㄒㄧㄤˋ ㄅㄧ,苦苦相󠇡逼,U+82E6 U+82E6 U+76F8 U+E01E1 U+903C,相:IVS+1,
苦處,ㄎㄨˇ ㄔㄨˋ,ㄎㄨˇ ㄔㄨˇ,苦處󠇡,U+82E6 U+8655 U+E01E1,處:IVS+1,
苦日子,ㄎㄨˇ ㄖˋ ˙ㄗ,ㄎㄨˇ ㄖˋ ㄗˇ,苦日子󠇡,U+82E6 U+65E5 U+5B50 U+E01E1,子:IVS+1,
跨行,ㄎㄨㄚˋ ㄏㄤˊ,ㄎㄨㄚˋ ㄒㄧㄥˊ,跨行󠇡,U+8DE8 U+884C U+E01E1,行:IVS+1,
括約肌,ㄎㄨㄛˋ ㄩㄝ ㄐㄧ,ㄍㄨㄚ ㄩㄝ ㄐㄧ,括󠇡約肌,U+62EC U+E01E1 U+7D04 U+808C,括:IVS+1,
闊少,ㄎㄨㄛˋ ㄕㄠˋ,ㄎㄨㄛˋ ㄕㄠˇ,闊少󠇡,U+95CA U+5C11 U+E01E1,少:IVS+1,
筷子,ㄎㄨㄞˋ ˙ㄗ,ㄎㄨㄞˋ ㄗˇ,筷子󠇡,U+7B77 U+5B50 U+E01E1,子:IVS+1,
會計,ㄎㄨㄞˋ ㄐㄧˋ,ㄏㄨㄟˋ ㄐㄧˋ,會󠇡計,U+6703 U+E01E1 U+8A08,會:IVS+1,
會計年度,ㄎㄨㄞˋ ㄐㄧˋ ㄋㄧㄢˊ ㄉㄨˋ,ㄏㄨㄟˋ ㄐㄧˋ ㄋㄧㄢˊ ㄉㄨˋ,會󠇡計年度,U+6703 U+E01E1 U+8A08 U+5E74 U+5EA6,會:IVS+1,
會計師,ㄎㄨㄞˋ ㄐㄧˋ ㄕ,ㄏㄨㄟˋ ㄐㄧˋ ㄕ,會󠇡計師,U+6703 U+E01E1 U+8A08 U+5E2B,會:IVS+1,
劊子手,ㄎㄨㄞˋ ˙ㄗ ㄕㄡˇ,ㄎㄨㄞˋ ㄗˇ ㄕㄡˇ,劊子󠇡手,U+528A U+5B50 U+E01E1 U+624B,子:IVS+1,
虧空,ㄎㄨㄟ ㄎㄨㄥˋ,ㄎㄨㄟ ㄎㄨㄥ,虧空󠇡,U+8667 U+7A7A U+E01E1,空:IVS+1,
款曲,ㄎㄨㄢˇ ㄑㄩ,ㄎㄨㄢˇ ㄑㄩˇ,款曲󠇡,U+6B3E U+66F2 U+E01E1,曲:IVS+1,
混夷,ㄎㄨㄣ ㄧˊ,ㄏㄨㄣˋ ㄧˊ,混󠇢夷,U+6DF7 U+E01E2 U+5937,混:IVS+2,
空難,ㄎㄨㄥ ㄋㄢˋ,ㄎㄨㄥ ㄋㄢˊ,空難󠇡,U+7A7A U+96E3 U+E01E1,難:IVS+1,
空架子,ㄎㄨㄥ ㄐㄧㄚˋ ˙ㄗ,ㄎㄨㄥ ㄐㄧㄚˋ ㄗˇ,空架子󠇡,U+7A7A U+67B6 U+5B50 U+E01E1,子:IVS+1,
崆峒山,ㄎㄨㄥ ㄊㄨㄥˊ ㄕㄢ,ㄎㄨㄥ ㄉㄨㄥˋ ㄕㄢ,崆峒󠇡山,U+5D06 U+5CD2 U+E01E1 U+5C71,峒:IVS+1,
恐怖分子,ㄎㄨㄥˇ ㄅㄨˋ ㄈㄣˋ ㄗˇ,ㄎㄨㄥˇ ㄅㄨˋ ㄈㄣ ㄗˇ,恐怖分󠇡子,U+6050 U+6016 U+5206 U+E01E1 U+5B50,分:IVS+1,
恐嚇,ㄎㄨㄥˇ ㄏㄜˋ,ㄎㄨㄥˇ ㄒㄧㄚˋ,恐嚇󠇡,U+6050 U+5687 U+E01E1,嚇:IVS+1,
倥傯,ㄎㄨㄥˇ ㄗㄨㄥˇ,ㄎㄨㄥ ㄗㄨㄥˇ,倥󠇡傯,U+5025 U+E01E1 U+50AF,倥:IVS+1,
空白,ㄎㄨㄥˋ ㄅㄞˊ,ㄎㄨㄥ ㄅㄞˊ,空󠇡白,U+7A7A U+E01E1 U+767D,空:IVS+1,
空地,ㄎㄨㄥˋ ㄉㄧˋ,ㄎㄨㄥ ㄉㄧˋ,空󠇡地,U+7A7A U+E01E1 U+5730,空:IVS+1,
空地稅,ㄎㄨㄥˋ ㄉㄧˋ ㄕㄨㄟˋ,ㄎㄨㄥ ㄉㄧˋ ㄕㄨㄟˋ,空󠇡地稅,U+7A7A U+E01E1 U+5730 U+7A05,空:IVS+1,
空頭,ㄎㄨㄥˋ ㄊㄡˊ,ㄎㄨㄥ ㄊㄡˊ,空󠇡頭,U+7A7A U+E01E1 U+982D,空:IVS+1,
空頭支票,ㄎㄨㄥˋ ㄊㄡˊ ㄓ ㄆㄧㄠˋ,ㄎㄨㄥ ㄊㄡˊ ㄓ ㄆㄧㄠˋ,空󠇡頭支票,U+7A7A U+E01E1 U+982D U+652F U+7968,空:IVS+1,
空缺,ㄎㄨㄥˋ ㄑㄩㄝ,ㄎㄨㄥ ㄑㄩㄝ,空󠇡缺,U+7A7A U+E01E1 U+7F3A,空:IVS+1,
空隙,ㄎㄨㄥˋ ㄒㄧˋ,ㄎㄨㄥ ㄒㄧˋ,空󠇡隙,U+7A7A U+E01E1 U+9699,空:IVS+1,
空閒,ㄎㄨㄥˋ ㄒㄧㄢˊ,ㄎㄨㄥ ㄒㄧㄢˊ,空󠇡閒,U+7A7A U+E01E1 U+9592,空:IVS+1,
空額,ㄎㄨㄥˋ ㄜˊ,ㄎㄨㄥ ㄜˊ,空󠇡額,U+7A7A U+E01E1 U+984D,空:IVS+1,
空位,ㄎㄨㄥˋ ㄨㄟˋ,ㄎㄨㄥ ㄨㄟˋ,空󠇡位,U+7A7A U+E01E1 U+4F4D,空:IVS+1,
哈囉,ㄏㄚ ㄌㄨㄛˊ,ㄏㄚ ㄌㄨㄛ,哈囉󠇡,U+54C8 U+56C9 U+E01E1,囉:IVS+1,
蛤蟆,ㄏㄚˊ ㄇㄚˊ,ㄍㄜˊ ㄇㄚˊ,蛤󠇡蟆,U+86E4 U+E01E1 U+87C6,蛤:IVS+1,
蝦蟆,ㄏㄚˊ ㄇㄚˊ,ㄒㄧㄚ ㄇㄚˊ,蝦󠇡蟆,U+8766 U+E01E1 U+87C6,蝦:IVS+1,
哈巴狗,ㄏㄚˇ ㄅㄚ ㄍㄡˇ,ㄏㄚ ㄅㄚ ㄍㄡˇ,哈󠇡巴狗,U+54C8 U+E01E1 U+5DF4 U+72D7,哈:IVS+1,
合成樂器,ㄏㄜˊ ㄔㄥˊ ㄩㄝˋ ㄑㄧˋ,ㄏㄜˊ ㄔㄥˊ ㄌㄜˋ ㄑㄧˋ,合成樂󠇡器,U+5408 U+6210 U+6A02 U+E01E1 U+5668,樂:IVS+1,
合作無間,ㄏㄜˊ ㄗㄨㄛˋ ㄨˊ ㄐㄧㄢˋ,ㄏㄜˊ ㄗㄨㄛˋ ㄨˊ ㄐㄧㄢ,合作無間󠇡,U+5408 U+4F5C U+7121 U+9593 U+E01E1,間:IVS+1,
合縱,ㄏㄜˊ ㄗㄨㄥ,ㄏㄜˊ ㄗㄨㄥˋ,合縱󠇡,U+5408 U+7E31 U+E01E1,縱:IVS+1,
盒子,ㄏㄜˊ ˙ㄗ,ㄏㄜˊ ㄗˇ,盒子󠇡,U+76D2 U+5B50 U+E01E1,子:IVS+1,
何處,ㄏㄜˊ ㄔㄨˋ,ㄏㄜˊ ㄔㄨˇ,何處󠇡,U+4F55 U+8655 U+E01E1,處:IVS+1,
何以見得,ㄏㄜˊ ㄧˇ ㄐㄧㄢˋ ˙ㄉㄜ,ㄏㄜˊ ㄧˇ ㄐㄧㄢˋ ㄉㄜˊ,何以見得󠇡,U+4F55 U+4EE5 U+898B U+5F97 U+E01E1,得:IVS+1,
荷槍實彈,ㄏㄜˋ ㄑㄧㄤ ㄕˊ ㄉㄢˋ,ㄏㄜˊ ㄑㄧㄤ ㄕˊ ㄉㄢˋ,荷󠇡槍實彈,U+8377 U+E01E1 U+69CD U+5BE6 U+5F48,荷:IVS+1,
荷鋤,ㄏㄜˋ ㄔㄨˊ,ㄏㄜˊ ㄔㄨˊ,荷󠇡鋤,U+8377 U+E01E1 U+92E4,荷:IVS+1,
喝倒采,ㄏㄜˋ ㄉㄠˋ ㄘㄞˇ,ㄏㄜ ㄉㄠˋ ㄘㄞˇ,喝󠇡倒采,U+559D U+E01E1 U+5012 U+91C7,喝:IVS+1,
喝令,ㄏㄜˋ ㄌㄧㄥˋ,ㄏㄜ ㄌㄧㄥˋ,喝󠇡令,U+559D U+E01E1 U+4EE4,喝:IVS+1,
喝止,ㄏㄜˋ ㄓˇ,ㄏㄜ ㄓˇ,喝󠇡止,U+559D U+E01E1 U+6B62,喝:IVS+1,
喝斥,ㄏㄜˋ ㄔˋ,ㄏㄜ ㄔˋ,喝󠇡斥,U+559D U+E01E1 U+65A5,喝:IVS+1,
喝采,ㄏㄜˋ ㄘㄞˇ,ㄏㄜ ㄘㄞˇ,喝󠇡采,U+559D U+E01E1 U+91C7,喝:IVS+1,
嚇阻,ㄏㄜˋ ㄗㄨˇ,ㄒㄧㄚˋ ㄗㄨˇ,嚇󠇡阻,U+5687 U+E01E1 U+963B,嚇:IVS+1,
咳聲嘆息,ㄏㄞ ㄕㄥ ㄊㄢˋ ㄒㄧˊ,ㄎㄜˊ ㄕㄥ ㄊㄢˋ ㄒㄧˊ,咳󠇡聲嘆息,U+54B3 U+E01E1 U+8072 U+5606 U+606F,咳:IVS+1,
孩子,ㄏㄞˊ ˙ㄗ,ㄏㄞˊ ㄗˇ,孩子󠇡,U+5B69 U+5B50 U+E01E1,子:IVS+1,
孩子氣,ㄏㄞˊ ˙ㄗ ㄑㄧˋ,ㄏㄞˊ ㄗˇ ㄑㄧˋ,孩子󠇡氣,U+5B69 U+5B50 U+E01E1 U+6C23,子:IVS+1,
海難,ㄏㄞˇ ㄋㄢˋ,ㄏㄞˇ ㄋㄢˊ,海難󠇡,U+6D77 U+96E3 U+E01E1,難:IVS+1,
海參,ㄏㄞˇ ㄕㄣ,ㄏㄞˇ ㄘㄢ,海參󠇡,U+6D77 U+53C3 U+E01E1,參:IVS+1,
害處,ㄏㄞˋ ㄔㄨˋ,ㄏㄞˋ ㄔㄨˇ,害處󠇡,U+5BB3 U+8655 U+E01E1,處:IVS+1,
黑白顛倒,ㄏㄟ ㄅㄞˊ ㄉㄧㄢ ㄉㄠˇ,ㄏㄟ ㄅㄞˊ ㄉㄧㄢ ㄉㄠˋ,黑白顛倒󠇡,U+9ED1 U+767D U+985B U+5012 U+E01E1,倒:IVS+1,
黑盒子,ㄏㄟ ㄏㄜˊ ˙ㄗ,ㄏㄟ ㄏㄜˊ ㄗˇ,黑盒子󠇡,U+9ED1 U+76D2 U+5B50 U+E01E1,子:IVS+1,
號啕大哭,ㄏㄠˊ ㄊㄠˊ ㄉㄚˋ ㄎㄨ,ㄏㄠˋ ㄊㄠˊ ㄉㄚˋ ㄎㄨ,號󠇡啕大哭,U+865F U+E01E1 U+5555 U+5927 U+54ED,號:IVS+1,
好處,ㄏㄠˇ ㄔㄨˋ,ㄏㄠˇ ㄔㄨˇ,好處󠇡,U+597D U+8655 U+E01E1,處:IVS+1,
好意思,ㄏㄠˇ ㄧˋ ˙ㄙ,ㄏㄠˇ ㄧˋ ㄙ,好意思󠇢,U+597D U+610F U+601D U+E01E2,思:IVS+2,
好大喜功,ㄏㄠˋ ㄉㄚˋ ㄒㄧˇ ㄍㄨㄥ,ㄏㄠˇ ㄉㄚˋ ㄒㄧˇ ㄍㄨㄥ,好󠇡大喜功,U+597D U+E01E1 U+5927 U+559C U+529F,好:IVS+1,
好高騖遠,ㄏㄠˋ ㄍㄠ ㄨˋ ㄩㄢˇ,ㄏㄠˇ ㄍㄠ ㄨˋ ㄩㄢˇ,好󠇡高騖遠,U+597D U+E01E1 U+9AD8 U+9A16 U+9060,好:IVS+1,
好客,ㄏㄠˋ ㄎㄜˋ,ㄏㄠˇ ㄎㄜˋ,好󠇡客,U+597D U+E01E1 U+5BA2,好:IVS+1,
好奇,ㄏㄠˋ ㄑㄧˊ,ㄏㄠˇ ㄑㄧˊ,好󠇡奇,U+597D U+E01E1 U+5947,好:IVS+1,
好強,ㄏㄠˋ ㄑㄧㄤˊ,ㄏㄠˇ ㄑㄧㄤˊ,好󠇡強,U+597D U+E01E1 U+5F37,好:IVS+1,
好學不倦,ㄏㄠˋ ㄒㄩㄝˊ ㄅㄨˋ ㄐㄩㄢˋ,ㄏㄠˇ ㄒㄩㄝˊ ㄅㄨˋ ㄐㄩㄢˋ,好󠇡學不倦,U+597D U+E01E1 U+5B78 U+4E0D U+5026,好:IVS+1,
好學專輯,ㄏㄠˋ ㄒㄩㄝˊ ㄓㄨㄢ ㄐㄧˊ,ㄏㄠˇ ㄒㄩㄝˊ ㄓㄨㄢ ㄐㄧˊ,好󠇡學專輯,U+597D U+E01E1 U+5B78 U+5C08 U+8F2F,好:IVS+1,
好整以暇,ㄏㄠˋ ㄓㄥˇ ㄧˇ ㄒㄧㄚˊ,ㄏㄠˇ ㄓㄥˇ ㄧˇ ㄒㄧㄚˊ,好󠇡整以暇,U+597D U+E01E1 U+6574 U+4EE5 U+6687,好:IVS+1,
好吃懶做,ㄏㄠˋ ㄔ ㄌㄢˇ ㄗㄨㄛˋ,ㄏㄠˇ ㄔ ㄌㄢˇ ㄗㄨㄛˋ,好󠇡吃懶做,U+597D U+E01E1 U+5403 U+61F6 U+505A,好:IVS+1,
好生之德,ㄏㄠˋ ㄕㄥ ㄓ ㄉㄜˊ,ㄏㄠˇ ㄕㄥ ㄓ ㄉㄜˊ,好󠇡生之德,U+597D U+E01E1 U+751F U+4E4B U+5FB7,好:IVS+1,
好勝,ㄏㄠˋ ㄕㄥˋ,ㄏㄠˇ ㄕㄥˋ,好󠇡勝,U+597D U+E01E1 U+52DD,好:IVS+1,
好色,ㄏㄠˋ ㄙㄜˋ,ㄏㄠˇ ㄙㄜˋ,好󠇡色,U+597D U+E01E1 U+8272,好:IVS+1,
好逸惡勞,ㄏㄠˋ ㄧˋ ㄨˋ ㄌㄠˊ,ㄏㄠˇ ㄧˋ ㄜˋ ㄌㄠˊ,好󠇡逸惡󠇡勞,U+597D U+E01E1 U+9038 U+60E1 U+E01E1 U+52DE,好:IVS+1; 惡:IVS+1,
好惡,ㄏㄠˋ ㄨˋ,ㄏㄠˇ ㄜˋ,好󠇡惡󠇡,U+597D U+E01E1 U+60E1 U+E01E1,好:IVS+1; 惡:IVS+1,
好勇鬥狠,ㄏㄠˋ ㄩㄥˇ ㄉㄡˋ ㄏㄣˇ,ㄏㄠˇ ㄩㄥˇ ㄉㄡˋ ㄏㄣˇ,好󠇡勇鬥狠,U+597D U+E01E1 U+52C7 U+9B25 U+72E0,好:IVS+1,
浩浩湯湯,ㄏㄠˋ ㄏㄠˋ ㄕㄤ ㄕㄤ,ㄏㄠˋ ㄏㄠˋ ㄊㄤ ㄊㄤ,浩浩湯󠇡湯󠇡,U+6D69 U+6D69 U+6E6F U+E01E1 U+6E6F U+E01E1,湯:IVS+1; 湯:IVS+1,
耗子,ㄏㄠˋ ˙ㄗ,ㄏㄠˋ ㄗˇ,耗子󠇡,U+8017 U+5B50 U+E01E1,子:IVS+1,
號子,ㄏㄠˋ ˙ㄗ,ㄏㄠˋ ㄗˇ,號子󠇡,U+865F U+5B50 U+E01E1,子:IVS+1,
猴子,ㄏㄡˊ ˙ㄗ,ㄏㄡˊ ㄗˇ,猴子󠇡,U+7334 U+5B50 U+E01E1,子:IVS+1,
后冠,ㄏㄡˋ ㄍㄨㄢ,ㄏㄡˋ ㄍㄨㄢˋ,后冠󠇡,U+540E U+51A0 U+E01E1,冠:IVS+1,
後頭,ㄏㄡˋ ˙ㄊㄡ,ㄏㄡˋ ㄊㄡˊ,後頭󠇡,U+5F8C U+982D U+E01E1,頭:IVS+1,
寒假,ㄏㄢˊ ㄐㄧㄚˋ,ㄏㄢˊ ㄐㄧㄚˇ,寒假󠇡,U+5BD2 U+5047 U+E01E1,假:IVS+1,
旱鴨子,ㄏㄢˋ ㄧㄚ ˙ㄗ,ㄏㄢˋ ㄧㄚ ㄗˇ,旱鴨子󠇡,U+65F1 U+9D28 U+5B50 U+E01E1,子:IVS+1,
悍將,ㄏㄢˋ ㄐㄧㄤˋ,ㄏㄢˋ ㄐㄧㄤ,悍將󠇡,U+608D U+5C07 U+E01E1,將:IVS+1,
漢子,ㄏㄢˋ ˙ㄗ,ㄏㄢˋ ㄗˇ,漢子󠇡,U+6F22 U+5B50 U+E01E1,子:IVS+1,
恨不得,ㄏㄣˋ ㄅㄨˋ ˙ㄉㄜ,ㄏㄣˋ ㄅㄨˋ ㄉㄜˊ,恨不得󠇡,U+6068 U+4E0D U+5F97 U+E01E1,得:IVS+1,
行列,ㄏㄤˊ ㄌㄧㄝˋ,ㄒㄧㄥˊ ㄌㄧㄝˋ,行󠇡列,U+884C U+E01E1 U+5217,行:IVS+1,
行規,ㄏㄤˊ ㄍㄨㄟ,ㄒㄧㄥˊ ㄍㄨㄟ,行󠇡規,U+884C U+E01E1 U+898F,行:IVS+1,
行庫,ㄏㄤˊ ㄎㄨˋ,ㄒㄧㄥˊ ㄎㄨˋ,行󠇡庫,U+884C U+E01E1 U+5EAB,行:IVS+1,
行號,ㄏㄤˊ ㄏㄠˋ,ㄒㄧㄥˊ ㄏㄠˋ,行󠇡號,U+884C U+E01E1 U+865F,行:IVS+1,
行行出狀元,ㄏㄤˊ ㄏㄤˊ ㄔㄨ ㄓㄨㄤˋ ㄩㄢˊ,ㄒㄧㄥˊ ㄒㄧㄥˊ ㄔㄨ ㄓㄨㄤˋ ㄩㄢˊ,行󠇡行󠇡出狀元,U+884C U+E01E1 U+884C U+E01E1 U+51FA U+72C0 U+5143,行:IVS+1; 行:IVS+1,
行家,ㄏㄤˊ ㄐㄧㄚ,ㄒㄧㄥˊ ㄐㄧㄚ,行󠇡家,U+884C U+E01E1 U+5BB6,行:IVS+1,
行情,ㄏㄤˊ ㄑㄧㄥˊ,ㄒㄧㄥˊ ㄑㄧㄥˊ,行󠇡情,U+884C U+E01E1 U+60C5,行:IVS+1,
行業,ㄏㄤˊ ㄧㄝˋ,ㄒㄧㄥˊ ㄧㄝˋ,行󠇡業,U+884C U+E01E1 U+696D,行:IVS+1,
行伍,ㄏㄤˊ ㄨˇ,ㄒㄧㄥˊ ㄨˇ,行󠇡伍,U+884C U+E01E1 U+4F0D,行:IVS+1,
行員,ㄏㄤˊ ㄩㄢˊ,ㄒㄧㄥˊ ㄩㄢˊ,行󠇡員,U+884C U+E01E1 U+54E1,行:IVS+1,
行行,ㄏㄤˋ ㄏㄤˋ,ㄒㄧㄥˊ ㄒㄧㄥˊ,行󠇣行󠇣,U+884C U+E01E3 U+884C U+E01E3,行:IVS+3; 行:IVS+3,
橫行霸道,ㄏㄥˋ ㄒㄧㄥˊ ㄅㄚˋ ㄉㄠˋ,ㄏㄥˊ ㄒㄧㄥˊ ㄅㄚˋ ㄉㄠˋ,橫󠇡行霸道,U+6A6B U+E01E1 U+884C U+9738 U+9053,橫:IVS+1,
衡量,ㄏㄥˊ ㄌㄧㄤˊ,ㄏㄥˊ ㄌㄧㄤˋ,衡量󠇡,U+8861 U+91CF U+E01E1,量:IVS+1,
橫流,ㄏㄥˋ ㄌㄧㄡˊ,ㄏㄥˊ ㄌㄧㄡˊ,橫󠇡流,U+6A6B U+E01E1 U+6D41,橫:IVS+1,
橫禍,ㄏㄥˋ ㄏㄨㄛˋ,ㄏㄥˊ ㄏㄨㄛˋ,橫󠇡禍,U+6A6B U+E01E1 U+798D,橫:IVS+1,
橫加,ㄏㄥˋ ㄐㄧㄚ,ㄏㄥˊ ㄐㄧㄚ,橫󠇡加,U+6A6B U+E01E1 U+52A0,橫:IVS+1,
橫財,ㄏㄥˋ ㄘㄞˊ,ㄏㄥˊ ㄘㄞˊ,橫󠇡財,U+6A6B U+E01E1 U+8CA1,橫:IVS+1,
橫死,ㄏㄥˋ ㄙˇ,ㄏㄥˊ ㄙˇ,橫󠇡死,U+6A6B U+E01E1 U+6B7B,橫:IVS+1,
呼天搶地,ㄏㄨ ㄊㄧㄢ ㄑㄧㄤ ㄉㄧˋ,ㄏㄨ ㄊㄧㄢ ㄑㄧㄤˇ ㄉㄧˋ,呼天搶󠇡地,U+547C U+5929 U+6436 U+E01E1 U+5730,搶:IVS+1,
呼應,ㄏㄨ ㄧㄥˋ,ㄏㄨ ㄧㄥ,呼應󠇡,U+547C U+61C9 U+E01E1,應:IVS+1,
衚衕,ㄏㄨˊ ㄊㄨㄥˊ,ㄏㄨˊ ㄊㄨㄥˋ,衚衕󠇡,U+885A U+8855 U+E01E1,衕:IVS+1,
鬍子,ㄏㄨˊ ˙ㄗ,ㄏㄨˊ ㄗˇ,鬍子󠇡,U+9B0D U+5B50 U+E01E1,子:IVS+1,
虎將,ㄏㄨˇ ㄐㄧㄤˋ,ㄏㄨˇ ㄐㄧㄤ,虎將󠇡,U+864E U+5C07 U+E01E1,將:IVS+1,
互別苗頭,ㄏㄨˋ ㄅㄧㄝˊ ㄇㄧㄠˊ ˙ㄊㄡ,ㄏㄨˋ ㄅㄧㄝˊ ㄇㄧㄠˊ ㄊㄡˊ,互別苗頭󠇡,U+4E92 U+5225 U+82D7 U+982D U+E01E1,頭:IVS+1,
互不相讓,ㄏㄨˋ ㄅㄨˋ ㄒㄧㄤ ㄖㄤˋ,ㄏㄨˋ ㄅㄨˋ ㄒㄧㄤˋ ㄖㄤˋ,互不相󠇡讓,U+4E92 U+4E0D U+76F8 U+E01E1 U+8B93,相:IVS+1,
互相,ㄏㄨˋ ㄒㄧㄤ,ㄏㄨˋ ㄒㄧㄤˋ,互相󠇡,U+4E92 U+76F8 U+E01E1,相:IVS+1,
戶長,ㄏㄨˋ ㄓㄤˇ,ㄏㄨˋ ㄔㄤˊ,戶長󠇡,U+6236 U+9577 U+E01E1,長:IVS+1,
扈從,ㄏㄨˋ ㄗㄨㄥˋ,ㄏㄨˋ ㄘㄨㄥˊ,扈從󠇡,U+6248 U+5F9E U+E01E1,從:IVS+1,
化子,ㄏㄨㄚ ˙ㄗ,ㄏㄨㄚˋ ㄗˇ,化󠇡子󠇡,U+5316 U+E01E1 U+5B50 U+E01E1,化:IVS+1; 子:IVS+1,
花頭,ㄏㄨㄚ ˙ㄊㄡ,ㄏㄨㄚ ㄊㄡˊ,花頭󠇡,U+82B1 U+982D U+E01E1,頭:IVS+1,
花冠,ㄏㄨㄚ ㄍㄨㄢ,ㄏㄨㄚ ㄍㄨㄢˋ,花冠󠇡,U+82B1 U+51A0 U+E01E1,冠:IVS+1,
華山,ㄏㄨㄚˋ ㄕㄢ,ㄏㄨㄚˊ ㄕㄢ,華󠇢山,U+83EF U+E01E2 U+5C71,華:IVS+2,
華佗再世,ㄏㄨㄚˋ ㄊㄨㄛˊ ㄗㄞˋ ㄕˋ,ㄏㄨㄚˊ ㄊㄨㄛˊ ㄗㄞˋ ㄕˋ,華󠇢佗再世,U+83EF U+E01E2 U+4F57 U+518D U+4E16,華:IVS+2,
話匣子,ㄏㄨㄚˋ ㄒㄧㄚˊ ˙ㄗ,ㄏㄨㄚˋ ㄒㄧㄚˊ ㄗˇ,話匣子󠇡,U+8A71 U+5323 U+5B50 U+E01E1,子:IVS+1,
和稀泥,ㄏㄨㄛˋ ㄒㄧ ㄋㄧˊ,ㄏㄜˊ ㄒㄧ ㄋㄧˊ,和󠇣稀泥,U+548C U+E01E3 U+7A00 U+6CE5,和:IVS+3,
貨幣供給額,ㄏㄨㄛˋ ㄅㄧˋ ㄍㄨㄥ ㄐㄧˇ ㄜˊ,ㄏㄨㄛˋ ㄅㄧˋ ㄍㄨㄥ ㄍㄟˇ ㄜˊ,貨幣供給󠇡額,U+8CA8 U+5E63 U+4F9B U+7D66 U+E01E1 U+984D,給:IVS+1,
壞痞子,ㄏㄨㄞˋ ㄆㄧˇ ˙ㄗ,ㄏㄨㄞˋ ㄆㄧˇ ㄗˇ,壞痞子󠇡,U+58DE U+75DE U+5B50 U+E01E1,子:IVS+1,
壞處,ㄏㄨㄞˋ ㄔㄨˋ,ㄏㄨㄞˋ ㄔㄨˇ,壞處󠇡,U+58DE U+8655 U+E01E1,處:IVS+1,
灰姑娘,ㄏㄨㄟ ㄍㄨ ˙ㄋㄧㄤ,ㄏㄨㄟ ㄍㄨ ㄋㄧㄤˊ,灰姑娘󠇡,U+7070 U+59D1 U+5A18 U+E01E1,娘:IVS+1,
灰心喪氣,ㄏㄨㄟ ㄒㄧㄣ ㄙㄤˋ ㄑㄧˋ,ㄏㄨㄟ ㄒㄧㄣ ㄙㄤ ㄑㄧˋ,灰心喪󠇡氣,U+7070 U+5FC3 U+55AA U+E01E1 U+6C23,喪:IVS+1,
虺隤,ㄏㄨㄟ ㄊㄨㄟˊ,ㄏㄨㄟˇ ㄊㄨㄟˊ,虺󠇡隤,U+867A U+E01E1 U+96A4,虺:IVS+1,
回應,ㄏㄨㄟˊ ㄧㄥˋ,ㄏㄨㄟˊ ㄧㄥ,回應󠇡,U+56DE U+61C9 U+E01E1,應:IVS+1,
會長,ㄏㄨㄟˋ ㄓㄤˇ,ㄏㄨㄟˋ ㄔㄤˊ,會長󠇡,U+6703 U+9577 U+E01E1,長:IVS+1,
環環相扣,ㄏㄨㄢˊ ㄏㄨㄢˊ ㄒㄧㄤ ㄎㄡˋ,ㄏㄨㄢˊ ㄏㄨㄢˊ ㄒㄧㄤˋ ㄎㄡˋ,環環相󠇡扣,U+74B0 U+74B0 U+76F8 U+E01E1 U+6263,相:IVS+1,
還本,ㄏㄨㄢˊ ㄅㄣˇ,ㄏㄞˊ ㄅㄣˇ,還󠇡本,U+9084 U+E01E1 U+672C,還:IVS+1,
還禮,ㄏㄨㄢˊ ㄌㄧˇ,ㄏㄞˊ ㄌㄧˇ,還󠇡禮,U+9084 U+E01E1 U+79AE,還:IVS+1,
還魂,ㄏㄨㄢˊ ㄏㄨㄣˊ,ㄏㄞˊ ㄏㄨㄣˊ,還󠇡魂,U+9084 U+E01E1 U+9B42,還:IVS+1,
還擊,ㄏㄨㄢˊ ㄐㄧˊ,ㄏㄞˊ ㄐㄧˊ,還󠇡擊,U+9084 U+E01E1 U+64CA,還:IVS+1,
還價,ㄏㄨㄢˊ ㄐㄧㄚˋ,ㄏㄞˊ ㄐㄧㄚˋ,還󠇡價,U+9084 U+E01E1 U+50F9,還:IVS+1,
還錢,ㄏㄨㄢˊ ㄑㄧㄢˊ,ㄏㄞˊ ㄑㄧㄢˊ,還󠇡錢,U+9084 U+E01E1 U+9322,還:IVS+1,
還債,ㄏㄨㄢˊ ㄓㄞˋ,ㄏㄞˊ ㄓㄞˋ,還󠇡債,U+9084 U+E01E1 U+50B5,還:IVS+1,
還手,ㄏㄨㄢˊ ㄕㄡˇ,ㄏㄞˊ ㄕㄡˇ,還󠇡手,U+9084 U+E01E1 U+624B,還:IVS+1,
還俗,ㄏㄨㄢˊ ㄙㄨˊ,ㄏㄞˊ ㄙㄨˊ,還󠇡俗,U+9084 U+E01E1 U+4FD7,還:IVS+1,
還以顏色,ㄏㄨㄢˊ ㄧˇ ㄧㄢˊ ㄙㄜˋ,ㄏㄞˊ ㄧˇ ㄧㄢˊ ㄙㄜˋ,還󠇡以顏色,U+9084 U+E01E1 U+4EE5 U+984F U+8272,還:IVS+1,
還我河山,ㄏㄨㄢˊ ㄨㄛˇ ㄏㄜˊ ㄕㄢ,ㄏㄞˊ ㄨㄛˇ ㄏㄜˊ ㄕㄢ,還󠇡我河山,U+9084 U+E01E1 U+6211 U+6CB3 U+5C71,還:IVS+1,
還原,ㄏㄨㄢˊ ㄩㄢˊ,ㄏㄞˊ ㄩㄢˊ,還󠇡原,U+9084 U+E01E1 U+539F,還:IVS+1,
還願,ㄏㄨㄢˊ ㄩㄢˋ,ㄏㄞˊ ㄩㄢˋ,還󠇡願,U+9084 U+E01E1 U+9858,還:IVS+1,
患難,ㄏㄨㄢˋ ㄋㄢˋ,ㄏㄨㄢˋ ㄋㄢˊ,患難󠇡,U+60A3 U+96E3 U+E01E1,難:IVS+1,
患難之交,ㄏㄨㄢˋ ㄋㄢˋ ㄓ ㄐㄧㄠ,ㄏㄨㄢˋ ㄋㄢˊ ㄓ ㄐㄧㄠ,患難󠇡之交,U+60A3 U+96E3 U+E01E1 U+4E4B U+4EA4,難:IVS+1,
患難與共,ㄏㄨㄢˋ ㄋㄢˋ ㄩˇ ㄍㄨㄥˋ,ㄏㄨㄢˋ ㄋㄢˊ ㄩˇ ㄍㄨㄥˋ,患難󠇡與共,U+60A3 U+96E3 U+E01E1 U+8207 U+5171,難:IVS+1,
患處,ㄏㄨㄢˋ ㄔㄨˋ,ㄏㄨㄢˋ ㄔㄨˇ,患處󠇡,U+60A3 U+8655 U+E01E1,處:IVS+1,
昏倒,ㄏㄨㄣ ㄉㄠˇ,ㄏㄨㄣ ㄉㄠˋ,昏倒󠇡,U+660F U+5012 U+E01E1,倒:IVS+1,
昏頭轉向,ㄏㄨㄣ ㄊㄡˊ ㄓㄨㄢˋ ㄒㄧㄤˋ,ㄏㄨㄣ ㄊㄡˊ ㄓㄨㄢˇ ㄒㄧㄤˋ,昏頭轉󠇡向,U+660F U+982D U+8F49 U+E01E1 U+5411,轉:IVS+1,
渾沌,ㄏㄨㄣˋ ㄉㄨㄣˋ,ㄏㄨㄣˊ ㄉㄨㄣˋ,渾󠇡沌,U+6E3E U+E01E1 U+6C8C,渾:IVS+1,
渾天儀,ㄏㄨㄣˋ ㄊㄧㄢ ㄧˊ,ㄏㄨㄣˊ ㄊㄧㄢ ㄧˊ,渾󠇡天儀,U+6E3E U+E01E1 U+5929 U+5100,渾:IVS+1,
渾元,ㄏㄨㄣˋ ㄩㄢˊ,ㄏㄨㄣˊ ㄩㄢˊ,渾󠇡元,U+6E3E U+E01E1 U+5143,渾:IVS+1,
皇冠,ㄏㄨㄤˊ ㄍㄨㄢ,ㄏㄨㄤˊ ㄍㄨㄢˋ,皇冠󠇡,U+7687 U+51A0 U+E01E1,冠:IVS+1,
黃梅調,ㄏㄨㄤˊ ㄇㄟˊ ㄉㄧㄠˋ,ㄏㄨㄤˊ ㄇㄟˊ ㄊㄧㄠˊ,黃梅調󠇡,U+9EC3 U+6885 U+8ABF U+E01E1,調:IVS+1,
黃毛丫頭,ㄏㄨㄤˊ ㄇㄠˊ ㄧㄚ ˙ㄊㄡ,ㄏㄨㄤˊ ㄇㄠˊ ㄧㄚ ㄊㄡˊ,黃毛丫頭󠇡,U+9EC3 U+6BDB U+4E2B U+982D U+E01E1,頭:IVS+1,
幌子,ㄏㄨㄤˇ ˙ㄗ,ㄏㄨㄤˇ ㄗˇ,幌子󠇡,U+5E4C U+5B50 U+E01E1,子:IVS+1,
洪洞縣,ㄏㄨㄥˊ ㄊㄨㄥˊ ㄒㄧㄢˋ,ㄏㄨㄥˊ ㄉㄨㄥˋ ㄒㄧㄢˋ,洪洞󠇡縣,U+6D2A U+6D1E U+E01E1 U+7E23,洞:IVS+1,
紅得發紫,ㄏㄨㄥˊ ˙ㄉㄜ ㄈㄚ ㄗˇ,ㄏㄨㄥˊ ㄉㄜˊ ㄈㄚ ㄗˇ,紅得󠇡發紫,U+7D05 U+5F97 U+E01E1 U+767C U+7D2B,得:IVS+1,
鴻爪,ㄏㄨㄥˊ ㄓㄠˇ,ㄏㄨㄥˊ ㄓㄨㄚˇ,鴻爪󠇡,U+9D3B U+722A U+E01E1,爪:IVS+1,
哄騙,ㄏㄨㄥˇ ㄆㄧㄢˋ,ㄏㄨㄥ ㄆㄧㄢˋ,哄󠇡騙,U+54C4 U+E01E1 U+9A19,哄:IVS+1,
奇數,ㄐㄧ ㄕㄨˋ,ㄑㄧˊ ㄕㄨˋ,奇󠇡數,U+5947 U+E01E1 U+6578,奇:IVS+1,
幾乎,ㄐㄧ ㄏㄨ,ㄐㄧˇ ㄏㄨ,幾󠇡乎,U+5E7E U+E01E1 U+4E4E,幾:IVS+1,
嘰哩咕嚕,ㄐㄧ ㄌㄧ ㄍㄨ ㄌㄨ,ㄐㄧ ㄌㄧˇ ㄍㄨ ㄌㄨ,嘰哩󠇢咕嚕,U+5630 U+54E9 U+E01E2 U+5495 U+5695,哩:IVS+2,
激將法,ㄐㄧ ㄐㄧㄤˋ ㄈㄚˇ,ㄐㄧ ㄐㄧㄤ ㄈㄚˇ,激將󠇡法,U+6FC0 U+5C07 U+E01E1 U+6CD5,將:IVS+1,
激切,ㄐㄧ ㄑㄧㄝˋ,ㄐㄧ ㄑㄧㄝ,激切󠇡,U+6FC0 U+5207 U+E01E1,切:IVS+1,
積累,ㄐㄧ ㄌㄟˇ,ㄐㄧ ㄌㄟˋ,積累󠇡,U+7A4D U+7D2F U+E01E1,累:IVS+1,
雞毛撢子,ㄐㄧ ㄇㄠˊ ㄉㄢˇ ˙ㄗ,ㄐㄧ ㄇㄠˊ ㄉㄢˇ ㄗˇ,雞毛撢子󠇡,U+96DE U+6BDB U+64A2 U+5B50 U+E01E1,子:IVS+1,
雞蛋裡挑骨頭,ㄐㄧ ㄉㄢˋ ㄌㄧˇ ㄊㄧㄠ ㄍㄨˊ ˙ㄊㄡ,ㄐㄧ ㄉㄢˋ ㄌㄧˇ ㄊㄧㄠˇ ㄍㄨˇ ㄊㄡˊ,雞蛋裡挑󠇡骨󠇢頭󠇡,U+96DE U+86CB U+88E1 U+6311 U+E01E1 U+9AA8 U+E01E2 U+982D U+E01E1,挑:IVS+1; 骨:IVS+2; 頭:IVS+1,
雞冠,ㄐㄧ ㄍㄨㄢ,ㄐㄧ ㄍㄨㄢˋ,雞冠󠇡,U+96DE U+51A0 U+E01E1,冠:IVS+1,
級長,ㄐㄧˊ ㄓㄤˇ,ㄐㄧˊ ㄔㄤˊ,級長󠇡,U+7D1A U+9577 U+E01E1,長:IVS+1,
即興,ㄐㄧˊ ㄒㄧㄥˋ,ㄐㄧˊ ㄒㄧㄥ,即興󠇡,U+5373 U+8208 U+E01E1,興:IVS+1,
急難,ㄐㄧˊ ㄋㄢˋ,ㄐㄧˊ ㄋㄢˊ,急難󠇡,U+6025 U+96E3 U+E01E1,難:IVS+1,
急公好義,ㄐㄧˊ ㄍㄨㄥ ㄏㄠˋ ㄧˋ,ㄐㄧˊ ㄍㄨㄥ ㄏㄠˇ ㄧˋ,急公好󠇡義,U+6025 U+516C U+597D U+E01E1 U+7FA9,好:IVS+1,
急切,ㄐㄧˊ ㄑㄧㄝˋ,ㄐㄧˊ ㄑㄧㄝ,急切󠇡,U+6025 U+5207 U+E01E1,切:IVS+1,
急性子,ㄐㄧˊ ㄒㄧㄥˋ ˙ㄗ,ㄐㄧˊ ㄒㄧㄥˋ ㄗˇ,急性子󠇡,U+6025 U+6027 U+5B50 U+E01E1,子:IVS+1,
擊倒,ㄐㄧˊ ㄉㄠˇ,ㄐㄧˊ ㄉㄠˋ,擊倒󠇡,U+64CA U+5012 U+E01E1,倒:IVS+1,
擊中,ㄐㄧˊ ㄓㄨㄥˋ,ㄐㄧˊ ㄓㄨㄥ,擊中󠇡,U+64CA U+4E2D U+E01E1,中:IVS+1,
給付,ㄐㄧˇ ㄈㄨˋ,ㄍㄟˇ ㄈㄨˋ,給󠇡付,U+7D66 U+E01E1 U+4ED8,給:IVS+1,
給水,ㄐㄧˇ ㄕㄨㄟˇ,ㄍㄟˇ ㄕㄨㄟˇ,給󠇡水,U+7D66 U+E01E1 U+6C34,給:IVS+1,
給予,ㄐㄧˇ ㄩˇ,ㄍㄟˇ ㄩˇ,給󠇡予,U+7D66 U+E01E1 U+4E88,給:IVS+1,
給與,ㄐㄧˇ ㄩˇ,ㄍㄟˇ ㄩˇ,給󠇡與,U+7D66 U+E01E1 U+8207,給:IVS+1,
濟濟,ㄐㄧˇ ㄐㄧˇ,ㄐㄧˋ ㄐㄧˋ,濟󠇡濟󠇡,U+6FDF U+E01E1 U+6FDF U+E01E1,濟:IVS+1; 濟:IVS+1,
濟濟多士,ㄐㄧˇ ㄐㄧˇ ㄉㄨㄛ ㄕˋ,ㄐㄧˋ ㄐㄧˋ ㄉㄨㄛ ㄕˋ,濟󠇡濟󠇡多士,U+6FDF U+E01E1 U+6FDF U+E01E1 U+591A U+58EB,濟:IVS+1; 濟:IVS+1,
記得,ㄐㄧˋ ˙ㄉㄜ,ㄐㄧˋ ㄉㄜˊ,記得󠇡,U+8A18 U+5F97 U+E01E1,得:IVS+1,
加給,ㄐㄧㄚ ㄐㄧˇ,ㄐㄧㄚ ㄍㄟˇ,加給󠇡,U+52A0 U+7D66 U+E01E1,給:IVS+1,
家當,ㄐㄧㄚ ㄉㄤˋ,ㄐㄧㄚ ㄉㄤ,家當󠇡,U+5BB6 U+7576 U+E01E1,當:IVS+1,
家長,ㄐㄧㄚ ㄓㄤˇ,ㄐㄧㄚ ㄔㄤˊ,家長󠇡,U+5BB6 U+9577 U+E01E1,長:IVS+1,
家畜,ㄐㄧㄚ ㄔㄨˋ,ㄐㄧㄚ ㄒㄩˋ,家畜󠇡,U+5BB6 U+755C U+E01E1,畜:IVS+1,
夾縫,ㄐㄧㄚˊ ㄈㄥˋ,ㄐㄧㄚˊ ㄈㄥˊ,夾縫󠇡,U+593E U+7E2B U+E01E1,縫:IVS+1,
夾子,ㄐㄧㄚˊ ˙ㄗ,ㄐㄧㄚˊ ㄗˇ,夾子󠇡,U+593E U+5B50 U+E01E1,子:IVS+1,
架子,ㄐㄧㄚˋ ˙ㄗ,ㄐㄧㄚˋ ㄗˇ,架子󠇡,U+67B6 U+5B50 U+E01E1,子:IVS+1,
假期,ㄐㄧㄚˋ ㄑㄧˊ,ㄐㄧㄚˇ ㄑㄧˊ,假󠇡期,U+5047 U+E01E1 U+671F,假:IVS+1,
假日,ㄐㄧㄚˋ ㄖˋ,ㄐㄧㄚˇ ㄖˋ,假󠇡日,U+5047 U+E01E1 U+65E5,假:IVS+1,
假日花市,ㄐㄧㄚˋ ㄖˋ ㄏㄨㄚ ㄕˋ,ㄐㄧㄚˇ ㄖˋ ㄏㄨㄚ ㄕˋ,假󠇡日花市,U+5047 U+E01E1 U+65E5 U+82B1 U+5E02,假:IVS+1,
接縫,ㄐㄧㄝ ㄈㄥˋ,ㄐㄧㄝ ㄈㄥˊ,接縫󠇡,U+63A5 U+7E2B U+E01E1,縫:IVS+1,
接種,ㄐㄧㄝ ㄓㄨㄥˋ,ㄐㄧㄝ ㄓㄨㄥˇ,接種󠇡,U+63A5 U+7A2E U+E01E1,種:IVS+1,
接應,ㄐㄧㄝ ㄧㄥˋ,ㄐㄧㄝ ㄧㄥ,接應󠇡,U+63A5 U+61C9 U+E01E1,應:IVS+1,
結巴,ㄐㄧㄝ ㄅㄚ,ㄐㄧㄝˊ ㄅㄚ,結󠇡巴,U+7D50 U+E01E1 U+5DF4,結:IVS+1,
劫難,ㄐㄧㄝˊ ㄋㄢˋ,ㄐㄧㄝˊ ㄋㄢˊ,劫難󠇡,U+52AB U+96E3 U+E01E1,難:IVS+1,
櫛比鱗次,ㄐㄧㄝˊ ㄅㄧˋ ㄌㄧㄣˊ ㄘˋ,ㄐㄧㄝˊ ㄅㄧˇ ㄌㄧㄣˊ ㄘˋ,櫛比󠇡鱗次,U+6ADB U+6BD4 U+E01E1 U+9C57 U+6B21,比:IVS+1,
癤子,ㄐㄧㄝˊ ˙ㄗ,ㄐㄧㄝˊ ㄗˇ,癤子󠇡,U+7664 U+5B50 U+E01E1,子:IVS+1,
潔身自好,ㄐㄧㄝˊ ㄕㄣ ㄗˋ ㄏㄠˋ,ㄐㄧㄝˊ ㄕㄣ ㄗˋ ㄏㄠˇ,潔身自好󠇡,U+6F54 U+8EAB U+81EA U+597D U+E01E1,好:IVS+1,
解悶,ㄐㄧㄝˇ ㄇㄣˋ,ㄐㄧㄝˇ ㄇㄣ,解悶󠇡,U+89E3 U+60B6 U+E01E1,悶:IVS+1,
借調,ㄐㄧㄝˋ ㄉㄧㄠˋ,ㄐㄧㄝˋ ㄊㄧㄠˊ,借調󠇡,U+501F U+8ABF U+E01E1,調:IVS+1,
借屍還魂,ㄐㄧㄝˋ ㄕ ㄏㄨㄢˊ ㄏㄨㄣˊ,ㄐㄧㄝˋ ㄕ ㄏㄞˊ ㄏㄨㄣˊ,借屍還󠇡魂,U+501F U+5C4D U+9084 U+E01E1 U+9B42,還:IVS+1,
解送,ㄐㄧㄝˋ ㄙㄨㄥˋ,ㄐㄧㄝˇ ㄙㄨㄥˋ,解󠇡送,U+89E3 U+E01E1 U+9001,解:IVS+1,
解元,ㄐㄧㄝˋ ㄩㄢˊ,ㄐㄧㄝˇ ㄩㄢˊ,解󠇡元,U+89E3 U+E01E1 U+5143,解:IVS+1,
交還,ㄐㄧㄠ ㄏㄨㄢˊ,ㄐㄧㄠ ㄏㄞˊ,交還󠇡,U+4EA4 U+9084 U+E01E1,還:IVS+1,
交響樂,ㄐㄧㄠ ㄒㄧㄤˇ ㄩㄝˋ,ㄐㄧㄠ ㄒㄧㄤˇ ㄌㄜˋ,交響樂󠇡,U+4EA4 U+97FF U+6A02 U+E01E1,樂:IVS+1,
交差,ㄐㄧㄠ ㄔㄞ,ㄐㄧㄠ ㄔㄚ,交差󠇡,U+4EA4 U+5DEE U+E01E1,差:IVS+1,
交惡,ㄐㄧㄠ ㄨˋ,ㄐㄧㄠ ㄜˋ,交惡󠇡,U+4EA4 U+60E1 U+E01E1,惡:IVS+1,
教書,ㄐㄧㄠ ㄕㄨ,ㄐㄧㄠˋ ㄕㄨ,教󠇡書,U+6559 U+E01E1 U+66F8,教:IVS+1,
膠卷,ㄐㄧㄠ ㄐㄩㄢˇ,ㄐㄧㄠ ㄐㄩㄢˋ,膠卷󠇡,U+81A0 U+5377 U+E01E1,卷:IVS+1,
膠著狀態,ㄐㄧㄠ ㄓㄨㄛˊ ㄓㄨㄤˋ ㄊㄞˋ,ㄐㄧㄠ ˙ㄓㄜ ㄓㄨㄤˋ ㄊㄞˋ,膠著󠇤狀態,U+81A0 U+8457 U+E01E4 U+72C0 U+614B,著:IVS+4,
驕橫,ㄐㄧㄠ ㄏㄥˋ,ㄐㄧㄠ ㄏㄥˊ,驕橫󠇡,U+9A55 U+6A6B U+E01E1,橫:IVS+1,
餃子,ㄐㄧㄠˇ ˙ㄗ,ㄐㄧㄠˇ ㄗˇ,餃子󠇡,U+9903 U+5B50 U+E01E1,子:IVS+1,
腳丫子,ㄐㄧㄠˇ ㄧㄚ ˙ㄗ,ㄐㄧㄠˇ ㄧㄚ ㄗˇ,腳丫子󠇡,U+8173 U+4E2B U+5B50 U+E01E1,子:IVS+1,
攪和,ㄐㄧㄠˇ ㄏㄨㄛˋ,ㄐㄧㄠˇ ㄏㄜˊ,攪和󠇣,U+652A U+548C U+E01E3,和:IVS+3,
校訂,ㄐㄧㄠˋ ㄉㄧㄥˋ,ㄒㄧㄠˋ ㄉㄧㄥˋ,校󠇡訂,U+6821 U+E01E1 U+8A02,校:IVS+1,
校對,ㄐㄧㄠˋ ㄉㄨㄟˋ,ㄒㄧㄠˋ ㄉㄨㄟˋ,校󠇡對,U+6821 U+E01E1 U+5C0D,校:IVS+1,
校稿,ㄐㄧㄠˋ ㄍㄠˇ,ㄒㄧㄠˋ ㄍㄠˇ,校󠇡稿,U+6821 U+E01E1 U+7A3F,校:IVS+1,
校勘,ㄐㄧㄠˋ ㄎㄢ,ㄒㄧㄠˋ ㄎㄢ,校󠇡勘,U+6821 U+E01E1 U+52D8,校:IVS+1,
校勘學,ㄐㄧㄠˋ ㄎㄢ ㄒㄩㄝˊ,ㄒㄧㄠˋ ㄎㄢ ㄒㄩㄝˊ,校󠇡勘學,U+6821 U+E01E1 U+52D8 U+5B78,校:IVS+1,
校正,ㄐㄧㄠˋ ㄓㄥˋ,ㄒㄧㄠˋ ㄓㄥˋ,校󠇡正,U+6821 U+E01E1 U+6B63,校:IVS+1,
校閱,ㄐㄧㄠˋ ㄩㄝˋ,ㄒㄧㄠˋ ㄩㄝˋ,校󠇡閱,U+6821 U+E01E1 U+95B1,校:IVS+1,
教學相長,ㄐㄧㄠˋ ㄒㄩㄝˊ ㄒㄧㄤ ㄓㄤˇ,ㄐㄧㄠˋ ㄒㄩㄝˊ ㄒㄧㄤˋ ㄔㄤˊ,教學相󠇡長󠇡,U+6559 U+5B78 U+76F8 U+E01E1 U+9577 U+E01E1,相:IVS+1; 長:IVS+1,
轎子,ㄐㄧㄠˋ ˙ㄗ,ㄐㄧㄠˋ ㄗˇ,轎子󠇡,U+8F4E U+5B50 U+E01E1,子:IVS+1,
糾彈,ㄐㄧㄡ ㄊㄢˊ,ㄐㄧㄡ ㄉㄢˋ,糾彈󠇡,U+7CFE U+5F48 U+E01E1,彈:IVS+1,
糾葛,ㄐㄧㄡ ㄍㄜˊ,ㄐㄧㄡ ㄍㄜˇ,糾葛󠇡,U+7CFE U+845B U+E01E1,葛:IVS+1,
九重葛,ㄐㄧㄡˇ ㄔㄨㄥˊ ㄍㄜˊ,ㄐㄧㄡˇ ㄓㄨㄥˋ ㄍㄜˇ,九重󠇡葛󠇡,U+4E5D U+91CD U+E01E1 U+845B U+E01E1,重:IVS+1; 葛:IVS+1,
酒吧,ㄐㄧㄡˇ ㄅㄚ,ㄐㄧㄡˇ ˙ㄅㄚ,酒吧󠇡,U+9152 U+5427 U+E01E1,吧:IVS+1,
舅舅,ㄐㄧㄡˋ ˙ㄐㄧㄡ,ㄐㄧㄡˋ ㄐㄧㄡˋ,舅舅󠇡,U+8205 U+8205 U+E01E1,舅:IVS+1,
舊地重遊,ㄐㄧㄡˋ ㄉㄧˋ ㄔㄨㄥˊ ㄧㄡˊ,ㄐㄧㄡˋ ㄉㄧˋ ㄓㄨㄥˋ ㄧㄡˊ,舊地重󠇡遊,U+820A U+5730 U+91CD U+E01E1 U+904A,重:IVS+1,
舊調重彈,ㄐㄧㄡˋ ㄉㄧㄠˋ ㄔㄨㄥˊ ㄊㄢˊ,ㄐㄧㄡˋ ㄊㄧㄠˊ ㄓㄨㄥˋ ㄉㄢˋ,舊調󠇡重󠇡彈󠇡,U+820A U+8ABF U+E01E1 U+91CD U+E01E1 U+5F48 U+E01E1,調:IVS+1; 重:IVS+1; 彈:IVS+1,
救難,ㄐㄧㄡˋ ㄋㄢˋ,ㄐㄧㄡˋ ㄋㄢˊ,救難󠇡,U+6551 U+96E3 U+E01E1,難:IVS+1,
救苦救難,ㄐㄧㄡˋ ㄎㄨˇ ㄐㄧㄡˋ ㄋㄢˋ,ㄐㄧㄡˋ ㄎㄨˇ ㄐㄧㄡˋ ㄋㄢˊ,救苦救難󠇡,U+6551 U+82E6 U+6551 U+96E3 U+E01E1,難:IVS+1,
兼差,ㄐㄧㄢ ㄔㄞ,ㄐㄧㄢ ㄔㄚ,兼差󠇡,U+517C U+5DEE U+E01E1,差:IVS+1,
撿便宜,ㄐㄧㄢˇ ㄆㄧㄢˊ ㄧˊ,ㄐㄧㄢˇ ㄅㄧㄢˋ ㄧˊ,撿便󠇡宜,U+64BF U+4FBF U+E01E1 U+5B9C,便:IVS+1,
建都,ㄐㄧㄢˋ ㄉㄨ,ㄐㄧㄢˋ ㄉㄡ,建都󠇡,U+5EFA U+90FD U+E01E1,都:IVS+1,
健將,ㄐㄧㄢˋ ㄐㄧㄤˋ,ㄐㄧㄢˋ ㄐㄧㄤ,健將󠇡,U+5065 U+5C07 U+E01E1,將:IVS+1,
毽子,ㄐㄧㄢˋ ˙ㄗ,ㄐㄧㄢˋ ㄗˇ,毽子󠇡,U+6BFD U+5B50 U+E01E1,子:IVS+1,
間不容髮,ㄐㄧㄢˋ ㄅㄨˋ ㄖㄨㄥˊ ㄈㄚˇ,ㄐㄧㄢ ㄅㄨˋ ㄖㄨㄥˊ ㄈㄚˇ,間󠇡不容髮,U+9593 U+E01E1 U+4E0D U+5BB9 U+9AEE,間:IVS+1,
間諜,ㄐㄧㄢˋ ㄉㄧㄝˊ,ㄐㄧㄢ ㄉㄧㄝˊ,間󠇡諜,U+9593 U+E01E1 U+8ADC,間:IVS+1,
間斷,ㄐㄧㄢˋ ㄉㄨㄢˋ,ㄐㄧㄢ ㄉㄨㄢˋ,間󠇡斷,U+9593 U+E01E1 U+65B7,間:IVS+1,
間隔,ㄐㄧㄢˋ ㄍㄜˊ,ㄐㄧㄢ ㄍㄜˊ,間󠇡隔,U+9593 U+E01E1 U+9694,間:IVS+1,
間接,ㄐㄧㄢˋ ㄐㄧㄝ,ㄐㄧㄢ ㄐㄧㄝ,間󠇡接,U+9593 U+E01E1 U+63A5,間:IVS+1,
間隙,ㄐㄧㄢˋ ㄒㄧˋ,ㄐㄧㄢ ㄒㄧˋ,間󠇡隙,U+9593 U+E01E1 U+9699,間:IVS+1,
間歇,ㄐㄧㄢˋ ㄒㄧㄝ,ㄐㄧㄢ ㄒㄧㄝ,間󠇡歇,U+9593 U+E01E1 U+6B47,間:IVS+1,
間雜,ㄐㄧㄢˋ ㄗㄚˊ,ㄐㄧㄢ ㄗㄚˊ,間󠇡雜,U+9593 U+E01E1 U+96DC,間:IVS+1,
艦長,ㄐㄧㄢˋ ㄓㄤˇ,ㄐㄧㄢˋ ㄔㄤˊ,艦長󠇡,U+8266 U+9577 U+E01E1,長:IVS+1,
賤骨頭,ㄐㄧㄢˋ ㄍㄨˊ ˙ㄊㄡ,ㄐㄧㄢˋ ㄍㄨˇ ㄊㄡˊ,賤骨󠇢頭󠇡,U+8CE4 U+9AA8 U+E01E2 U+982D U+E01E1,骨:IVS+2; 頭:IVS+1,
金嗓子,ㄐㄧㄣ ㄙㄤˇ ˙ㄗ,ㄐㄧㄣ ㄙㄤˇ ㄗˇ,金嗓子󠇡,U+91D1 U+55D3 U+5B50 U+E01E1,子:IVS+1,
禁不起,ㄐㄧㄣ ㄅㄨˋ ㄑㄧˇ,ㄐㄧㄣˋ ㄅㄨˋ ㄑㄧˇ,禁󠇡不起,U+7981 U+E01E1 U+4E0D U+8D77,禁:IVS+1,
禁不住,ㄐㄧㄣ ㄅㄨˋ ㄓㄨˋ,ㄐㄧㄣˋ ㄅㄨˋ ㄓㄨˋ,禁󠇡不住,U+7981 U+E01E1 U+4E0D U+4F4F,禁:IVS+1,
緊急處分,ㄐㄧㄣˇ ㄐㄧˊ ㄔㄨˇ ㄈㄣˋ,ㄐㄧㄣˇ ㄐㄧˊ ㄔㄨˇ ㄈㄣ,緊急處分󠇡,U+7DCA U+6025 U+8655 U+5206 U+E01E1,分:IVS+1,
近處,ㄐㄧㄣˋ ㄔㄨˋ,ㄐㄧㄣˋ ㄔㄨˇ,近處󠇡,U+8FD1 U+8655 U+E01E1,處:IVS+1,
盡興,ㄐㄧㄣˋ ㄒㄧㄥˋ,ㄐㄧㄣˋ ㄒㄧㄥ,盡興󠇡,U+76E1 U+8208 U+E01E1,興:IVS+1,
漿糊,ㄐㄧㄤˋ ㄏㄨˊ,ㄐㄧㄤ ㄏㄨˊ,漿󠇡糊,U+6F3F U+E01E1 U+7CCA,漿:IVS+1,
將門虎子,ㄐㄧㄤˋ ㄇㄣˊ ㄏㄨˇ ㄗˇ,ㄐㄧㄤ ㄇㄣˊ ㄏㄨˇ ㄗˇ,將󠇡門虎子,U+5C07 U+E01E1 U+9580 U+864E U+5B50,將:IVS+1,
將領,ㄐㄧㄤˋ ㄌㄧㄥˇ,ㄐㄧㄤ ㄌㄧㄥˇ,將󠇡領,U+5C07 U+E01E1 U+9818,將:IVS+1,
將令,ㄐㄧㄤˋ ㄌㄧㄥˋ,ㄐㄧㄤ ㄌㄧㄥˋ,將󠇡令,U+5C07 U+E01E1 U+4EE4,將:IVS+1,
將略,ㄐㄧㄤˋ ㄌㄩㄝˋ,ㄐㄧㄤ ㄌㄩㄝˋ,將󠇡略,U+5C07 U+E01E1 U+7565,將:IVS+1,
將士,ㄐㄧㄤˋ ㄕˋ,ㄐㄧㄤ ㄕˋ,將󠇡士,U+5C07 U+E01E1 U+58EB,將:IVS+1,
將士用命,ㄐㄧㄤˋ ㄕˋ ㄩㄥˋ ㄇㄧㄥˋ,ㄐㄧㄤ ㄕˋ ㄩㄥˋ ㄇㄧㄥˋ,將󠇡士用命,U+5C07 U+E01E1 U+58EB U+7528 U+547D,將:IVS+1,
將才,ㄐㄧㄤˋ ㄘㄞˊ,ㄐㄧㄤ ㄘㄞˊ,將󠇡才,U+5C07 U+E01E1 U+624D,將:IVS+1,
京片子,ㄐㄧㄥ ㄆㄧㄢˋ ˙ㄗ,ㄐㄧㄥ ㄆㄧㄢˋ ㄗˇ,京片子󠇡,U+4EAC U+7247 U+5B50 U+E01E1,子:IVS+1,
菁英分子,ㄐㄧㄥ ㄧㄥ ㄈㄣˋ ㄗˇ,ㄐㄧㄥ ㄧㄥ ㄈㄣ ㄗˇ,菁英分󠇡子,U+83C1 U+82F1 U+5206 U+E01E1 U+5B50,分:IVS+1,
精挑細選,ㄐㄧㄥ ㄊㄧㄠ ㄒㄧˋ ㄒㄩㄢˇ,ㄐㄧㄥ ㄊㄧㄠˇ ㄒㄧˋ ㄒㄩㄢˇ,精挑󠇡細選,U+7CBE U+6311 U+E01E1 U+7D30 U+9078,挑:IVS+1,
經年累月,ㄐㄧㄥ ㄋㄧㄢˊ ㄌㄟˇ ㄩㄝˋ,ㄐㄧㄥ ㄋㄧㄢˊ ㄌㄟˋ ㄩㄝˋ,經年累󠇡月,U+7D93 U+5E74 U+7D2F U+E01E1 U+6708,累:IVS+1,
經濟成長,ㄐㄧㄥ ㄐㄧˋ ㄔㄥˊ ㄓㄤˇ,ㄐㄧㄥ ㄐㄧˋ ㄔㄥˊ ㄔㄤˊ,經濟成長󠇡,U+7D93 U+6FDF U+6210 U+9577 U+E01E1,長:IVS+1,
鏡子,ㄐㄧㄥˋ ˙ㄗ,ㄐㄧㄥˋ ㄗˇ,鏡子󠇡,U+93E1 U+5B50 U+E01E1,子:IVS+1,
敬而遠之,ㄐㄧㄥˋ ㄦˊ ㄩㄢˋ ㄓ,ㄐㄧㄥˋ ㄦˊ ㄩㄢˇ ㄓ,敬而遠󠇡之,U+656C U+800C U+9060 U+E01E1 U+4E4B,遠:IVS+1,
敬業樂群,ㄐㄧㄥˋ ㄧㄝˋ ㄧㄠˋ ㄑㄩㄣˊ,ㄐㄧㄥˋ ㄧㄝˋ ㄌㄜˋ ㄑㄩㄣˊ,敬業樂󠇢群,U+656C U+696D U+6A02 U+E01E2 U+7FA4,樂:IVS+2,
拘泥,ㄐㄩ ㄋㄧˋ,ㄐㄩ ㄋㄧˊ,拘泥󠇡,U+62D8 U+6CE5 U+E01E1,泥:IVS+1,
居處,ㄐㄩ ㄔㄨˋ,ㄐㄩ ㄔㄨˇ,居處󠇡,U+5C45 U+8655 U+E01E1,處:IVS+1,
橘子,ㄐㄩˊ ˙ㄗ,ㄐㄩˊ ㄗˇ,橘子󠇡,U+6A58 U+5B50 U+E01E1,子:IVS+1,
沮喪,ㄐㄩˇ ㄙㄤˋ,ㄐㄩˇ ㄙㄤ,沮喪󠇡,U+6CAE U+55AA U+E01E1,喪:IVS+1,
咀嚼,ㄐㄩˇ ㄐㄩㄝˊ,ㄐㄩˇ ㄐㄧㄠˊ,咀嚼󠇡,U+5480 U+56BC U+E01E1,嚼:IVS+1,
枸櫞,ㄐㄩˇ ㄩㄢˊ,ㄍㄡˇ ㄩㄢˊ,枸󠇢櫞,U+67B8 U+E01E2 U+6ADE,枸:IVS+2,
巨著,ㄐㄩˋ ㄓㄨˋ,ㄐㄩˋ ˙ㄓㄜ,巨著󠇡,U+5DE8 U+8457 U+E01E1,著:IVS+1,
鉅著,ㄐㄩˋ ㄓㄨˋ,ㄐㄩˋ ˙ㄓㄜ,鉅著󠇡,U+9245 U+8457 U+E01E1,著:IVS+1,
句讀,ㄐㄩˋ ㄉㄡˋ,ㄐㄩˋ ㄉㄨˊ,句讀󠇡,U+53E5 U+8B80 U+E01E1,讀:IVS+1,
句子,ㄐㄩˋ ˙ㄗ,ㄐㄩˋ ㄗˇ,句子󠇡,U+53E5 U+5B50 U+E01E1,子:IVS+1,
倨傲鮮腆,ㄐㄩˋ ㄠˋ ㄒㄧㄢˇ ㄊㄧㄢˇ,ㄐㄩˋ ㄠˋ ㄒㄧㄢ ㄊㄧㄢˇ,倨傲鮮󠇡腆,U+5028 U+50B2 U+9BAE U+E01E1 U+8146,鮮:IVS+1,
鋸子,ㄐㄩˋ ˙ㄗ,ㄐㄩˋ ㄗˇ,鋸子󠇡,U+92F8 U+5B50 U+E01E1,子:IVS+1,
瞿然,ㄐㄩˋ ㄖㄢˊ,ㄑㄩˊ ㄖㄢˊ,瞿󠇡然,U+77BF U+E01E1 U+7136,瞿:IVS+1,
角色,ㄐㄩㄝˊ ㄙㄜˋ,ㄐㄧㄠˇ ㄙㄜˋ,角󠇡色,U+89D2 U+E01E1 U+8272,角:IVS+1,
倔強,ㄐㄩㄝˊ ㄐㄧㄤˋ,ㄐㄩㄝˊ ㄑㄧㄤˊ,倔強󠇢,U+5014 U+5F37 U+E01E2,強:IVS+2,
絕處逢生,ㄐㄩㄝˊ ㄔㄨˋ ㄈㄥˊ ㄕㄥ,ㄐㄩㄝˊ ㄔㄨˇ ㄈㄥˊ ㄕㄥ,絕處󠇡逢生,U+7D55 U+8655 U+E01E1 U+9022 U+751F,處:IVS+1,
爵士樂,ㄐㄩㄝˊ ㄕˋ ㄩㄝˋ,ㄐㄩㄝˊ ㄕˋ ㄌㄜˋ,爵士樂󠇡,U+7235 U+58EB U+6A02 U+E01E1,樂:IVS+1,
嚼蠟,ㄐㄩㄝˊ ㄌㄚˋ,ㄐㄧㄠˊ ㄌㄚˋ,嚼󠇡蠟,U+56BC U+E01E1 U+881F,嚼:IVS+1,
覺得,ㄐㄩㄝˊ ˙ㄉㄜ,ㄐㄩㄝˊ ㄉㄜˊ,覺得󠇡,U+89BA U+5F97 U+E01E1,得:IVS+1,
身毒,ㄐㄩㄢ ㄉㄨˊ,ㄕㄣ ㄉㄨˊ,身󠇡毒,U+8EAB U+E01E1 U+6BD2,身:IVS+1,
卷雲,ㄐㄩㄢˇ ㄩㄣˊ,ㄐㄩㄢˋ ㄩㄣˊ,卷󠇡雲,U+5377 U+E01E1 U+96F2,卷:IVS+1,
捲土重來,ㄐㄩㄢˇ ㄊㄨˇ ㄔㄨㄥˊ ㄌㄞˊ,ㄐㄩㄢˇ ㄊㄨˇ ㄓㄨㄥˋ ㄌㄞˊ,捲土重󠇡來,U+6372 U+571F U+91CD U+E01E1 U+4F86,重:IVS+1,
捲曲,ㄐㄩㄢˇ ㄑㄩ,ㄐㄩㄢˇ ㄑㄩˇ,捲曲󠇡,U+6372 U+66F2 U+E01E1,曲:IVS+1,
龜裂,ㄐㄩㄣ ㄌㄧㄝˋ,ㄍㄨㄟ ㄌㄧㄝˋ,龜󠇡裂,U+9F9C U+E01E1 U+88C2,龜:IVS+1,
棋高一著,ㄑㄧˊ ㄍㄠ ㄧ ㄓㄨㄛˊ,ㄑㄧˊ ㄍㄠ ㄧ ˙ㄓㄜ,棋高一著󠇤,U+68CB U+9AD8 U+4E00 U+8457 U+E01E4,著:IVS+4,
旗鼓相當,ㄑㄧˊ ㄍㄨˇ ㄒㄧㄤ ㄉㄤ,ㄑㄧˊ ㄍㄨˇ ㄒㄧㄤˋ ㄉㄤ,旗鼓相󠇡當,U+65D7 U+9F13 U+76F8 U+E01E1 U+7576,相:IVS+1,
旗子,ㄑㄧˊ ˙ㄗ,ㄑㄧˊ ㄗˇ,旗子󠇡,U+65D7 U+5B50 U+E01E1,子:IVS+1,
騎縫,ㄑㄧˊ ㄈㄥˋ,ㄑㄧˊ ㄈㄥˊ,騎縫󠇡,U+9A0E U+7E2B U+E01E1,縫:IVS+1,
起子,ㄑㄧˇ ˙ㄗ,ㄑㄧˇ ㄗˇ,起子󠇡,U+8D77 U+5B50 U+E01E1,子:IVS+1,
稽首,ㄑㄧˇ ㄕㄡˇ,ㄐㄧ ㄕㄡˇ,稽󠇡首,U+7A3D U+E01E1 U+9996,稽:IVS+1,
氣勢磅礴,ㄑㄧˋ ㄕˋ ㄆㄤ ㄅㄛˊ,ㄑㄧˋ ㄕˋ ㄅㄤˋ ㄅㄛˊ,氣勢磅󠇡礴,U+6C23 U+52E2 U+78C5 U+E01E1 U+7934,磅:IVS+1,
氣味相投,ㄑㄧˋ ㄨㄟˋ ㄒㄧㄤ ㄊㄡˊ,ㄑㄧˋ ㄨㄟˋ ㄒㄧㄤˋ ㄊㄡˊ,氣味相󠇡投,U+6C23 U+5473 U+76F8 U+E01E1 U+6295,相:IVS+1,
棄車保帥,ㄑㄧˋ ㄐㄩ ㄅㄠˇ ㄕㄨㄞˋ,ㄑㄧˋ ㄔㄜ ㄅㄠˇ ㄕㄨㄞˋ,棄車󠇡保帥,U+68C4 U+8ECA U+E01E1 U+4FDD U+5E25,車:IVS+1,
器樂,ㄑㄧˋ ㄩㄝˋ,ㄑㄧˋ ㄌㄜˋ,器樂󠇡,U+5668 U+6A02 U+E01E1,樂:IVS+1,
恰到好處,ㄑㄧㄚˋ ㄉㄠˋ ㄏㄠˇ ㄔㄨˋ,ㄑㄧㄚˋ ㄉㄠˋ ㄏㄠˇ ㄔㄨˇ,恰到好處󠇡,U+6070 U+5230 U+597D U+8655 U+E01E1,處:IVS+1,
恰當,ㄑㄧㄚˋ ㄉㄤˋ,ㄑㄧㄚˋ ㄉㄤ,恰當󠇡,U+6070 U+7576 U+E01E1,當:IVS+1,
恰如其分,ㄑㄧㄚˋ ㄖㄨˊ ㄑㄧˊ ㄈㄣˋ,ㄑㄧㄚˋ ㄖㄨˊ ㄑㄧˊ ㄈㄣ,恰如其分󠇡,U+6070 U+5982 U+5176 U+5206 U+E01E1,分:IVS+1,
伽藍,ㄑㄧㄝˊ ㄌㄢˊ,ㄐㄧㄚ ㄌㄢˊ,伽󠇡藍,U+4F3D U+E01E1 U+85CD,伽:IVS+1,
茄子,ㄑㄧㄝˊ ˙ㄗ,ㄑㄧㄝˊ ㄗˇ,茄子󠇡,U+8304 U+5B50 U+E01E1,子:IVS+1,
切盼,ㄑㄧㄝˋ ㄆㄢˋ,ㄑㄧㄝ ㄆㄢˋ,切󠇡盼,U+5207 U+E01E1 U+76FC,切:IVS+1,
切莫,ㄑㄧㄝˋ ㄇㄛˋ,ㄑㄧㄝ ㄇㄛˋ,切󠇡莫,U+5207 U+E01E1 U+83AB,切:IVS+1,
切脈,ㄑㄧㄝˋ ㄇㄞˋ,ㄑㄧㄝ ㄇㄞˋ,切󠇡脈,U+5207 U+E01E1 U+8108,切:IVS+1,
切膚之痛,ㄑㄧㄝˋ ㄈㄨ ㄓ ㄊㄨㄥˋ,ㄑㄧㄝ ㄈㄨ ㄓ ㄊㄨㄥˋ,切󠇡膚之痛,U+5207 U+E01E1 U+819A U+4E4B U+75DB,切:IVS+1,
切合,ㄑㄧㄝˋ ㄏㄜˊ,ㄑㄧㄝ ㄏㄜˊ,切󠇡合,U+5207 U+E01E1 U+5408,切:IVS+1,
切忌,ㄑㄧㄝˋ ㄐㄧˋ,ㄑㄧㄝ ㄐㄧˋ,切󠇡忌,U+5207 U+E01E1 U+5FCC,切:IVS+1,
切記,ㄑㄧㄝˋ ㄐㄧˋ,ㄑㄧㄝ ㄐㄧˋ,切󠇡記,U+5207 U+E01E1 U+8A18,切:IVS+1,
切結,ㄑㄧㄝˋ ㄐㄧㄝˊ,ㄑㄧㄝ ㄐㄧㄝˊ,切󠇡結,U+5207 U+E01E1 U+7D50,切:IVS+1,
切結書,ㄑㄧㄝˋ ㄐㄧㄝˊ ㄕㄨ,ㄑㄧㄝ ㄐㄧㄝˊ ㄕㄨ,切󠇡結書,U+5207 U+E01E1 U+7D50 U+66F8,切:IVS+1,
切中時弊,ㄑㄧㄝˋ ㄓㄨㄥˋ ㄕˊ ㄅㄧˋ,ㄑㄧㄝ ㄓㄨㄥ ㄕˊ ㄅㄧˋ,切󠇡中󠇡時弊,U+5207 U+E01E1 U+4E2D U+E01E1 U+6642 U+5F0A,切:IVS+1; 中:IVS+1,
切齒,ㄑㄧㄝˋ ㄔˇ,ㄑㄧㄝ ㄔˇ,切󠇡齒,U+5207 U+E01E1 U+9F52,切:IVS+1,
切實,ㄑㄧㄝˋ ㄕˊ,ㄑㄧㄝ ㄕˊ,切󠇡實,U+5207 U+E01E1 U+5BE6,切:IVS+1,
切身,ㄑㄧㄝˋ ㄕㄣ,ㄑㄧㄝ ㄕㄣ,切󠇡身,U+5207 U+E01E1 U+8EAB,切:IVS+1,
切勿,ㄑㄧㄝˋ ㄨˋ,ㄑㄧㄝ ㄨˋ,切󠇡勿,U+5207 U+E01E1 U+52FF,切:IVS+1,
蹺辮子,ㄑㄧㄠ ㄅㄧㄢˋ ˙ㄗ,ㄑㄧㄠ ㄅㄧㄢˋ ㄗˇ,蹺辮子󠇡,U+8E7A U+8FAE U+5B50 U+E01E1,子:IVS+1,
翹楚,ㄑㄧㄠˊ ㄔㄨˇ,ㄑㄧㄠˋ ㄔㄨˇ,翹󠇡楚,U+7FF9 U+E01E1 U+695A,翹:IVS+1,
翹首,ㄑㄧㄠˊ ㄕㄡˇ,ㄑㄧㄠˋ ㄕㄡˇ,翹󠇡首,U+7FF9 U+E01E1 U+9996,翹:IVS+1,
翹首盼望,ㄑㄧㄠˊ ㄕㄡˇ ㄆㄢˋ ㄨㄤˋ,ㄑㄧㄠˋ ㄕㄡˇ ㄆㄢˋ ㄨㄤˋ,翹󠇡首盼望,U+7FF9 U+E01E1 U+9996 U+76FC U+671B,翹:IVS+1,
翹辮子,ㄑㄧㄠˋ ㄅㄧㄢˋ ˙ㄗ,ㄑㄧㄠˋ ㄅㄧㄢˋ ㄗˇ,翹辮子󠇡,U+7FF9 U+8FAE U+5B50 U+E01E1,子:IVS+1,
龜茲,ㄑㄧㄡ ㄘˊ,ㄍㄨㄟ ㄗ,龜󠇢茲󠇡,U+9F9C U+E01E2 U+8332 U+E01E1,龜:IVS+2; 茲:IVS+1,
求好心切,ㄑㄧㄡˊ ㄏㄠˇ ㄒㄧㄣ ㄑㄧㄝˋ,ㄑㄧㄡˊ ㄏㄠˇ ㄒㄧㄣ ㄑㄧㄝ,求好心切󠇡,U+6C42 U+597D U+5FC3 U+5207 U+E01E1,切:IVS+1,
酋長,ㄑㄧㄡˊ ㄓㄤˇ,ㄑㄧㄡˊ ㄔㄤˊ,酋長󠇡,U+914B U+9577 U+E01E1,長:IVS+1,
千挑萬選,ㄑㄧㄢ ㄊㄧㄠ ㄨㄢˋ ㄒㄩㄢˇ,ㄑㄧㄢ ㄊㄧㄠˇ ㄨㄢˋ ㄒㄩㄢˇ,千挑󠇡萬選,U+5343 U+6311 U+E01E1 U+842C U+9078,挑:IVS+1,
千載難逢,ㄑㄧㄢ ㄗㄞˇ ㄋㄢˊ ㄈㄥˊ,ㄑㄧㄢ ㄗㄞˋ ㄋㄢˊ ㄈㄥˊ,千載󠇡難逢,U+5343 U+8F09 U+E01E1 U+96E3 U+9022,載:IVS+1,
牽強,ㄑㄧㄢ ㄑㄧㄤˇ,ㄑㄧㄢ ㄑㄧㄤˊ,牽強󠇡,U+727D U+5F37 U+E01E1,強:IVS+1,
牽強附會,ㄑㄧㄢ ㄑㄧㄤˇ ㄈㄨˋ ㄏㄨㄟˋ,ㄑㄧㄢ ㄑㄧㄤˊ ㄈㄨˋ ㄏㄨㄟˋ,牽強󠇡附會,U+727D U+5F37 U+E01E1 U+9644 U+6703,強:IVS+1,
鉛中毒,ㄑㄧㄢ ㄓㄨㄥˋ ㄉㄨˊ,ㄑㄧㄢ ㄓㄨㄥ ㄉㄨˊ,鉛中󠇡毒,U+925B U+4E2D U+E01E1 U+6BD2,中:IVS+1,
簽署,ㄑㄧㄢ ㄕㄨˋ,ㄑㄧㄢ ㄕㄨˇ,簽署󠇡,U+7C3D U+7F72 U+E01E1,署:IVS+1,
遷調,ㄑㄧㄢ ㄉㄧㄠˋ,ㄑㄧㄢ ㄊㄧㄠˊ,遷調󠇡,U+9077 U+8ABF U+E01E1,調:IVS+1,
遷都,ㄑㄧㄢ ㄉㄨ,ㄑㄧㄢ ㄉㄡ,遷都󠇡,U+9077 U+90FD U+E01E1,都:IVS+1,
前頭,ㄑㄧㄢˊ ˙ㄊㄡ,ㄑㄧㄢˊ ㄊㄡˊ,前頭󠇡,U+524D U+982D U+E01E1,頭:IVS+1,
乾坤,ㄑㄧㄢˊ ㄎㄨㄣ,ㄍㄢ ㄎㄨㄣ,乾󠇡坤,U+4E7E U+E01E1 U+5764,乾:IVS+1,
鉗子,ㄑㄧㄢˊ ˙ㄗ,ㄑㄧㄢˊ ㄗˇ,鉗子󠇡,U+9257 U+5B50 U+E01E1,子:IVS+1,
欠當,ㄑㄧㄢˋ ㄉㄤˋ,ㄑㄧㄢˋ ㄉㄤ,欠當󠇡,U+6B20 U+7576 U+E01E1,當:IVS+1,
欽差,ㄑㄧㄣ ㄔㄞ,ㄑㄧㄣ ㄔㄚ,欽差󠇡,U+6B3D U+5DEE U+E01E1,差:IVS+1,
親切,ㄑㄧㄣ ㄑㄧㄝˋ,ㄑㄧㄣ ㄑㄧㄝ,親切󠇡,U+89AA U+5207 U+E01E1,切:IVS+1,
腔調,ㄑㄧㄤ ㄉㄧㄠˋ,ㄑㄧㄤ ㄊㄧㄠˊ,腔調󠇡,U+8154 U+8ABF U+E01E1,調:IVS+1,
槍把,ㄑㄧㄤ ㄅㄚˋ,ㄑㄧㄤ ㄅㄚˇ,槍把󠇡,U+69CD U+628A U+E01E1,把:IVS+1,
槍桿子,ㄑㄧㄤ ㄍㄢˇ ˙ㄗ,ㄑㄧㄤ ㄍㄢˇ ㄗˇ,槍桿子󠇡,U+69CD U+687F U+5B50 U+E01E1,子:IVS+1,
鏹水,ㄑㄧㄤ ㄕㄨㄟˇ,ㄑㄧㄤˇ ㄕㄨㄟˇ,鏹󠇡水,U+93F9 U+E01E1 U+6C34,鏹:IVS+1,
強調,ㄑㄧㄤˊ ㄉㄧㄠˋ,ㄑㄧㄤˊ ㄊㄧㄠˊ,強調󠇡,U+5F37 U+8ABF U+E01E1,調:IVS+1,
強橫,ㄑㄧㄤˊ ㄏㄥˋ,ㄑㄧㄤˊ ㄏㄥˊ,強橫󠇡,U+5F37 U+6A6B U+E01E1,橫:IVS+1,
強將手下無弱兵,ㄑㄧㄤˊ ㄐㄧㄤˋ ㄕㄡˇ ㄒㄧㄚˋ ㄨˊ ㄖㄨㄛˋ ㄅㄧㄥ,ㄑㄧㄤˊ ㄐㄧㄤ ㄕㄡˇ ㄒㄧㄚˋ ㄨˊ ㄖㄨㄛˋ ㄅㄧㄥ,強將󠇡手下無弱兵,U+5F37 U+5C07 U+E01E1 U+624B U+4E0B U+7121 U+5F31 U+5175,將:IVS+1,
強盛,ㄑㄧㄤˊ ㄕㄥˋ,ㄑㄧㄤˊ ㄔㄥˊ,強盛󠇡,U+5F37 U+76DB U+E01E1,盛:IVS+1,
強迫,ㄑㄧㄤˇ ㄆㄛˋ,ㄑㄧㄤˊ ㄆㄛˋ,強󠇡迫,U+5F37 U+E01E1 U+8FEB,強:IVS+1,
強迫中獎,ㄑㄧㄤˇ ㄆㄛˋ ㄓㄨㄥˋ ㄐㄧㄤˇ,ㄑㄧㄤˊ ㄆㄛˋ ㄓㄨㄥ ㄐㄧㄤˇ,強󠇡迫中󠇡獎,U+5F37 U+E01E1 U+8FEB U+4E2D U+E01E1 U+734E,強:IVS+1; 中:IVS+1,
強求,ㄑㄧㄤˇ ㄑㄧㄡˊ,ㄑㄧㄤˊ ㄑㄧㄡˊ,強󠇡求,U+5F37 U+E01E1 U+6C42,強:IVS+1,
強行,ㄑㄧㄤˇ ㄒㄧㄥˊ,ㄑㄧㄤˊ ㄒㄧㄥˊ,強󠇡行,U+5F37 U+E01E1 U+884C,強:IVS+1,
強制,ㄑㄧㄤˇ ㄓˋ,ㄑㄧㄤˊ ㄓˋ,強󠇡制,U+5F37 U+E01E1 U+5236,強:IVS+1,
強制保險,ㄑㄧㄤˇ ㄓˋ ㄅㄠˇ ㄒㄧㄢˇ,ㄑㄧㄤˊ ㄓˋ ㄅㄠˇ ㄒㄧㄢˇ,強󠇡制保險,U+5F37 U+E01E1 U+5236 U+4FDD U+96AA,強:IVS+1,
強制執行,ㄑㄧㄤˇ ㄓˋ ㄓˊ ㄒㄧㄥˊ,ㄑㄧㄤˊ ㄓˋ ㄓˊ ㄒㄧㄥˊ,強󠇡制執行,U+5F37 U+E01E1 U+5236 U+57F7 U+884C,強:IVS+1,
強人所難,ㄑㄧㄤˇ ㄖㄣˊ ㄙㄨㄛˇ ㄋㄢˊ,ㄑㄧㄤˊ ㄖㄣˊ ㄙㄨㄛˇ ㄋㄢˊ,強󠇡人所難,U+5F37 U+E01E1 U+4EBA U+6240 U+96E3,強:IVS+1,
強忍,ㄑㄧㄤˇ ㄖㄣˇ,ㄑㄧㄤˊ ㄖㄣˇ,強󠇡忍,U+5F37 U+E01E1 U+5FCD,強:IVS+1,
強詞奪理,ㄑㄧㄤˇ ㄘˊ ㄉㄨㄛˊ ㄌㄧˇ,ㄑㄧㄤˊ ㄘˊ ㄉㄨㄛˊ ㄌㄧˇ,強󠇡詞奪理,U+5F37 U+E01E1 U+8A5E U+596A U+7406,強:IVS+1,
強顏歡笑,ㄑㄧㄤˇ ㄧㄢˊ ㄏㄨㄢ ㄒㄧㄠˋ,ㄑㄧㄤˊ ㄧㄢˊ ㄏㄨㄢ ㄒㄧㄠˋ,強󠇡顏歡笑,U+5F37 U+E01E1 U+984F U+6B61 U+7B11,強:IVS+1,
搶風頭,ㄑㄧㄤˇ ㄈㄥ ˙ㄊㄡ,ㄑㄧㄤˇ ㄈㄥ ㄊㄡˊ,搶風頭󠇡,U+6436 U+98A8 U+982D U+E01E1,頭:IVS+1,
搶盡鋒頭,ㄑㄧㄤˇ ㄐㄧㄣˋ ㄈㄥ ˙ㄊㄡ,ㄑㄧㄤˇ ㄐㄧㄣˋ ㄈㄥ ㄊㄡˊ,搶盡鋒頭󠇡,U+6436 U+76E1 U+92D2 U+982D U+E01E1,頭:IVS+1,
青少年,ㄑㄧㄥ ㄕㄠˋ ㄋㄧㄢˊ,ㄑㄧㄥ ㄕㄠˇ ㄋㄧㄢˊ,青少󠇡年,U+9752 U+5C11 U+E01E1 U+5E74,少:IVS+1,
輕佻,ㄑㄧㄥ ㄊㄧㄠˊ,ㄑㄧㄥ ㄊㄧㄠ,輕佻󠇡,U+8F15 U+4F7B U+E01E1,佻:IVS+1,
輕車簡從,ㄑㄧㄥ ㄔㄜ ㄐㄧㄢˇ ㄗㄨㄥˋ,ㄑㄧㄥ ㄔㄜ ㄐㄧㄢˇ ㄘㄨㄥˊ,輕車簡從󠇡,U+8F15 U+8ECA U+7C21 U+5F9E U+E01E1,從:IVS+1,
輕率,ㄑㄧㄥ ㄕㄨㄞˋ,ㄑㄧㄥ ㄌㄩˋ,輕率󠇡,U+8F15 U+7387 U+E01E1,率:IVS+1,
輕水反應器,ㄑㄧㄥ ㄕㄨㄟˇ ㄈㄢˇ ㄧㄥˋ ㄑㄧˋ,ㄑㄧㄥ ㄕㄨㄟˇ ㄈㄢˇ ㄧㄥ ㄑㄧˋ,輕水反應󠇡器,U+8F15 U+6C34 U+53CD U+61C9 U+E01E1 U+5668,應:IVS+1,
輕財好義,ㄑㄧㄥ ㄘㄞˊ ㄏㄠˋ ㄧˋ,ㄑㄧㄥ ㄘㄞˊ ㄏㄠˇ ㄧˋ,輕財好󠇡義,U+8F15 U+8CA1 U+597D U+E01E1 U+7FA9,好:IVS+1,
輕音樂,ㄑㄧㄥ ㄧㄣ ㄩㄝˋ,ㄑㄧㄥ ㄧㄣ ㄌㄜˋ,輕音樂󠇡,U+8F15 U+97F3 U+6A02 U+E01E1,樂:IVS+1,
傾囊相授,ㄑㄧㄥ ㄋㄤˊ ㄒㄧㄤ ㄕㄡˋ,ㄑㄧㄥ ㄋㄤˊ ㄒㄧㄤˋ ㄕㄡˋ,傾囊相󠇡授,U+50BE U+56CA U+76F8 U+E01E1 U+6388,相:IVS+1,
傾軋,ㄑㄧㄥ ㄧㄚˋ,ㄑㄧㄥ ㄍㄚˊ,傾軋󠇡,U+50BE U+8ECB U+E01E1,軋:IVS+1,
情不自禁,ㄑㄧㄥˊ ㄅㄨˋ ㄗˋ ㄐㄧㄣ,ㄑㄧㄥˊ ㄅㄨˋ ㄗˋ ㄐㄧㄣˋ,情不自禁󠇡,U+60C5 U+4E0D U+81EA U+7981 U+E01E1,禁:IVS+1,
情分,ㄑㄧㄥˊ ㄈㄣˋ,ㄑㄧㄥˊ ㄈㄣ,情分󠇡,U+60C5 U+5206 U+E01E1,分:IVS+1,
情調,ㄑㄧㄥˊ ㄉㄧㄠˋ,ㄑㄧㄥˊ ㄊㄧㄠˊ,情調󠇡,U+60C5 U+8ABF U+E01E1,調:IVS+1,
請假,ㄑㄧㄥˇ ㄐㄧㄚˋ,ㄑㄧㄥˇ ㄐㄧㄚˇ,請假󠇡,U+8ACB U+5047 U+E01E1,假:IVS+1,
親家,ㄑㄧㄥˋ ㄐㄧㄚ,ㄑㄧㄣ ㄐㄧㄚ,親󠇡家,U+89AA U+E01E1 U+5BB6,親:IVS+1,
曲棍球,ㄑㄩ ㄍㄨㄣˋ ㄑㄧㄡˊ,ㄑㄩˇ ㄍㄨㄣˋ ㄑㄧㄡˊ,曲󠇡棍球,U+66F2 U+E01E1 U+68CD U+7403,曲:IVS+1,
曲解,ㄑㄩ ㄐㄧㄝˇ,ㄑㄩˇ ㄐㄧㄝˇ,曲󠇡解,U+66F2 U+E01E1 U+89E3,曲:IVS+1,
曲徑通幽,ㄑㄩ ㄐㄧㄥˋ ㄊㄨㄥ ㄧㄡ,ㄑㄩˇ ㄐㄧㄥˋ ㄊㄨㄥ ㄧㄡ,曲󠇡徑通幽,U+66F2 U+E01E1 U+5F91 U+901A U+5E7D,曲:IVS+1,
曲球,ㄑㄩ ㄑㄧㄡˊ,ㄑㄩˇ ㄑㄧㄡˊ,曲󠇡球,U+66F2 U+E01E1 U+7403,曲:IVS+1,
曲線,ㄑㄩ ㄒㄧㄢˋ,ㄑㄩˇ ㄒㄧㄢˋ,曲󠇡線,U+66F2 U+E01E1 U+7DDA,曲:IVS+1,
曲直,ㄑㄩ ㄓˊ,ㄑㄩˇ ㄓˊ,曲󠇡直,U+66F2 U+E01E1 U+76F4,曲:IVS+1,
曲折,ㄑㄩ ㄓㄜˊ,ㄑㄩˇ ㄓㄜˊ,曲󠇡折,U+66F2 U+E01E1 U+6298,曲:IVS+1,
曲折離奇,ㄑㄩ ㄓㄜˊ ㄌㄧˊ ㄑㄧˊ,ㄑㄩˇ ㄓㄜˊ ㄌㄧˊ ㄑㄧˊ,曲󠇡折離奇,U+66F2 U+E01E1 U+6298 U+96E2 U+5947,曲:IVS+1,
曲尺,ㄑㄩ ㄔˇ,ㄑㄩˇ ㄔˇ,曲󠇡尺,U+66F2 U+E01E1 U+5C3A,曲:IVS+1,
曲水流觴,ㄑㄩ ㄕㄨㄟˇ ㄌㄧㄡˊ ㄕㄤ,ㄑㄩˇ ㄕㄨㄟˇ ㄌㄧㄡˊ ㄕㄤ,曲󠇡水流觴,U+66F2 U+E01E1 U+6C34 U+6D41 U+89F4,曲:IVS+1,
曲意逢迎,ㄑㄩ ㄧˋ ㄈㄥˊ ㄧㄥˊ,ㄑㄩˇ ㄧˋ ㄈㄥˊ ㄧㄥˊ,曲󠇡意逢迎,U+66F2 U+E01E1 U+610F U+9022 U+8FCE,曲:IVS+1,
蛐蛐兒,ㄑㄩ ㄑㄩ ㄦ,ㄑㄩ ㄑㄩ ㄦˊ,蛐蛐兒󠇡,U+86D0 U+86D0 U+5152 U+E01E1,兒:IVS+1,
屈指可數,ㄑㄩ ㄓˇ ㄎㄜˇ ㄕㄨˇ,ㄑㄩ ㄓˇ ㄎㄜˇ ㄕㄨˋ,屈指可數󠇡,U+5C48 U+6307 U+53EF U+6578 U+E01E1,數:IVS+1,
曲調,ㄑㄩˇ ㄉㄧㄠˋ,ㄑㄩˇ ㄊㄧㄠˊ,曲調󠇡,U+66F2 U+8ABF U+E01E1,調:IVS+1,
曲高和寡,ㄑㄩˇ ㄍㄠ ㄏㄜˋ ㄍㄨㄚˇ,ㄑㄩˇ ㄍㄠ ㄏㄜˊ ㄍㄨㄚˇ,曲高和󠇢寡,U+66F2 U+9AD8 U+548C U+E01E2 U+5BE1,和:IVS+2,
曲子,ㄑㄩˇ ˙ㄗ,ㄑㄩˇ ㄗˇ,曲子󠇡,U+66F2 U+5B50 U+E01E1,子:IVS+1,
去處,ㄑㄩˋ ㄔㄨˋ,ㄑㄩˋ ㄔㄨˇ,去處󠇡,U+53BB U+8655 U+E01E1,處:IVS+1,
雀屏中選,ㄑㄩㄝˋ ㄆㄧㄥˊ ㄓㄨㄥˋ ㄒㄩㄢˇ,ㄑㄩㄝˋ ㄆㄧㄥˊ ㄓㄨㄥ ㄒㄩㄢˇ,雀屏中󠇡選,U+96C0 U+5C4F U+4E2D U+E01E1 U+9078,中:IVS+1,
確切,ㄑㄩㄝˋ ㄑㄧㄝˋ,ㄑㄩㄝˋ ㄑㄧㄝ,確切󠇡,U+78BA U+5207 U+E01E1,切:IVS+1,
圈子,ㄑㄩㄢ ˙ㄗ,ㄑㄩㄢ ㄗˇ,圈子󠇡,U+5708 U+5B50 U+E01E1,子:IVS+1,
全軍覆沒,ㄑㄩㄢˊ ㄐㄩㄣ ㄈㄨˋ ㄇㄛˋ,ㄑㄩㄢˊ ㄐㄩㄣ ㄈㄨˋ ㄇㄟˊ,全軍覆沒󠇡,U+5168 U+8ECD U+8986 U+6C92 U+E01E1,沒:IVS+1,
全職媽媽,ㄑㄩㄢˊ ㄓˊ ㄇㄚ ˙ㄇㄚ,ㄑㄩㄢˊ ㄓˊ ㄇㄚ ㄇㄚ,全職媽媽󠇡,U+5168 U+8077 U+5ABD U+5ABD U+E01E1,媽:IVS+1,
全盛,ㄑㄩㄢˊ ㄕㄥˋ,ㄑㄩㄢˊ ㄔㄥˊ,全盛󠇡,U+5168 U+76DB U+E01E1,盛:IVS+1,
拳頭,ㄑㄩㄢˊ ˙ㄊㄡ,ㄑㄩㄢˊ ㄊㄡˊ,拳頭󠇡,U+62F3 U+982D U+E01E1,頭:IVS+1,
蜷曲,ㄑㄩㄢˊ ㄑㄩ,ㄑㄩㄢˊ ㄑㄩˇ,蜷曲󠇡,U+8737 U+66F2 U+E01E1,曲:IVS+1,
犬牙相錯,ㄑㄩㄢˇ ㄧㄚˊ ㄒㄧㄤ ㄘㄨㄛˋ,ㄑㄩㄢˇ ㄧㄚˊ ㄒㄧㄤˋ ㄘㄨㄛˋ,犬牙相󠇡錯,U+72AC U+7259 U+76F8 U+E01E1 U+932F,相:IVS+1,
裙子,ㄑㄩㄣˊ ˙ㄗ,ㄑㄩㄣˊ ㄗˇ,裙子󠇡,U+88D9 U+5B50 U+E01E1,子:IVS+1,
窮途潦倒,ㄑㄩㄥˊ ㄊㄨˊ ㄌㄧㄠˊ ㄉㄠˇ,ㄑㄩㄥˊ ㄊㄨˊ ㄌㄧㄠˊ ㄉㄠˋ,窮途潦倒󠇡,U+7AAE U+9014 U+6F66 U+5012 U+E01E1,倒:IVS+1,
窮於應付,ㄑㄩㄥˊ ㄩˊ ㄧㄥˋ ㄈㄨˋ,ㄑㄩㄥˊ ㄩˊ ㄧㄥ ㄈㄨˋ,窮於應󠇡付,U+7AAE U+65BC U+61C9 U+E01E1 U+4ED8,應:IVS+1,
西樂,ㄒㄧ ㄩㄝˋ,ㄒㄧ ㄌㄜˋ,西樂󠇡,U+897F U+6A02 U+E01E1,樂:IVS+1,
栖栖,ㄒㄧ ㄒㄧ,ㄑㄧ ㄑㄧ,栖󠇡栖󠇡,U+6816 U+E01E1 U+6816 U+E01E1,栖:IVS+1; 栖:IVS+1,
息息相關,ㄒㄧˊ ㄒㄧˊ ㄒㄧㄤ ㄍㄨㄢ,ㄒㄧˊ ㄒㄧˊ ㄒㄧㄤˋ ㄍㄨㄢ,息息相󠇡關,U+606F U+606F U+76F8 U+E01E1 U+95DC,相:IVS+1,
喜不自禁,ㄒㄧˇ ㄅㄨˋ ㄗˋ ㄐㄧㄣ,ㄒㄧˇ ㄅㄨˋ ㄗˋ ㄐㄧㄣˋ,喜不自禁󠇡,U+559C U+4E0D U+81EA U+7981 U+E01E1,禁:IVS+1,
喜不自勝,ㄒㄧˇ ㄅㄨˋ ㄗˋ ㄕㄥ,ㄒㄧˇ ㄅㄨˋ ㄗˋ ㄕㄥˋ,喜不自勝󠇡,U+559C U+4E0D U+81EA U+52DD U+E01E1,勝:IVS+1,
喜好,ㄒㄧˇ ㄏㄠˋ,ㄒㄧˇ ㄏㄠˇ,喜好󠇡,U+559C U+597D U+E01E1,好:IVS+1,
隙縫,ㄒㄧˋ ㄈㄥˋ,ㄒㄧˋ ㄈㄥˊ,隙縫󠇡,U+9699 U+7E2B U+E01E1,縫:IVS+1,
戲子,ㄒㄧˋ ˙ㄗ,ㄒㄧˋ ㄗˇ,戲子󠇡,U+6232 U+5B50 U+E01E1,子:IVS+1,
戲園子,ㄒㄧˋ ㄩㄢˊ ˙ㄗ,ㄒㄧˋ ㄩㄢˊ ㄗˇ,戲園子󠇡,U+6232 U+5712 U+5B50 U+E01E1,子:IVS+1,
蝦兵蟹將,ㄒㄧㄚ ㄅㄧㄥ ㄒㄧㄝˋ ㄐㄧㄤˋ,ㄒㄧㄚ ㄅㄧㄥ ㄒㄧㄝˋ ㄐㄧㄤ,蝦兵蟹將󠇡,U+8766 U+5175 U+87F9 U+5C07 U+E01E1,將:IVS+1,
瞎子,ㄒㄧㄚ ˙ㄗ,ㄒㄧㄚ ㄗˇ,瞎子󠇡,U+778E U+5B50 U+E01E1,子:IVS+1,
匣子,ㄒㄧㄚˊ ˙ㄗ,ㄒㄧㄚˊ ㄗˇ,匣子󠇡,U+5323 U+5B50 U+E01E1,子:IVS+1,
狹路相逢,ㄒㄧㄚˊ ㄌㄨˋ ㄒㄧㄤ ㄈㄥˊ,ㄒㄧㄚˊ ㄌㄨˋ ㄒㄧㄤˋ ㄈㄥˊ,狹路相󠇡逢,U+72F9 U+8DEF U+76F8 U+E01E1 U+9022,相:IVS+1,
下輩子,ㄒㄧㄚˋ ㄅㄟˋ ˙ㄗ,ㄒㄧㄚˋ ㄅㄟˋ ㄗˇ,下輩子󠇡,U+4E0B U+8F29 U+5B50 U+E01E1,子:IVS+1,
下半輩子,ㄒㄧㄚˋ ㄅㄢˋ ㄅㄟˋ ˙ㄗ,ㄒㄧㄚˋ ㄅㄢˋ ㄅㄟˋ ㄗˇ,下半輩子󠇡,U+4E0B U+534A U+8F29 U+5B50 U+E01E1,子:IVS+1,
下不了臺,ㄒㄧㄚˋ ㄅㄨˋ ㄌㄧㄠˇ ㄊㄞˊ,ㄒㄧㄚˋ ㄅㄨˋ ˙ㄌㄜ ㄊㄞˊ,下不了󠇡臺,U+4E0B U+4E0D U+4E86 U+E01E1 U+81FA,了:IVS+1,
下頭,ㄒㄧㄚˋ ˙ㄊㄡ,ㄒㄧㄚˋ ㄊㄡˊ,下頭󠇡,U+4E0B U+982D U+E01E1,頭:IVS+1,
楔子,ㄒㄧㄝ ˙ㄗ,ㄒㄧㄝ ㄗˇ,楔子󠇡,U+6954 U+5B50 U+E01E1,子:IVS+1,
頡頏,ㄒㄧㄝˊ ㄏㄤˊ,ㄐㄧㄝˊ ㄏㄤˊ,頡󠇡頏,U+9821 U+E01E1 U+980F,頡:IVS+1,
鞋拔子,ㄒㄧㄝˊ ㄅㄚˊ ˙ㄗ,ㄒㄧㄝˊ ㄅㄚˊ ㄗˇ,鞋拔子󠇡,U+978B U+62D4 U+5B50 U+E01E1,子:IVS+1,
鞋子,ㄒㄧㄝˊ ˙ㄗ,ㄒㄧㄝˊ ㄗˇ,鞋子󠇡,U+978B U+5B50 U+E01E1,子:IVS+1,
血債血還,ㄒㄧㄝˇ ㄓㄞˋ ㄒㄧㄝˇ ㄏㄨㄢˊ,ㄒㄧㄝˇ ㄓㄞˋ ㄒㄧㄝˇ ㄏㄞˊ,血債血還󠇡,U+8840 U+50B5 U+8840 U+9084 U+E01E1,還:IVS+1,
血肉相連,ㄒㄧㄝˇ ㄖㄡˋ ㄒㄧㄤ ㄌㄧㄢˊ,ㄒㄧㄝˇ ㄖㄡˋ ㄒㄧㄤˋ ㄌㄧㄢˊ,血肉相󠇡連,U+8840 U+8089 U+76F8 U+E01E1 U+9023,相:IVS+1,
解縣,ㄒㄧㄝˋ ㄒㄧㄢˋ,ㄐㄧㄝˇ ㄒㄧㄢˋ,解󠇢縣,U+89E3 U+E01E2 U+7E23,解:IVS+2,
消長,ㄒㄧㄠ ㄓㄤˇ,ㄒㄧㄠ ㄔㄤˊ,消長󠇡,U+6D88 U+9577 U+E01E1,長:IVS+1,
銷假,ㄒㄧㄠ ㄐㄧㄚˋ,ㄒㄧㄠ ㄐㄧㄚˇ,銷假󠇡,U+92B7 U+5047 U+E01E1,假:IVS+1,
小辮子,ㄒㄧㄠˇ ㄅㄧㄢˋ ˙ㄗ,ㄒㄧㄠˇ ㄅㄧㄢˋ ㄗˇ,小辮子󠇡,U+5C0F U+8FAE U+5B50 U+E01E1,子:IVS+1,
小毛頭,ㄒㄧㄠˇ ㄇㄠˊ ˙ㄊㄡ,ㄒㄧㄠˇ ㄇㄠˊ ㄊㄡˊ,小毛頭󠇡,U+5C0F U+6BDB U+982D U+E01E1,頭:IVS+1,
小調,ㄒㄧㄠˇ ㄉㄧㄠˋ,ㄒㄧㄠˇ ㄊㄧㄠˊ,小調󠇡,U+5C0F U+8ABF U+E01E1,調:IVS+1,
小妮子,ㄒㄧㄠˇ ㄋㄧˊ ˙ㄗ,ㄒㄧㄠˇ ㄋㄧˊ ㄗˇ,小妮子󠇡,U+5C0F U+59AE U+5B50 U+E01E1,子:IVS+1,
小伙子,ㄒㄧㄠˇ ㄏㄨㄛˇ ˙ㄗ,ㄒㄧㄠˇ ㄏㄨㄛˇ ㄗˇ,小伙子󠇡,U+5C0F U+4F19 U+5B50 U+E01E1,子:IVS+1,
小夥子,ㄒㄧㄠˇ ㄏㄨㄛˇ ˙ㄗ,ㄒㄧㄠˇ ㄏㄨㄛˇ ㄗˇ,小夥子󠇡,U+5C0F U+5925 U+5B50 U+E01E1,子:IVS+1,
小舅子,ㄒㄧㄠˇ ㄐㄧㄡˋ ˙ㄗ,ㄒㄧㄠˇ ㄐㄧㄡˋ ㄗˇ,小舅子󠇡,U+5C0F U+8205 U+5B50 U+E01E1,子:IVS+1,
小圈子,ㄒㄧㄠˇ ㄑㄩㄢ ˙ㄗ,ㄒㄧㄠˇ ㄑㄩㄢ ㄗˇ,小圈子󠇡,U+5C0F U+5708 U+5B50 U+E01E1,子:IVS+1,
小傳,ㄒㄧㄠˇ ㄓㄨㄢˋ,ㄒㄧㄠˇ ㄔㄨㄢˊ,小傳󠇡,U+5C0F U+50B3 U+E01E1,傳:IVS+1,
小姨子,ㄒㄧㄠˇ ㄧˊ ˙ㄗ,ㄒㄧㄠˇ ㄧˊ ㄗˇ,小姨子󠇡,U+5C0F U+59E8 U+5B50 U+E01E1,子:IVS+1,
小意思,ㄒㄧㄠˇ ㄧˋ ˙ㄙ,ㄒㄧㄠˇ ㄧˋ ㄙ,小意思󠇢,U+5C0F U+610F U+601D U+E01E2,思:IVS+2,
曉得,ㄒㄧㄠˇ ˙ㄉㄜ,ㄒㄧㄠˇ ㄉㄜˊ,曉得󠇡,U+66C9 U+5F97 U+E01E1,得:IVS+1,
效應,ㄒㄧㄠˋ ㄧㄥˋ,ㄒㄧㄠˋ ㄧㄥ,效應󠇡,U+6548 U+61C9 U+E01E1,應:IVS+1,
校長,ㄒㄧㄠˋ ㄓㄤˇ,ㄒㄧㄠˋ ㄔㄤˊ,校長󠇡,U+6821 U+9577 U+E01E1,長:IVS+1,
休假,ㄒㄧㄡ ㄐㄧㄚˋ,ㄒㄧㄡ ㄐㄧㄚˇ,休假󠇡,U+4F11 U+5047 U+E01E1,假:IVS+1,
休戚相關,ㄒㄧㄡ ㄑㄧ ㄒㄧㄤ ㄍㄨㄢ,ㄒㄧㄡ ㄑㄧ ㄒㄧㄤˋ ㄍㄨㄢ,休戚相󠇡關,U+4F11 U+621A U+76F8 U+E01E1 U+95DC,相:IVS+1,
羞答答,ㄒㄧㄡ ㄉㄚ ㄉㄚ,ㄒㄧㄡ ㄉㄚˊ ㄉㄚˊ,羞答󠇡答󠇡,U+7F9E U+7B54 U+E01E1 U+7B54 U+E01E1,答:IVS+1; 答:IVS+1,
袖子,ㄒㄧㄡˋ ˙ㄗ,ㄒㄧㄡˋ ㄗˇ,袖子󠇡,U+8896 U+5B50 U+E01E1,子:IVS+1,
繡花枕頭,ㄒㄧㄡˋ ㄏㄨㄚ ㄓㄣˇ ˙ㄊㄡ,ㄒㄧㄡˋ ㄏㄨㄚ ㄓㄣˇ ㄊㄡˊ,繡花枕頭󠇡,U+7E61 U+82B1 U+6795 U+982D U+E01E1,頭:IVS+1,
仙樂,ㄒㄧㄢ ㄩㄝˋ,ㄒㄧㄢ ㄌㄜˋ,仙樂󠇡,U+4ED9 U+6A02 U+E01E1,樂:IVS+1,
弦樂,ㄒㄧㄢˊ ㄩㄝˋ,ㄒㄧㄢˊ ㄌㄜˋ,弦樂󠇡,U+5F26 U+6A02 U+E01E1,樂:IVS+1,
弦樂器,ㄒㄧㄢˊ ㄩㄝˋ ㄑㄧˋ,ㄒㄧㄢˊ ㄌㄜˋ ㄑㄧˋ,弦樂󠇡器,U+5F26 U+6A02 U+E01E1 U+5668,樂:IVS+1,
閒散,ㄒㄧㄢˊ ㄙㄢˇ,ㄒㄧㄢˊ ㄙㄢˋ,閒散󠇡,U+9592 U+6563 U+E01E1,散:IVS+1,
嫌惡,ㄒㄧㄢˊ ㄨˋ,ㄒㄧㄢˊ ㄜˋ,嫌惡󠇡,U+5ACC U+60E1 U+E01E1,惡:IVS+1,
鮮少,ㄒㄧㄢˇ ㄕㄠˇ,ㄒㄧㄢ ㄕㄠˇ,鮮󠇡少,U+9BAE U+E01E1 U+5C11,鮮:IVS+1,
鮮為人知,ㄒㄧㄢˇ ㄨㄟˊ ㄖㄣˊ ㄓ,ㄒㄧㄢ ㄨㄟˊ ㄖㄣˊ ㄓ,鮮󠇡為人知,U+9BAE U+E01E1 U+70BA U+4EBA U+77E5,鮮:IVS+1,
顯著,ㄒㄧㄢˇ ㄓㄨˋ,ㄒㄧㄢˇ ˙ㄓㄜ,顯著󠇡,U+986F U+8457 U+E01E1,著:IVS+1,
縣長,ㄒㄧㄢˋ ㄓㄤˇ,ㄒㄧㄢˋ ㄔㄤˊ,縣長󠇡,U+7E23 U+9577 U+E01E1,長:IVS+1,
心電感應,ㄒㄧㄣ ㄉㄧㄢˋ ㄍㄢˇ ㄧㄥˋ,ㄒㄧㄣ ㄉㄧㄢˋ ㄍㄢˇ ㄧㄥ,心電感應󠇡,U+5FC3 U+96FB U+611F U+61C9 U+E01E1,應:IVS+1,
心廣體胖,ㄒㄧㄣ ㄍㄨㄤˇ ㄊㄧˇ ㄆㄢˊ,ㄒㄧㄣ ㄍㄨㄤˇ ㄊㄧˇ ㄆㄤˋ,心廣體胖󠇡,U+5FC3 U+5EE3 U+9AD4 U+80D6 U+E01E1,胖:IVS+1,
心肌梗塞,ㄒㄧㄣ ㄐㄧ ㄍㄥˇ ㄙㄜˋ,ㄒㄧㄣ ㄐㄧ ㄍㄥˇ ㄙㄞ,心肌梗塞󠇡,U+5FC3 U+808C U+6897 U+585E U+E01E1,塞:IVS+1,
心切,ㄒㄧㄣ ㄑㄧㄝˋ,ㄒㄧㄣ ㄑㄧㄝ,心切󠇡,U+5FC3 U+5207 U+E01E1,切:IVS+1,
心曲,ㄒㄧㄣ ㄑㄩ,ㄒㄧㄣ ㄑㄩˇ,心曲󠇡,U+5FC3 U+66F2 U+E01E1,曲:IVS+1,
心心相印,ㄒㄧㄣ ㄒㄧㄣ ㄒㄧㄤ ㄧㄣˋ,ㄒㄧㄣ ㄒㄧㄣ ㄒㄧㄤˋ ㄧㄣˋ,心心相󠇡印,U+5FC3 U+5FC3 U+76F8 U+E01E1 U+5370,相:IVS+1,
心事重重,ㄒㄧㄣ ㄕˋ ㄔㄨㄥˊ ㄔㄨㄥˊ,ㄒㄧㄣ ㄕˋ ㄓㄨㄥˋ ㄓㄨㄥˋ,心事重󠇡重󠇡,U+5FC3 U+4E8B U+91CD U+E01E1 U+91CD U+E01E1,重:IVS+1; 重:IVS+1,
心眼兒,ㄒㄧㄣ ㄧㄢˇ ㄦ,ㄒㄧㄣ ㄧㄢˇ ㄦˊ,心眼兒󠇡,U+5FC3 U+773C U+5152 U+E01E1,兒:IVS+1,
薪火相傳,ㄒㄧㄣ ㄏㄨㄛˇ ㄒㄧㄤ ㄔㄨㄢˊ,ㄒㄧㄣ ㄏㄨㄛˇ ㄒㄧㄤˋ ㄔㄨㄢˊ,薪火相󠇡傳,U+85AA U+706B U+76F8 U+E01E1 U+50B3,相:IVS+1,
薪給,ㄒㄧㄣ ㄐㄧˇ,ㄒㄧㄣ ㄍㄟˇ,薪給󠇡,U+85AA U+7D66 U+E01E1,給:IVS+1,
信差,ㄒㄧㄣˋ ㄔㄞ,ㄒㄧㄣˋ ㄔㄚ,信差󠇡,U+4FE1 U+5DEE U+E01E1,差:IVS+1,
相搏,ㄒㄧㄤ ㄅㄛˊ,ㄒㄧㄤˋ ㄅㄛˊ,相󠇡搏,U+76F8 U+E01E1 U+640F,相:IVS+1,
相伴,ㄒㄧㄤ ㄅㄢˋ,ㄒㄧㄤˋ ㄅㄢˋ,相󠇡伴,U+76F8 U+E01E1 U+4F34,相:IVS+1,
相比,ㄒㄧㄤ ㄅㄧˇ,ㄒㄧㄤˋ ㄅㄧˇ,相󠇡比,U+76F8 U+E01E1 U+6BD4,相:IVS+1,
相陪,ㄒㄧㄤ ㄆㄟˊ,ㄒㄧㄤˋ ㄆㄟˊ,相󠇡陪,U+76F8 U+E01E1 U+966A,相:IVS+1,
相配,ㄒㄧㄤ ㄆㄟˋ,ㄒㄧㄤˋ ㄆㄟˋ,相󠇡配,U+76F8 U+E01E1 U+914D,相:IVS+1,
相撲,ㄒㄧㄤ ㄆㄨ,ㄒㄧㄤˋ ㄆㄨ,相󠇡撲,U+76F8 U+E01E1 U+64B2,相:IVS+1,
相反,ㄒㄧㄤ ㄈㄢˇ,ㄒㄧㄤˋ ㄈㄢˇ,相󠇡反,U+76F8 U+E01E1 U+53CD,相:IVS+1,
相仿,ㄒㄧㄤ ㄈㄤˇ,ㄒㄧㄤˋ ㄈㄤˇ,相󠇡仿,U+76F8 U+E01E1 U+4EFF,相:IVS+1,
相逢,ㄒㄧㄤ ㄈㄥˊ,ㄒㄧㄤˋ ㄈㄥˊ,相󠇡逢,U+76F8 U+E01E1 U+9022,相:IVS+1,
相符,ㄒㄧㄤ ㄈㄨˊ,ㄒㄧㄤˋ ㄈㄨˊ,相󠇡符,U+76F8 U+E01E1 U+7B26,相:IVS+1,
相輔相成,ㄒㄧㄤ ㄈㄨˇ ㄒㄧㄤ ㄔㄥˊ,ㄒㄧㄤˋ ㄈㄨˇ ㄒㄧㄤˋ ㄔㄥˊ,相󠇡輔相󠇡成,U+76F8 U+E01E1 U+8F14 U+76F8 U+E01E1 U+6210,相:IVS+1; 相:IVS+1,
相得益彰,ㄒㄧㄤ ㄉㄜˊ ㄧˋ ㄓㄤ,ㄒㄧㄤˋ ㄉㄜˊ ㄧˋ ㄓㄤ,相󠇡得益彰,U+76F8 U+E01E1 U+5F97 U+76CA U+5F70,相:IVS+1,
相待,ㄒㄧㄤ ㄉㄞˋ,ㄒㄧㄤˋ ㄉㄞˋ,相󠇡待,U+76F8 U+E01E1 U+5F85,相:IVS+1,
相當,ㄒㄧㄤ ㄉㄤ,ㄒㄧㄤˋ ㄉㄤ,相󠇡當,U+76F8 U+E01E1 U+7576,相:IVS+1,
相等,ㄒㄧㄤ ㄉㄥˇ,ㄒㄧㄤˋ ㄉㄥˇ,相󠇡等,U+76F8 U+E01E1 U+7B49,相:IVS+1,
相抵,ㄒㄧㄤ ㄉㄧˇ,ㄒㄧㄤˋ ㄉㄧˇ,相󠇡抵,U+76F8 U+E01E1 U+62B5,相:IVS+1,
相對,ㄒㄧㄤ ㄉㄨㄟˋ,ㄒㄧㄤˋ ㄉㄨㄟˋ,相󠇡對,U+76F8 U+E01E1 U+5C0D,相:IVS+1,
相對多數,ㄒㄧㄤ ㄉㄨㄟˋ ㄉㄨㄛ ㄕㄨˋ,ㄒㄧㄤˋ ㄉㄨㄟˋ ㄉㄨㄛ ㄕㄨˋ,相󠇡對多數,U+76F8 U+E01E1 U+5C0D U+591A U+6578,相:IVS+1,
相投,ㄒㄧㄤ ㄊㄡˊ,ㄒㄧㄤˋ ㄊㄡˊ,相󠇡投,U+76F8 U+E01E1 U+6295,相:IVS+1,
相提並論,ㄒㄧㄤ ㄊㄧˊ ㄅㄧㄥˋ ㄌㄨㄣˋ,ㄒㄧㄤˋ ㄊㄧˊ ㄅㄧㄥˋ ㄌㄨㄣˋ,相󠇡提並論,U+76F8 U+E01E1 U+63D0 U+4E26 U+8AD6,相:IVS+1,
相通,ㄒㄧㄤ ㄊㄨㄥ,ㄒㄧㄤˋ ㄊㄨㄥ,相󠇡通,U+76F8 U+E01E1 U+901A,相:IVS+1,
相同,ㄒㄧㄤ ㄊㄨㄥˊ,ㄒㄧㄤˋ ㄊㄨㄥˊ,相󠇡同,U+76F8 U+E01E1 U+540C,相:IVS+1,
相連,ㄒㄧㄤ ㄌㄧㄢˊ,ㄒㄧㄤˋ ㄌㄧㄢˊ,相󠇡連,U+76F8 U+E01E1 U+9023,相:IVS+1,
相戀,ㄒㄧㄤ ㄌㄧㄢˋ,ㄒㄧㄤˋ ㄌㄧㄢˋ,相󠇡戀,U+76F8 U+E01E1 U+6200,相:IVS+1,
相鄰,ㄒㄧㄤ ㄌㄧㄣˊ,ㄒㄧㄤˋ ㄌㄧㄣˊ,相󠇡鄰,U+76F8 U+E01E1 U+9130,相:IVS+1,
相隔,ㄒㄧㄤ ㄍㄜˊ,ㄒㄧㄤˋ ㄍㄜˊ,相󠇡隔,U+76F8 U+E01E1 U+9694,相:IVS+1,
相干,ㄒㄧㄤ ㄍㄢ,ㄒㄧㄤˋ ㄍㄢ,相󠇡干,U+76F8 U+E01E1 U+5E72,相:IVS+1,
相關,ㄒㄧㄤ ㄍㄨㄢ,ㄒㄧㄤˋ ㄍㄨㄢ,相󠇡關,U+76F8 U+E01E1 U+95DC,相:IVS+1,
相合,ㄒㄧㄤ ㄏㄜˊ,ㄒㄧㄤˋ ㄏㄜˊ,相󠇡合,U+76F8 U+E01E1 U+5408,相:IVS+1,
相好,ㄒㄧㄤ ㄏㄠˇ,ㄒㄧㄤˋ ㄏㄠˇ,相󠇡好,U+76F8 U+E01E1 U+597D,相:IVS+1,
相互,ㄒㄧㄤ ㄏㄨˋ,ㄒㄧㄤˋ ㄏㄨˋ,相󠇡互,U+76F8 U+E01E1 U+4E92,相:IVS+1,
相會,ㄒㄧㄤ ㄏㄨㄟˋ,ㄒㄧㄤˋ ㄏㄨㄟˋ,相󠇡會,U+76F8 U+E01E1 U+6703,相:IVS+1,
相繼,ㄒㄧㄤ ㄐㄧˋ,ㄒㄧㄤˋ ㄐㄧˋ,相󠇡繼,U+76F8 U+E01E1 U+7E7C,相:IVS+1,
相交,ㄒㄧㄤ ㄐㄧㄠ,ㄒㄧㄤˋ ㄐㄧㄠ,相󠇡交,U+76F8 U+E01E1 U+4EA4,相:IVS+1,
相較,ㄒㄧㄤ ㄐㄧㄠˋ,ㄒㄧㄤˋ ㄐㄧㄠˋ,相󠇡較,U+76F8 U+E01E1 U+8F03,相:IVS+1,
相見,ㄒㄧㄤ ㄐㄧㄢˋ,ㄒㄧㄤˋ ㄐㄧㄢˋ,相󠇡見,U+76F8 U+E01E1 U+898B,相:IVS+1,
相見恨晚,ㄒㄧㄤ ㄐㄧㄢˋ ㄏㄣˋ ㄨㄢˇ,ㄒㄧㄤˋ ㄐㄧㄢˋ ㄏㄣˋ ㄨㄢˇ,相󠇡見恨晚,U+76F8 U+E01E1 U+898B U+6068 U+665A,相:IVS+1,
相間,ㄒㄧㄤ ㄐㄧㄢˋ,ㄒㄧㄤˋ ㄐㄧㄢ,相󠇡間󠇡,U+76F8 U+E01E1 U+9593 U+E01E1,相:IVS+1; 間:IVS+1,
相近,ㄒㄧㄤ ㄐㄧㄣˋ,ㄒㄧㄤˋ ㄐㄧㄣˋ,相󠇡近,U+76F8 U+E01E1 U+8FD1,相:IVS+1,
相敬如賓,ㄒㄧㄤ ㄐㄧㄥˋ ㄖㄨˊ ㄅㄧㄣ,ㄒㄧㄤˋ ㄐㄧㄥˋ ㄖㄨˊ ㄅㄧㄣ,相󠇡敬如賓,U+76F8 U+E01E1 U+656C U+5982 U+8CD3,相:IVS+1,
相聚,ㄒㄧㄤ ㄐㄩˋ,ㄒㄧㄤˋ ㄐㄩˋ,相󠇡聚,U+76F8 U+E01E1 U+805A,相:IVS+1,
相親相愛,ㄒㄧㄤ ㄑㄧㄣ ㄒㄧㄤ ㄞˋ,ㄒㄧㄤˋ ㄑㄧㄣ ㄒㄧㄤˋ ㄞˋ,相󠇡親相󠇡愛,U+76F8 U+E01E1 U+89AA U+76F8 U+E01E1 U+611B,相:IVS+1; 相:IVS+1,
相偕,ㄒㄧㄤ ㄒㄧㄝˊ,ㄒㄧㄤˋ ㄒㄧㄝˊ,相󠇡偕,U+76F8 U+E01E1 U+5055,相:IVS+1,
相信,ㄒㄧㄤ ㄒㄧㄣˋ,ㄒㄧㄤˋ ㄒㄧㄣˋ,相󠇡信,U+76F8 U+E01E1 U+4FE1,相:IVS+1,
相向,ㄒㄧㄤ ㄒㄧㄤˋ,ㄒㄧㄤˋ ㄒㄧㄤˋ,相󠇡向,U+76F8 U+E01E1 U+5411,相:IVS+1,
相像,ㄒㄧㄤ ㄒㄧㄤˋ,ㄒㄧㄤˋ ㄒㄧㄤˋ,相󠇡像,U+76F8 U+E01E1 U+50CF,相:IVS+1,
相形見絀,ㄒㄧㄤ ㄒㄧㄥˊ ㄐㄧㄢˋ ㄔㄨˋ,ㄒㄧㄤˋ ㄒㄧㄥˊ ㄐㄧㄢˋ ㄔㄨˋ,相󠇡形見絀,U+76F8 U+E01E1 U+5F62 U+898B U+7D40,相:IVS+1,
相形之下,ㄒㄧㄤ ㄒㄧㄥˊ ㄓ ㄒㄧㄚˋ,ㄒㄧㄤˋ ㄒㄧㄥˊ ㄓ ㄒㄧㄚˋ,相󠇡形之下,U+76F8 U+E01E1 U+5F62 U+4E4B U+4E0B,相:IVS+1,
相知,ㄒㄧㄤ ㄓ,ㄒㄧㄤˋ ㄓ,相󠇡知,U+76F8 U+E01E1 U+77E5,相:IVS+1,
相持不下,ㄒㄧㄤ ㄔˊ ㄅㄨˋ ㄒㄧㄚˋ,ㄒㄧㄤˋ ㄔˊ ㄅㄨˋ ㄒㄧㄚˋ,相󠇡持不下,U+76F8 U+E01E1 U+6301 U+4E0D U+4E0B,相:IVS+1,
相差無幾,ㄒㄧㄤ ㄔㄚ ㄨˊ ㄐㄧˇ,ㄒㄧㄤˋ ㄔㄚ ㄨˊ ㄐㄧˇ,相󠇡差無幾,U+76F8 U+E01E1 U+5DEE U+7121 U+5E7E,相:IVS+1,
相處,ㄒㄧㄤ ㄔㄨˇ,ㄒㄧㄤˋ ㄔㄨˇ,相󠇡處,U+76F8 U+E01E1 U+8655,相:IVS+1,
相傳,ㄒㄧㄤ ㄔㄨㄢˊ,ㄒㄧㄤˋ ㄔㄨㄢˊ,相󠇡傳,U+76F8 U+E01E1 U+50B3,相:IVS+1,
相視而笑,ㄒㄧㄤ ㄕˋ ㄦˊ ㄒㄧㄠˋ,ㄒㄧㄤˋ ㄕˋ ㄦˊ ㄒㄧㄠˋ,相󠇡視而笑,U+76F8 U+E01E1 U+8996 U+800C U+7B11,相:IVS+1,
相識,ㄒㄧㄤ ㄕˋ,ㄒㄧㄤˋ ㄕˋ,相󠇡識,U+76F8 U+E01E1 U+8B58,相:IVS+1,
相讓,ㄒㄧㄤ ㄖㄤˋ,ㄒㄧㄤˋ ㄖㄤˋ,相󠇡讓,U+76F8 U+E01E1 U+8B93,相:IVS+1,
相濡以沫,ㄒㄧㄤ ㄖㄨˊ ㄧˇ ㄇㄛˋ,ㄒㄧㄤˋ ㄖㄨˊ ㄧˇ ㄇㄛˋ,相󠇡濡以沫,U+76F8 U+E01E1 U+6FE1 U+4EE5 U+6CAB,相:IVS+1,
相若,ㄒㄧㄤ ㄖㄨㄛˋ,ㄒㄧㄤˋ ㄖㄨㄛˋ,相󠇡若,U+76F8 U+E01E1 U+82E5,相:IVS+1,
相容,ㄒㄧㄤ ㄖㄨㄥˊ,ㄒㄧㄤˋ ㄖㄨㄥˊ,相󠇡容,U+76F8 U+E01E1 U+5BB9,相:IVS+1,
相左,ㄒㄧㄤ ㄗㄨㄛˇ,ㄒㄧㄤˋ ㄗㄨㄛˇ,相󠇡左,U+76F8 U+E01E1 U+5DE6,相:IVS+1,
相思,ㄒㄧㄤ ㄙ,ㄒㄧㄤˋ ㄙ,相󠇡思,U+76F8 U+E01E1 U+601D,相:IVS+1,
相似,ㄒㄧㄤ ㄙˋ,ㄒㄧㄤˋ ㄙˋ,相󠇡似,U+76F8 U+E01E1 U+4F3C,相:IVS+1,
相愛,ㄒㄧㄤ ㄞˋ,ㄒㄧㄤˋ ㄞˋ,相󠇡愛,U+76F8 U+E01E1 U+611B,相:IVS+1,
相安無事,ㄒㄧㄤ ㄢ ㄨˊ ㄕˋ,ㄒㄧㄤˋ ㄢ ㄨˊ ㄕˋ,相󠇡安無事,U+76F8 U+E01E1 U+5B89 U+7121 U+4E8B,相:IVS+1,
相依為命,ㄒㄧㄤ ㄧ ㄨㄟˊ ㄇㄧㄥˋ,ㄒㄧㄤˋ ㄧ ㄨㄟˊ ㄇㄧㄥˋ,相󠇡依為命,U+76F8 U+E01E1 U+4F9D U+70BA U+547D,相:IVS+1,
相宜,ㄒㄧㄤ ㄧˊ,ㄒㄧㄤˋ ㄧˊ,相󠇡宜,U+76F8 U+E01E1 U+5B9C,相:IVS+1,
相異,ㄒㄧㄤ ㄧˋ,ㄒㄧㄤˋ ㄧˋ,相󠇡異,U+76F8 U+E01E1 U+7570,相:IVS+1,
相映成趣,ㄒㄧㄤ ㄧㄥˋ ㄔㄥˊ ㄑㄩˋ,ㄒㄧㄤˋ ㄧㄥˋ ㄔㄥˊ ㄑㄩˋ,相󠇡映成趣,U+76F8 U+E01E1 U+6620 U+6210 U+8DA3,相:IVS+1,
相應,ㄒㄧㄤ ㄧㄥˋ,ㄒㄧㄤˋ ㄧㄥ,相󠇡應󠇡,U+76F8 U+E01E1 U+61C9 U+E01E1,相:IVS+1; 應:IVS+1,
相應不理,ㄒㄧㄤ ㄧㄥˋ ㄅㄨˋ ㄌㄧˇ,ㄒㄧㄤˋ ㄧㄥ ㄅㄨˋ ㄌㄧˇ,相󠇡應󠇡不理,U+76F8 U+E01E1 U+61C9 U+E01E1 U+4E0D U+7406,相:IVS+1; 應:IVS+1,
相遇,ㄒㄧㄤ ㄩˋ,ㄒㄧㄤˋ ㄩˋ,相󠇡遇,U+76F8 U+E01E1 U+9047,相:IVS+1,
相約,ㄒㄧㄤ ㄩㄝ,ㄒㄧㄤˋ ㄩㄝ,相󠇡約,U+76F8 U+E01E1 U+7D04,相:IVS+1,
相擁而泣,ㄒㄧㄤ ㄩㄥˇ ㄦˊ ㄑㄧˋ,ㄒㄧㄤˋ ㄩㄥˇ ㄦˊ ㄑㄧˋ,相󠇡擁而泣,U+76F8 U+E01E1 U+64C1 U+800C U+6CE3,相:IVS+1,
箱子,ㄒㄧㄤ ˙ㄗ,ㄒㄧㄤ ㄗˇ,箱子󠇡,U+7BB1 U+5B50 U+E01E1,子:IVS+1,
鄉長,ㄒㄧㄤ ㄓㄤˇ,ㄒㄧㄤ ㄔㄤˊ,鄉長󠇡,U+9109 U+9577 U+E01E1,長:IVS+1,
鄉村音樂,ㄒㄧㄤ ㄘㄨㄣ ㄧㄣ ㄩㄝˋ,ㄒㄧㄤ ㄘㄨㄣ ㄧㄣ ㄌㄜˋ,鄉村音樂󠇡,U+9109 U+6751 U+97F3 U+6A02 U+E01E1,樂:IVS+1,
降伏,ㄒㄧㄤˊ ㄈㄨˊ,ㄐㄧㄤˋ ㄈㄨˊ,降󠇡伏,U+964D U+E01E1 U+4F0F,降:IVS+1,
降龍伏虎,ㄒㄧㄤˊ ㄌㄨㄥˊ ㄈㄨˊ ㄏㄨˇ,ㄐㄧㄤˋ ㄌㄨㄥˊ ㄈㄨˊ ㄏㄨˇ,降󠇡龍伏虎,U+964D U+E01E1 U+9F8D U+4F0F U+864E,降:IVS+1,
降將,ㄒㄧㄤˊ ㄐㄧㄤˋ,ㄐㄧㄤˋ ㄐㄧㄤ,降󠇡將󠇡,U+964D U+E01E1 U+5C07 U+E01E1,降:IVS+1; 將:IVS+1,
響應,ㄒㄧㄤˇ ㄧㄥˋ,ㄒㄧㄤˇ ㄧㄥ,響應󠇡,U+97FF U+61C9 U+E01E1,應:IVS+1,
巷弄,ㄒㄧㄤˋ ㄌㄨㄥˋ,ㄒㄧㄤˋ ㄋㄨㄥˋ,巷弄󠇡,U+5DF7 U+5F04 U+E01E1,弄:IVS+1,
巷子,ㄒㄧㄤˋ ˙ㄗ,ㄒㄧㄤˋ ㄗˇ,巷子󠇡,U+5DF7 U+5B50 U+E01E1,子:IVS+1,
惺惺相惜,ㄒㄧㄥ ㄒㄧㄥ ㄒㄧㄤ ㄒㄧˊ,ㄒㄧㄥ ㄒㄧㄥ ㄒㄧㄤˋ ㄒㄧˊ,惺惺相󠇡惜,U+60FA U+60FA U+76F8 U+E01E1 U+60DC,相:IVS+1,
腥臊味,ㄒㄧㄥ ㄙㄠ ㄨㄟˋ,ㄒㄧㄥ ㄙㄠˋ ㄨㄟˋ,腥臊󠇡味,U+8165 U+81CA U+E01E1 U+5473,臊:IVS+1,
興致勃勃,ㄒㄧㄥˋ ㄓˋ ㄅㄛˊ ㄅㄛˊ,ㄒㄧㄥ ㄓˋ ㄅㄛˊ ㄅㄛˊ,興󠇡致勃勃,U+8208 U+E01E1 U+81F4 U+52C3 U+52C3,興:IVS+1,
興盛,ㄒㄧㄥ ㄕㄥˋ,ㄒㄧㄥ ㄔㄥˊ,興盛󠇡,U+8208 U+76DB U+E01E1,盛:IVS+1,
行都,ㄒㄧㄥˊ ㄉㄨ,ㄒㄧㄥˊ ㄉㄡ,行都󠇡,U+884C U+90FD U+E01E1,都:IVS+1,
行政處分,ㄒㄧㄥˊ ㄓㄥˋ ㄔㄨˇ ㄈㄣˋ,ㄒㄧㄥˊ ㄓㄥˋ ㄔㄨˇ ㄈㄣ,行政處分󠇡,U+884C U+653F U+8655 U+5206 U+E01E1,分:IVS+1,
省親,ㄒㄧㄥˇ ㄑㄧㄣ,ㄕㄥˇ ㄑㄧㄣ,省󠇡親,U+7701 U+E01E1 U+89AA,省:IVS+1,
省思,ㄒㄧㄥˇ ㄙ,ㄕㄥˇ ㄙ,省󠇡思,U+7701 U+E01E1 U+601D,省:IVS+1,
省悟,ㄒㄧㄥˇ ㄨˋ,ㄕㄥˇ ㄨˋ,省󠇡悟,U+7701 U+E01E1 U+609F,省:IVS+1,
性子,ㄒㄧㄥˋ ˙ㄗ,ㄒㄧㄥˋ ㄗˇ,性子󠇡,U+6027 U+5B50 U+E01E1,子:IVS+1,
興頭,ㄒㄧㄥˋ ˙ㄊㄡ,ㄒㄧㄥ ㄊㄡˊ,興󠇡頭󠇡,U+8208 U+E01E1 U+982D U+E01E1,興:IVS+1; 頭:IVS+1,
興高采烈,ㄒㄧㄥˋ ㄍㄠ ㄘㄞˇ ㄌㄧㄝˋ,ㄒㄧㄥ ㄍㄠ ㄘㄞˇ ㄌㄧㄝˋ,興󠇡高采烈,U+8208 U+E01E1 U+9AD8 U+91C7 U+70C8,興:IVS+1,
興趣,ㄒㄧㄥˋ ㄑㄩˋ,ㄒㄧㄥ ㄑㄩˋ,興󠇡趣,U+8208 U+E01E1 U+8DA3,興:IVS+1,
興致,ㄒㄧㄥˋ ㄓˋ,ㄒㄧㄥ ㄓˋ,興󠇡致,U+8208 U+E01E1 U+81F4,興:IVS+1,
興沖沖,ㄒㄧㄥˋ ㄔㄨㄥ ㄔㄨㄥ,ㄒㄧㄥ ㄔㄨㄥ ㄔㄨㄥ,興󠇡沖沖,U+8208 U+E01E1 U+6C96 U+6C96,興:IVS+1,
興匆匆,ㄒㄧㄥˋ ㄘㄨㄥ ㄘㄨㄥ,ㄒㄧㄥ ㄘㄨㄥ ㄘㄨㄥ,興󠇡匆匆,U+8208 U+E01E1 U+5306 U+5306,興:IVS+1,
興味,ㄒㄧㄥˋ ㄨㄟˋ,ㄒㄧㄥ ㄨㄟˋ,興󠇡味,U+8208 U+E01E1 U+5473,興:IVS+1,
興味盎然,ㄒㄧㄥˋ ㄨㄟˋ ㄤˋ ㄖㄢˊ,ㄒㄧㄥ ㄨㄟˋ ㄤˋ ㄖㄢˊ,興󠇡味盎然,U+8208 U+E01E1 U+5473 U+76CE U+7136,興:IVS+1,
虛晃一招,ㄒㄩ ㄏㄨㄤˇ ㄧ ㄓㄠ,ㄒㄩ ㄏㄨㄤˋ ㄧ ㄓㄠ,虛晃󠇡一招,U+865B U+6643 U+E01E1 U+4E00 U+62DB,晃:IVS+1,
虛應故事,ㄒㄩ ㄧㄥˋ ㄍㄨˋ ㄕˋ,ㄒㄩ ㄧㄥ ㄍㄨˋ ㄕˋ,虛應󠇡故事,U+865B U+61C9 U+E01E1 U+6545 U+4E8B,應:IVS+1,
虛與委蛇,ㄒㄩ ㄩˇ ㄨㄟ ㄧˊ,ㄒㄩ ㄩˇ ㄨㄟˇ ㄕㄜˊ,虛與委󠇡蛇󠇡,U+865B U+8207 U+59D4 U+E01E1 U+86C7 U+E01E1,委:IVS+1; 蛇:IVS+1,
續假,ㄒㄩˋ ㄐㄧㄚˋ,ㄒㄩˋ ㄐㄧㄚˇ,續假󠇡,U+7E8C U+5047 U+E01E1,假:IVS+1,
靴子,ㄒㄩㄝ ˙ㄗ,ㄒㄩㄝ ㄗˇ,靴子󠇡,U+9774 U+5B50 U+E01E1,子:IVS+1,
學長,ㄒㄩㄝˊ ㄓㄤˇ,ㄒㄩㄝˊ ㄔㄤˊ,學長󠇡,U+5B78 U+9577 U+E01E1,長:IVS+1,
雪泥鴻爪,ㄒㄩㄝˇ ㄋㄧˊ ㄏㄨㄥˊ ㄓㄠˇ,ㄒㄩㄝˇ ㄋㄧˊ ㄏㄨㄥˊ ㄓㄨㄚˇ,雪泥鴻爪󠇡,U+96EA U+6CE5 U+9D3B U+722A U+E01E1,爪:IVS+1,
雪茄,ㄒㄩㄝˇ ㄐㄧㄚ,ㄒㄩㄝˇ ㄑㄧㄝˊ,雪茄󠇡,U+96EA U+8304 U+E01E1,茄:IVS+1,
削髮,ㄒㄩㄝˋ ㄈㄚˇ,ㄒㄧㄠ ㄈㄚˇ,削󠇡髮,U+524A U+E01E1 U+9AEE,削:IVS+1,
削奪,ㄒㄩㄝˋ ㄉㄨㄛˊ,ㄒㄧㄠ ㄉㄨㄛˊ,削󠇡奪,U+524A U+E01E1 U+596A,削:IVS+1,
削減,ㄒㄩㄝˋ ㄐㄧㄢˇ,ㄒㄧㄠ ㄐㄧㄢˇ,削󠇡減,U+524A U+E01E1 U+6E1B,削:IVS+1,
削球,ㄒㄩㄝˋ ㄑㄧㄡˊ,ㄒㄧㄠ ㄑㄧㄡˊ,削󠇡球,U+524A U+E01E1 U+7403,削:IVS+1,
削除,ㄒㄩㄝˋ ㄔㄨˊ,ㄒㄧㄠ ㄔㄨˊ,削󠇡除,U+524A U+E01E1 U+9664,削:IVS+1,
削弱,ㄒㄩㄝˋ ㄖㄨㄛˋ,ㄒㄧㄠ ㄖㄨㄛˋ,削󠇡弱,U+524A U+E01E1 U+5F31,削:IVS+1,
削足適履,ㄒㄩㄝˋ ㄗㄨˊ ㄕˋ ㄌㄩˇ,ㄒㄧㄠ ㄗㄨˊ ㄕˋ ㄌㄩˇ,削󠇡足適履,U+524A U+E01E1 U+8DB3 U+9069 U+5C65,削:IVS+1,
旋乾轉坤,ㄒㄩㄢˊ ㄑㄧㄢˊ ㄓㄨㄢˇ ㄎㄨㄣ,ㄒㄩㄢˊ ㄍㄢ ㄓㄨㄢˇ ㄎㄨㄣ,旋乾󠇡轉坤,U+65CB U+4E7E U+E01E1 U+8F49 U+5764,乾:IVS+1,
旋風,ㄒㄩㄢˋ ㄈㄥ,ㄒㄩㄢˊ ㄈㄥ,旋󠇡風,U+65CB U+E01E1 U+98A8,旋:IVS+1,
葷粥,ㄒㄩㄣ ㄩˋ,ㄏㄨㄣ ㄓㄡ,葷󠇡粥󠇡,U+8477 U+E01E1 U+7CA5 U+E01E1,葷:IVS+1; 粥:IVS+1,
巡更,ㄒㄩㄣˊ ㄍㄥ,ㄒㄩㄣˊ ㄍㄥˋ,巡更󠇡,U+5DE1 U+66F4 U+E01E1,更:IVS+1,
殉難,ㄒㄩㄣˋ ㄋㄢˋ,ㄒㄩㄣˋ ㄋㄢˊ,殉難󠇡,U+6B89 U+96E3 U+E01E1,難:IVS+1,
兄長,ㄒㄩㄥ ㄓㄤˇ,ㄒㄩㄥ ㄔㄤˊ,兄長󠇡,U+5144 U+9577 U+E01E1,長:IVS+1,
支應,ㄓ ㄧㄥˋ,ㄓ ㄧㄥ,支應󠇡,U+652F U+61C9 U+E01E1,應:IVS+1,
知了,ㄓ ㄌㄧㄠˇ,ㄓ ˙ㄌㄜ,知了󠇡,U+77E5 U+4E86 U+E01E1,了:IVS+1,
知更鳥,ㄓ ㄍㄥ ㄋㄧㄠˇ,ㄓ ㄍㄥˋ ㄋㄧㄠˇ,知更󠇡鳥,U+77E5 U+66F4 U+E01E1 U+9CE5,更:IVS+1,
知識分子,ㄓ ㄕˋ ㄈㄣˋ ㄗˇ,ㄓ ㄕˋ ㄈㄣ ㄗˇ,知識分󠇡子,U+77E5 U+8B58 U+5206 U+E01E1 U+5B50,分:IVS+1,
梔子花,ㄓ ˙ㄗ ㄏㄨㄚ,ㄓ ㄗˇ ㄏㄨㄚ,梔子󠇡花,U+6894 U+5B50 U+E01E1 U+82B1,子:IVS+1,
直截了當,ㄓˊ ㄐㄧㄝˊ ㄌㄧㄠˇ ㄉㄤˋ,ㄓˊ ㄐㄧㄝˊ ˙ㄌㄜ ㄉㄤ,直截了󠇡當󠇡,U+76F4 U+622A U+4E86 U+E01E1 U+7576 U+E01E1,了:IVS+1; 當:IVS+1,
直性子,ㄓˊ ㄒㄧㄥˋ ˙ㄗ,ㄓˊ ㄒㄧㄥˋ ㄗˇ,直性子󠇡,U+76F4 U+6027 U+5B50 U+E01E1,子:IVS+1,
直率,ㄓˊ ㄕㄨㄞˋ,ㄓˊ ㄌㄩˋ,直率󠇡,U+76F4 U+7387 U+E01E1,率:IVS+1,
值得,ㄓˊ ˙ㄉㄜ,ㄓˊ ㄉㄜˊ,值得󠇡,U+503C U+5F97 U+E01E1,得:IVS+1,
侄子,ㄓˊ ˙ㄗ,ㄓˊ ㄗˇ,侄子󠇡,U+4F84 U+5B50 U+E01E1,子:IVS+1,
姪子,ㄓˊ ˙ㄗ,ㄓˊ ㄗˇ,姪子󠇡,U+59EA U+5B50 U+E01E1,子:IVS+1,
執著,ㄓˊ ㄓㄨㄛˊ,ㄓˊ ˙ㄓㄜ,執著󠇤,U+57F7 U+8457 U+E01E4,著:IVS+4,
擲骰子,ㄓˊ ㄊㄡˊ ˙ㄗ,ㄓˊ ㄊㄡˊ ㄗˇ,擲骰子󠇡,U+64F2 U+9AB0 U+5B50 U+E01E1,子:IVS+1,
指頭,ㄓˇ ˙ㄊㄡ,ㄓˇ ㄊㄡˊ,指頭󠇡,U+6307 U+982D U+E01E1,頭:IVS+1,
指頭畫,ㄓˇ ˙ㄊㄡ ㄏㄨㄚˋ,ㄓˇ ㄊㄡˊ ㄏㄨㄚˋ,指頭󠇡畫,U+6307 U+982D U+E01E1 U+756B,頭:IVS+1,
制禮作樂,ㄓˋ ㄌㄧˇ ㄗㄨㄛˋ ㄩㄝˋ,ㄓˋ ㄌㄧˇ ㄗㄨㄛˋ ㄌㄜˋ,制禮作樂󠇡,U+5236 U+79AE U+4F5C U+6A02 U+E01E1,樂:IVS+1,
陟罰臧否,ㄓˋ ㄈㄚˊ ㄗㄤ ㄆㄧˇ,ㄓˋ ㄈㄚˊ ㄗㄤ ㄈㄡˇ,陟罰臧否󠇡,U+965F U+7F70 U+81E7 U+5426 U+E01E1,否:IVS+1,
炸醬,ㄓㄚˊ ㄐㄧㄤˋ,ㄓㄚˋ ㄐㄧㄤˋ,炸󠇡醬,U+70B8 U+E01E1 U+91AC,炸:IVS+1,
詐降,ㄓㄚˋ ㄒㄧㄤˊ,ㄓㄚˋ ㄐㄧㄤˋ,詐降󠇡,U+8A50 U+964D U+E01E1,降:IVS+1,
折騰,ㄓㄜ ㄊㄥˊ,ㄓㄜˊ ㄊㄥˊ,折󠇡騰,U+6298 U+E01E1 U+9A30,折:IVS+1,
這個,ㄓㄜˋ ˙ㄍㄜ,ㄓㄜˋ ㄍㄜˋ,這個󠇡,U+9019 U+500B U+E01E1,個:IVS+1,
這會兒,ㄓㄜˋ ㄏㄨㄟˇ ㄦ,ㄓㄜˋ ㄏㄨㄟˋ ㄦˊ,這會󠇢兒󠇡,U+9019 U+6703 U+E01E2 U+5152 U+E01E1,會:IVS+2; 兒:IVS+1,
這兒,ㄓㄜˋ ㄦ,ㄓㄜˋ ㄦˊ,這兒󠇡,U+9019 U+5152 U+E01E1,兒:IVS+1,
寨子,ㄓㄞˋ ˙ㄗ,ㄓㄞˋ ㄗˇ,寨子󠇡,U+5BE8 U+5B50 U+E01E1,子:IVS+1,
著涼,ㄓㄠ ㄌㄧㄤˊ,˙ㄓㄜ ㄌㄧㄤˊ,著󠇢涼,U+8457 U+E01E2 U+6DBC,著:IVS+2,
著急,ㄓㄠ ㄐㄧˊ,˙ㄓㄜ ㄐㄧˊ,著󠇢急,U+8457 U+E01E2 U+6025,著:IVS+2,
朝不保夕,ㄓㄠ ㄅㄨˋ ㄅㄠˇ ㄒㄧˋ,ㄔㄠˊ ㄅㄨˋ ㄅㄠˇ ㄒㄧˋ,朝󠇡不保夕,U+671D U+E01E1 U+4E0D U+4FDD U+5915,朝:IVS+1,
朝暮,ㄓㄠ ㄇㄨˋ,ㄔㄠˊ ㄇㄨˋ,朝󠇡暮,U+671D U+E01E1 U+66AE,朝:IVS+1,
朝令夕改,ㄓㄠ ㄌㄧㄥˋ ㄒㄧˋ ㄍㄞˇ,ㄔㄠˊ ㄌㄧㄥˋ ㄒㄧˋ ㄍㄞˇ,朝󠇡令夕改,U+671D U+E01E1 U+4EE4 U+5915 U+6539,朝:IVS+1,
朝露,ㄓㄠ ㄌㄨˋ,ㄔㄠˊ ㄌㄨˋ,朝󠇡露,U+671D U+E01E1 U+9732,朝:IVS+1,
朝會,ㄓㄠ ㄏㄨㄟˋ,ㄔㄠˊ ㄏㄨㄟˋ,朝󠇡會,U+671D U+E01E1 U+6703,朝:IVS+1,
朝氣,ㄓㄠ ㄑㄧˋ,ㄔㄠˊ ㄑㄧˋ,朝󠇡氣,U+671D U+E01E1 U+6C23,朝:IVS+1,
朝氣蓬勃,ㄓㄠ ㄑㄧˋ ㄆㄥˊ ㄅㄛˊ,ㄔㄠˊ ㄑㄧˋ ㄆㄥˊ ㄅㄛˊ,朝󠇡氣蓬勃,U+671D U+E01E1 U+6C23 U+84EC U+52C3,朝:IVS+1,
朝秦暮楚,ㄓㄠ ㄑㄧㄣˊ ㄇㄨˋ ㄔㄨˇ,ㄔㄠˊ ㄑㄧㄣˊ ㄇㄨˋ ㄔㄨˇ,朝󠇡秦暮楚,U+671D U+E01E1 U+79E6 U+66AE U+695A,朝:IVS+1,
朝曦,ㄓㄠ ㄒㄧ,ㄔㄠˊ ㄒㄧ,朝󠇡曦,U+671D U+E01E1 U+66E6,朝:IVS+1,
朝夕,ㄓㄠ ㄒㄧˋ,ㄔㄠˊ ㄒㄧˋ,朝󠇡夕,U+671D U+E01E1 U+5915,朝:IVS+1,
朝朝暮暮,ㄓㄠ ㄓㄠ ㄇㄨˋ ㄇㄨˋ,ㄔㄠˊ ㄔㄠˊ ㄇㄨˋ ㄇㄨˋ,朝󠇡朝󠇡暮暮,U+671D U+E01E1 U+671D U+E01E1 U+66AE U+66AE,朝:IVS+1; 朝:IVS+1,
朝生暮死,ㄓㄠ ㄕㄥ ㄇㄨˋ ㄙˇ,ㄔㄠˊ ㄕㄥ ㄇㄨˋ ㄙˇ,朝󠇡生暮死,U+671D U+E01E1 U+751F U+66AE U+6B7B,朝:IVS+1,
朝日,ㄓㄠ ㄖˋ,ㄔㄠˊ ㄖˋ,朝󠇡日,U+671D U+E01E1 U+65E5,朝:IVS+1,
朝三暮四,ㄓㄠ ㄙㄢ ㄇㄨˋ ㄙˋ,ㄔㄠˊ ㄙㄢ ㄇㄨˋ ㄙˋ,朝󠇡三暮四,U+671D U+E01E1 U+4E09 U+66AE U+56DB,朝:IVS+1,
朝陽,ㄓㄠ ㄧㄤˊ,ㄔㄠˊ ㄧㄤˊ,朝󠇡陽,U+671D U+E01E1 U+967D,朝:IVS+1,
著魔,ㄓㄠˊ ㄇㄛˊ,˙ㄓㄜ ㄇㄛˊ,著󠇣魔,U+8457 U+E01E3 U+9B54,著:IVS+3,
著迷,ㄓㄠˊ ㄇㄧˊ,˙ㄓㄜ ㄇㄧˊ,著󠇣迷,U+8457 U+E01E3 U+8FF7,著:IVS+3,
著火,ㄓㄠˊ ㄏㄨㄛˇ,˙ㄓㄜ ㄏㄨㄛˇ,著󠇣火,U+8457 U+E01E3 U+706B,著:IVS+3,
著想,ㄓㄠˊ ㄒㄧㄤˇ,˙ㄓㄜ ㄒㄧㄤˇ,著󠇣想,U+8457 U+E01E3 U+60F3,著:IVS+3,
著眼,ㄓㄨㄛˊ ㄧㄢˇ,˙ㄓㄜ ㄧㄢˇ,著󠇤眼,U+8457 U+E01E4 U+773C,著:IVS+4,
爪痕,ㄓㄠˇ ㄏㄣˊ,ㄓㄨㄚˇ ㄏㄣˊ,爪󠇡痕,U+722A U+E01E1 U+75D5,爪:IVS+1,
爪牙,ㄓㄠˇ ㄧㄚˊ,ㄓㄨㄚˇ ㄧㄚˊ,爪󠇡牙,U+722A U+E01E1 U+7259,爪:IVS+1,
爪哇,ㄓㄠˇ ㄨㄚ,ㄓㄨㄚˇ ㄨㄚ,爪󠇡哇,U+722A U+E01E1 U+54C7,爪:IVS+1,
找樂子,ㄓㄠˇ ㄌㄜˋ ˙ㄗ,ㄓㄠˇ ㄌㄜˋ ㄗˇ,找樂子󠇡,U+627E U+6A02 U+5B50 U+E01E1,子:IVS+1,
照應,ㄓㄠˋ ㄧㄥˋ,ㄓㄠˋ ㄧㄥ,照應󠇡,U+7167 U+61C9 U+E01E1,應:IVS+1,
兆頭,ㄓㄠˋ ˙ㄊㄡ,ㄓㄠˋ ㄊㄡˊ,兆頭󠇡,U+5146 U+982D U+E01E1,頭:IVS+1,
罩子,ㄓㄠˋ ˙ㄗ,ㄓㄠˋ ㄗˇ,罩子󠇡,U+7F69 U+5B50 U+E01E1,子:IVS+1,
占卜,ㄓㄢ ㄅㄨˇ,ㄓㄢˋ ㄅㄨˇ,占󠇡卜,U+5360 U+E01E1 U+535C,占:IVS+1,
占夢,ㄓㄢ ㄇㄥˋ,ㄓㄢˋ ㄇㄥˋ,占󠇡夢,U+5360 U+E01E1 U+5922,占:IVS+1,
占星術,ㄓㄢ ㄒㄧㄥ ㄕㄨˋ,ㄓㄢˋ ㄒㄧㄥ ㄕㄨˋ,占󠇡星術,U+5360 U+E01E1 U+661F U+8853,占:IVS+1,
氈子,ㄓㄢ ˙ㄗ,ㄓㄢ ㄗˇ,氈子󠇡,U+6C08 U+5B50 U+E01E1,子:IVS+1,
輾轉,ㄓㄢˇ ㄓㄨㄢˇ,ㄋㄧㄢˇ ㄓㄨㄢˇ,輾󠇡轉,U+8F3E U+E01E1 U+8F49,輾:IVS+1,
占便宜,ㄓㄢˋ ㄆㄧㄢˊ ㄧˊ,ㄓㄢˋ ㄅㄧㄢˋ ㄧˊ,占便󠇡宜,U+5360 U+4FBF U+E01E1 U+5B9C,便:IVS+1,
占盡便宜,ㄓㄢˋ ㄐㄧㄣˋ ㄆㄧㄢˊ ㄧˊ,ㄓㄢˋ ㄐㄧㄣˋ ㄅㄧㄢˋ ㄧˊ,占盡便󠇡宜,U+5360 U+76E1 U+4FBF U+E01E1 U+5B9C,便:IVS+1,
站崗,ㄓㄢˋ ㄍㄤˇ,ㄓㄢˋ ㄍㄤ,站崗󠇡,U+7AD9 U+5D17 U+E01E1,崗:IVS+1,
站長,ㄓㄢˋ ㄓㄤˇ,ㄓㄢˋ ㄔㄤˊ,站長󠇡,U+7AD9 U+9577 U+E01E1,長:IVS+1,
戰將,ㄓㄢˋ ㄐㄧㄤˋ,ㄓㄢˋ ㄐㄧㄤ,戰將󠇡,U+6230 U+5C07 U+E01E1,將:IVS+1,
真切,ㄓㄣ ㄑㄧㄝˋ,ㄓㄣ ㄑㄧㄝ,真切󠇡,U+771F U+5207 U+E01E1,切:IVS+1,
針鋒相對,ㄓㄣ ㄈㄥ ㄒㄧㄤ ㄉㄨㄟˋ,ㄓㄣ ㄈㄥ ㄒㄧㄤˋ ㄉㄨㄟˋ,針鋒相󠇡對,U+91DD U+92D2 U+76F8 U+E01E1 U+5C0D,相:IVS+1,
枕頭,ㄓㄣˇ ˙ㄊㄡ,ㄓㄣˇ ㄊㄡˊ,枕頭󠇡,U+6795 U+982D U+E01E1,頭:IVS+1,
疹子,ㄓㄣˇ ˙ㄗ,ㄓㄣˇ ㄗˇ,疹子󠇡,U+75B9 U+5B50 U+E01E1,子:IVS+1,
枕戈待旦,ㄓㄣˋ ㄍㄜ ㄉㄞˋ ㄉㄢˋ,ㄓㄣˇ ㄍㄜ ㄉㄞˋ ㄉㄢˋ,枕󠇡戈待旦,U+6795 U+E01E1 U+6208 U+5F85 U+65E6,枕:IVS+1,
枕藉,ㄓㄣˋ ㄐㄧㄝˋ,ㄓㄣˇ ㄐㄧㄝˋ,枕󠇡藉,U+6795 U+E01E1 U+85C9,枕:IVS+1,
鎮長,ㄓㄣˋ ㄓㄤˇ,ㄓㄣˋ ㄔㄤˊ,鎮長󠇡,U+93AE U+9577 U+E01E1,長:IVS+1,
張冠李戴,ㄓㄤ ㄍㄨㄢ ㄌㄧˇ ㄉㄞˋ,ㄓㄤ ㄍㄨㄢˋ ㄌㄧˇ ㄉㄞˋ,張冠󠇡李戴,U+5F35 U+51A0 U+E01E1 U+674E U+6234,冠:IVS+1,
張牙舞爪,ㄓㄤ ㄧㄚˊ ㄨˇ ㄓㄠˇ,ㄓㄤ ㄧㄚˊ ㄨˇ ㄓㄨㄚˇ,張牙舞爪󠇡,U+5F35 U+7259 U+821E U+722A U+E01E1,爪:IVS+1,
長輩,ㄓㄤˇ ㄅㄟˋ,ㄔㄤˊ ㄅㄟˋ,長󠇡輩,U+9577 U+E01E1 U+8F29,長:IVS+1,
長大,ㄓㄤˇ ㄉㄚˋ,ㄔㄤˊ ㄉㄚˋ,長󠇡大,U+9577 U+E01E1 U+5927,長:IVS+1,
長老,ㄓㄤˇ ㄌㄠˇ,ㄔㄤˊ ㄌㄠˇ,長󠇡老,U+9577 U+E01E1 U+8001,長:IVS+1,
長官,ㄓㄤˇ ㄍㄨㄢ,ㄔㄤˊ ㄍㄨㄢ,長󠇡官,U+9577 U+E01E1 U+5B98,長:IVS+1,
長進,ㄓㄤˇ ㄐㄧㄣˋ,ㄔㄤˊ ㄐㄧㄣˋ,長󠇡進,U+9577 U+E01E1 U+9032,長:IVS+1,
長相,ㄓㄤˇ ㄒㄧㄤˋ,ㄔㄤˊ ㄒㄧㄤˋ,長󠇡相,U+9577 U+E01E1 U+76F8,長:IVS+1,
長者,ㄓㄤˇ ㄓㄜˇ,ㄔㄤˊ ㄓㄜˇ,長󠇡者,U+9577 U+E01E1 U+8005,長:IVS+1,
長子,ㄓㄤˇ ㄗˇ,ㄔㄤˊ ㄗˇ,長󠇡子,U+9577 U+E01E1 U+5B50,長:IVS+1,
長尾巴,ㄓㄤˇ ㄨㄟˇ ㄅㄚ,ㄔㄤˊ ㄨㄟˇ ㄅㄚ,長󠇡尾巴,U+9577 U+E01E1 U+5C3E U+5DF4,長:IVS+1,
丈量,ㄓㄤˋ ㄌㄧㄤˊ,ㄓㄤˋ ㄌㄧㄤˋ,丈量󠇡,U+4E08 U+91CF U+E01E1,量:IVS+1,
正月,ㄓㄥ ㄩㄝˋ,ㄓㄥˋ ㄩㄝˋ,正󠇡月,U+6B63 U+E01E1 U+6708,正:IVS+1,
怔忪,ㄓㄥ ㄓㄨㄥ,ㄓㄥ ㄙㄨㄥ,怔忪󠇡,U+6014 U+5FEA U+E01E1,忪:IVS+1,
掙扎,ㄓㄥ ㄓㄚˊ,ㄓㄥ ㄓㄚ,掙扎󠇡,U+6399 U+624E U+E01E1,扎:IVS+1,
徵調,ㄓㄥ ㄉㄧㄠˋ,ㄓㄥ ㄊㄧㄠˊ,徵調󠇡,U+5FB5 U+8ABF U+E01E1,調:IVS+1,
正中下懷,ㄓㄥˋ ㄓㄨㄥˋ ㄒㄧㄚˋ ㄏㄨㄞˊ,ㄓㄥˋ ㄓㄨㄥ ㄒㄧㄚˋ ㄏㄨㄞˊ,正中󠇡下懷,U+6B63 U+4E2D U+E01E1 U+4E0B U+61F7,中:IVS+1,
豬圈,ㄓㄨ ㄐㄩㄢˋ,ㄓㄨ ㄑㄩㄢ,豬圈󠇡,U+8C6C U+5708 U+E01E1,圈:IVS+1,
藷蔗,ㄓㄨ ㄓㄜˋ,ㄕㄨˇ ㄓㄜˋ,藷󠇡蔗,U+85F7 U+E01E1 U+8517,藷:IVS+1,
竹子,ㄓㄨˊ ˙ㄗ,ㄓㄨˊ ㄗˇ,竹子󠇡,U+7AF9 U+5B50 U+E01E1,子:IVS+1,
主將,ㄓㄨˇ ㄐㄧㄤˋ,ㄓㄨˇ ㄐㄧㄤ,主將󠇡,U+4E3B U+5C07 U+E01E1,將:IVS+1,
主角,ㄓㄨˇ ㄐㄩㄝˊ,ㄓㄨˇ ㄐㄧㄠˇ,主角󠇡,U+4E3B U+89D2 U+E01E1,角:IVS+1,
主治大夫,ㄓㄨˇ ㄓˋ ㄉㄞˋ ㄈㄨ,ㄓㄨˇ ㄓˋ ㄉㄚˋ ㄈㄨ,主治大󠇡夫,U+4E3B U+6CBB U+5927 U+E01E1 U+592B,大:IVS+1,
主從,ㄓㄨˇ ㄗㄨㄥˋ,ㄓㄨˇ ㄘㄨㄥˊ,主從󠇡,U+4E3B U+5F9E U+E01E1,從:IVS+1,
屬意,ㄓㄨˇ ㄧˋ,ㄕㄨˇ ㄧˋ,屬󠇡意,U+5C6C U+E01E1 U+610F,屬:IVS+1,
助興,ㄓㄨˋ ㄒㄧㄥˋ,ㄓㄨˋ ㄒㄧㄥ,助興󠇡,U+52A9 U+8208 U+E01E1,興:IVS+1,
助長,ㄓㄨˋ ㄓㄤˇ,ㄓㄨˋ ㄔㄤˊ,助長󠇡,U+52A9 U+9577 U+E01E1,長:IVS+1,
住處,ㄓㄨˋ ㄔㄨˋ,ㄓㄨˋ ㄔㄨˇ,住處󠇡,U+4F4F U+8655 U+E01E1,處:IVS+1,
柱子,ㄓㄨˋ ˙ㄗ,ㄓㄨˋ ㄗˇ,柱子󠇡,U+67F1 U+5B50 U+E01E1,子:IVS+1,
著名,ㄓㄨˋ ㄇㄧㄥˊ,˙ㄓㄜ ㄇㄧㄥˊ,著󠇡名,U+8457 U+E01E1 U+540D,著:IVS+1,
著者,ㄓㄨˋ ㄓㄜˇ,˙ㄓㄜ ㄓㄜˇ,著󠇡者,U+8457 U+E01E1 U+8005,著:IVS+1,
著稱,ㄓㄨˋ ㄔㄥ,˙ㄓㄜ ㄔㄥ,著󠇡稱,U+8457 U+E01E1 U+7A31,著:IVS+1,
著書,ㄓㄨˋ ㄕㄨ,˙ㄓㄜ ㄕㄨ,著󠇡書,U+8457 U+E01E1 U+66F8,著:IVS+1,
著書立說,ㄓㄨˋ ㄕㄨ ㄌㄧˋ ㄕㄨㄛ,˙ㄓㄜ ㄕㄨ ㄌㄧˋ ㄕㄨㄛ,著󠇡書立說,U+8457 U+E01E1 U+66F8 U+7ACB U+8AAA,著:IVS+1,
著述,ㄓㄨˋ ㄕㄨˋ,˙ㄓㄜ ㄕㄨˋ,著󠇡述,U+8457 U+E01E1 U+8FF0,著:IVS+1,
著作,ㄓㄨˋ ㄗㄨㄛˋ,˙ㄓㄜ ㄗㄨㄛˋ,著󠇡作,U+8457 U+E01E1 U+4F5C,著:IVS+1,
爪子,ㄓㄨㄚˇ ˙ㄗ,ㄓㄨㄚˇ ㄗˇ,爪子󠇡,U+722A U+5B50 U+E01E1,子:IVS+1,
桌子,ㄓㄨㄛ ˙ㄗ,ㄓㄨㄛ ㄗˇ,桌子󠇡,U+684C U+5B50 U+E01E1,子:IVS+1,
酌量,ㄓㄨㄛˊ ㄌㄧㄤˊ,ㄓㄨㄛˊ ㄌㄧㄤˋ,酌量󠇡,U+914C U+91CF U+E01E1,量:IVS+1,
拙著,ㄓㄨㄛˊ ㄓㄨˋ,ㄓㄨㄛˊ ˙ㄓㄜ,拙著󠇡,U+62D9 U+8457 U+E01E1,著:IVS+1,
卓著,ㄓㄨㄛˊ ㄓㄨˋ,ㄓㄨㄛˊ ˙ㄓㄜ,卓著󠇡,U+5353 U+8457 U+E01E1,著:IVS+1,
著墨,ㄓㄨㄛˊ ㄇㄛˋ,˙ㄓㄜ ㄇㄛˋ,著󠇤墨,U+8457 U+E01E4 U+58A8,著:IVS+4,
著地,ㄓㄨㄛˊ ㄉㄧˋ,˙ㄓㄜ ㄉㄧˋ,著󠇤地,U+8457 U+E01E4 U+5730,著:IVS+4,
著力,ㄓㄨㄛˊ ㄌㄧˋ,˙ㄓㄜ ㄌㄧˋ,著󠇤力,U+8457 U+E01E4 U+529B,著:IVS+4,
著陸,ㄓㄨㄛˊ ㄌㄨˋ,˙ㄓㄜ ㄌㄨˋ,著󠇤陸,U+8457 U+E01E4 U+9678,著:IVS+4,
著落,ㄓㄨㄛˊ ㄌㄨㄛˋ,˙ㄓㄜ ㄌㄨㄛˋ,著󠇤落,U+8457 U+E01E4 U+843D,著:IVS+4,
著重,ㄓㄨㄛˊ ㄓㄨㄥˋ,˙ㄓㄜ ㄓㄨㄥˋ,著󠇤重,U+8457 U+E01E4 U+91CD,著:IVS+4,
著實,ㄓㄨㄛˊ ㄕˊ,˙ㄓㄜ ㄕˊ,著󠇤實,U+8457 U+E01E4 U+5BE6,著:IVS+4,
著手,ㄓㄨㄛˊ ㄕㄡˇ,˙ㄓㄜ ㄕㄡˇ,著󠇤手,U+8457 U+E01E4 U+624B,著:IVS+4,
鐲子,ㄓㄨㄛˊ ˙ㄗ,ㄓㄨㄛˊ ㄗˇ,鐲子󠇡,U+9432 U+5B50 U+E01E1,子:IVS+1,
錐子,ㄓㄨㄟ ˙ㄗ,ㄓㄨㄟ ㄗˇ,錐子󠇡,U+9310 U+5B50 U+E01E1,子:IVS+1,
墜子,ㄓㄨㄟˋ ˙ㄗ,ㄓㄨㄟˋ ㄗˇ,墜子󠇡,U+589C U+5B50 U+E01E1,子:IVS+1,
專橫,ㄓㄨㄢ ㄏㄥˋ,ㄓㄨㄢ ㄏㄥˊ,專橫󠇡,U+5C08 U+6A6B U+E01E1,橫:IVS+1,
專著,ㄓㄨㄢ ㄓㄨˋ,ㄓㄨㄢ ˙ㄓㄜ,專著󠇡,U+5C08 U+8457 U+E01E1,著:IVS+1,
磚頭,ㄓㄨㄢ ˙ㄊㄡ,ㄓㄨㄢ ㄊㄡˊ,磚頭󠇡,U+78DA U+982D U+E01E1,頭:IVS+1,
轉行,ㄓㄨㄢˇ ㄏㄤˊ,ㄓㄨㄢˇ ㄒㄧㄥˊ,轉行󠇡,U+8F49 U+884C U+E01E1,行:IVS+1,
傳記,ㄓㄨㄢˋ ㄐㄧˋ,ㄔㄨㄢˊ ㄐㄧˋ,傳󠇡記,U+50B3 U+E01E1 U+8A18,傳:IVS+1,
轉圈,ㄓㄨㄢˋ ㄑㄩㄢ,ㄓㄨㄢˇ ㄑㄩㄢ,轉󠇡圈,U+8F49 U+E01E1 U+5708,轉:IVS+1,
賺頭,ㄓㄨㄢˋ ˙ㄊㄡ,ㄓㄨㄢˋ ㄊㄡˊ,賺頭󠇡,U+8CFA U+982D U+E01E1,頭:IVS+1,
壯盛,ㄓㄨㄤˋ ㄕㄥˋ,ㄓㄨㄤˋ ㄔㄥˊ,壯盛󠇡,U+58EF U+76DB U+E01E1,盛:IVS+1,
衷曲,ㄓㄨㄥ ㄑㄩ,ㄓㄨㄥ ㄑㄩˇ,衷曲󠇡,U+8877 U+66F2 U+E01E1,曲:IVS+1,
中彈,ㄓㄨㄥˋ ㄉㄢˋ,ㄓㄨㄥ ㄉㄢˋ,中󠇡彈,U+4E2D U+E01E1 U+5F48,中:IVS+1,
中毒,ㄓㄨㄥˋ ㄉㄨˊ,ㄓㄨㄥ ㄉㄨˊ,中󠇡毒,U+4E2D U+E01E1 U+6BD2,中:IVS+1,
中聽,ㄓㄨㄥˋ ㄊㄧㄥ,ㄓㄨㄥ ㄊㄧㄥ,中󠇡聽,U+4E2D U+E01E1 U+807D,中:IVS+1,
中規中矩,ㄓㄨㄥˋ ㄍㄨㄟ ㄓㄨㄥˋ ㄐㄩˇ,ㄓㄨㄥ ㄍㄨㄟ ㄓㄨㄥ ㄐㄩˇ,中󠇡規中󠇡矩,U+4E2D U+E01E1 U+898F U+4E2D U+E01E1 U+77E9,中:IVS+1; 中:IVS+1,
中看,ㄓㄨㄥˋ ㄎㄢˋ,ㄓㄨㄥ ㄎㄢˋ,中󠇡看,U+4E2D U+E01E1 U+770B,中:IVS+1,
中肯,ㄓㄨㄥˋ ㄎㄣˇ,ㄓㄨㄥ ㄎㄣˇ,中󠇡肯,U+4E2D U+E01E1 U+80AF,中:IVS+1,
中計,ㄓㄨㄥˋ ㄐㄧˋ,ㄓㄨㄥ ㄐㄧˋ,中󠇡計,U+4E2D U+E01E1 U+8A08,中:IVS+1,
中獎,ㄓㄨㄥˋ ㄐㄧㄤˇ,ㄓㄨㄥ ㄐㄧㄤˇ,中󠇡獎,U+4E2D U+E01E1 U+734E,中:IVS+1,
中選,ㄓㄨㄥˋ ㄒㄩㄢˇ,ㄓㄨㄥ ㄒㄩㄢˇ,中󠇡選,U+4E2D U+E01E1 U+9078,中:IVS+1,
中傷,ㄓㄨㄥˋ ㄕㄤ,ㄓㄨㄥ ㄕㄤ,中󠇡傷,U+4E2D U+E01E1 U+50B7,中:IVS+1,
中暑,ㄓㄨㄥˋ ㄕㄨˇ,ㄓㄨㄥ ㄕㄨˇ,中󠇡暑,U+4E2D U+E01E1 U+6691,中:IVS+1,
中意,ㄓㄨㄥˋ ㄧˋ,ㄓㄨㄥ ㄧˋ,中󠇡意,U+4E2D U+E01E1 U+610F,中:IVS+1,
中用,ㄓㄨㄥˋ ㄩㄥˋ,ㄓㄨㄥ ㄩㄥˋ,中󠇡用,U+4E2D U+E01E1 U+7528,中:IVS+1,
重擔,ㄓㄨㄥˋ ㄉㄢˋ,ㄓㄨㄥˋ ㄉㄢ,重擔󠇡,U+91CD U+64D4 U+E01E1,擔:IVS+1,
重創,ㄓㄨㄥˋ ㄔㄨㄤ,ㄓㄨㄥˋ ㄔㄨㄤˋ,重創󠇡,U+91CD U+5275 U+E01E1,創:IVS+1,
種田,ㄓㄨㄥˋ ㄊㄧㄢˊ,ㄓㄨㄥˇ ㄊㄧㄢˊ,種󠇡田,U+7A2E U+E01E1 U+7530,種:IVS+1,
種植,ㄓㄨㄥˋ ㄓˊ,ㄓㄨㄥˇ ㄓˊ,種󠇡植,U+7A2E U+E01E1 U+690D,種:IVS+1,
種因,ㄓㄨㄥˋ ㄧㄣ,ㄓㄨㄥˇ ㄧㄣ,種󠇡因,U+7A2E U+E01E1 U+56E0,種:IVS+1,
眾矢之的,ㄓㄨㄥˋ ㄕˇ ㄓ ㄉㄧˋ,ㄓㄨㄥˋ ㄕˇ ㄓ ˙ㄉㄜ,眾矢之的󠇢,U+773E U+77E2 U+4E4B U+7684 U+E01E2,的:IVS+2,
吃排頭,ㄔ ㄆㄞˊ ˙ㄊㄡ,ㄔ ㄆㄞˊ ㄊㄡˊ,吃排頭󠇡,U+5403 U+6392 U+982D U+E01E1,頭:IVS+1,
吃苦頭,ㄔ ㄎㄨˇ ˙ㄊㄡ,ㄔ ㄎㄨˇ ㄊㄡˊ,吃苦頭󠇡,U+5403 U+82E6 U+982D U+E01E1,頭:IVS+1,
吃喝拉撒睡,ㄔ ㄏㄜ ㄌㄚ ㄙㄚ ㄕㄨㄟˋ,ㄔ ㄏㄜ ㄌㄚ ㄙㄚˇ ㄕㄨㄟˋ,吃喝拉撒󠇡睡,U+5403 U+559D U+62C9 U+6492 U+E01E1 U+7761,撒:IVS+1,
赤嵌樓,ㄔˋ ㄎㄢˇ ㄌㄡˊ,ㄔˋ ㄑㄧㄢ ㄌㄡˊ,赤嵌󠇡樓,U+8D64 U+5D4C U+E01E1 U+6A13,嵌:IVS+1,
赤身露體,ㄔˋ ㄕㄣ ㄌㄡˋ ㄊㄧˇ,ㄔˋ ㄕㄣ ㄌㄨˋ ㄊㄧˇ,赤身露󠇡體,U+8D64 U+8EAB U+9732 U+E01E1 U+9AD4,露:IVS+1,
熾盛,ㄔˋ ㄕㄥˋ,ㄔˋ ㄔㄥˊ,熾盛󠇡,U+71BE U+76DB U+E01E1,盛:IVS+1,
叉子,ㄔㄚ ˙ㄗ,ㄔㄚ ㄗˇ,叉子󠇡,U+53C9 U+5B50 U+E01E1,子:IVS+1,
差點兒,ㄔㄚ ㄉㄧㄢˇ ㄦ,ㄔㄚ ㄉㄧㄢˇ ㄦˊ,差點兒󠇡,U+5DEE U+9EDE U+5152 U+E01E1,兒:IVS+1,
茶行,ㄔㄚˊ ㄏㄤˊ,ㄔㄚˊ ㄒㄧㄥˊ,茶行󠇡,U+8336 U+884C U+E01E1,行:IVS+1,
車把,ㄔㄜ ㄅㄚˋ,ㄔㄜ ㄅㄚˇ,車把󠇡,U+8ECA U+628A U+E01E1,把:IVS+1,
車行,ㄔㄜ ㄏㄤˊ,ㄔㄜ ㄒㄧㄥˊ,車行󠇡,U+8ECA U+884C U+E01E1,行:IVS+1,
車載斗量,ㄔㄜ ㄗㄞˋ ㄉㄡˇ ㄌㄧㄤˊ,ㄔㄜ ㄗㄞˋ ㄉㄡˇ ㄌㄧㄤˋ,車載斗量󠇡,U+8ECA U+8F09 U+6597 U+91CF U+E01E1,量:IVS+1,
差旅費,ㄔㄞ ㄌㄩˇ ㄈㄟˋ,ㄔㄚ ㄌㄩˇ ㄈㄟˋ,差󠇡旅費,U+5DEE U+E01E1 U+65C5 U+8CBB,差:IVS+1,
差遣,ㄔㄞ ㄑㄧㄢˇ,ㄔㄚ ㄑㄧㄢˇ,差󠇡遣,U+5DEE U+E01E1 U+9063,差:IVS+1,
差使,ㄔㄞ ㄕˇ,ㄔㄚ ㄕˇ,差󠇡使,U+5DEE U+E01E1 U+4F7F,差:IVS+1,
差事,ㄔㄞ ㄕˋ,ㄔㄚ ㄕˋ,差󠇡事,U+5DEE U+E01E1 U+4E8B,差:IVS+1,
抽調,ㄔㄡ ㄉㄧㄠˋ,ㄔㄡ ㄊㄧㄠˊ,抽調󠇡,U+62BD U+8ABF U+E01E1,調:IVS+1,
抽空,ㄔㄡ ㄎㄨㄥˋ,ㄔㄡ ㄎㄨㄥ,抽空󠇡,U+62BD U+7A7A U+E01E1,空:IVS+1,
綢繆,ㄔㄡˊ ㄇㄡˊ,ㄔㄡˊ ㄇㄧㄡˋ,綢繆󠇡,U+7DA2 U+7E46 U+E01E1,繆:IVS+1,
丑角,ㄔㄡˇ ㄐㄩㄝˊ,ㄔㄡˇ ㄐㄧㄠˇ,丑角󠇡,U+4E11 U+89D2 U+E01E1,角:IVS+1,
攙和,ㄔㄢ ㄏㄨㄛˋ,ㄔㄢ ㄏㄜˊ,攙和󠇣,U+6519 U+548C U+E01E3,和:IVS+3,
單于,ㄔㄢˊ ㄩˊ,ㄉㄢ ㄩˊ,單󠇢于,U+55AE U+E01E2 U+4E8E,單:IVS+2,
產假,ㄔㄢˇ ㄐㄧㄚˋ,ㄔㄢˇ ㄐㄧㄚˇ,產假󠇡,U+7522 U+5047 U+E01E1,假:IVS+1,
鏟子,ㄔㄢˇ ˙ㄗ,ㄔㄢˇ ㄗˇ,鏟子󠇡,U+93DF U+5B50 U+E01E1,子:IVS+1,
沉沒,ㄔㄣˊ ㄇㄛˋ,ㄔㄣˊ ㄇㄟˊ,沉沒󠇡,U+6C89 U+6C92 U+E01E1,沒:IVS+1,
沉悶,ㄔㄣˊ ㄇㄣˋ,ㄔㄣˊ ㄇㄣ,沉悶󠇡,U+6C89 U+60B6 U+E01E1,悶:IVS+1,
沉著,ㄔㄣˊ ㄓㄨㄛˊ,ㄔㄣˊ ˙ㄓㄜ,沉著󠇤,U+6C89 U+8457 U+E01E4,著:IVS+4,
陳腔濫調,ㄔㄣˊ ㄑㄧㄤ ㄌㄢˋ ㄉㄧㄠˋ,ㄔㄣˊ ㄑㄧㄤ ㄌㄢˋ ㄊㄧㄠˊ,陳腔濫調󠇡,U+9673 U+8154 U+6FEB U+8ABF U+E01E1,調:IVS+1,
陳陳相因,ㄔㄣˊ ㄔㄣˊ ㄒㄧㄤ ㄧㄣ,ㄔㄣˊ ㄔㄣˊ ㄒㄧㄤˋ ㄧㄣ,陳陳相󠇡因,U+9673 U+9673 U+76F8 U+E01E1 U+56E0,相:IVS+1,
昌盛,ㄔㄤ ㄕㄥˋ,ㄔㄤ ㄔㄥˊ,昌盛󠇡,U+660C U+76DB U+E01E1,盛:IVS+1,
長假,ㄔㄤˊ ㄐㄧㄚˋ,ㄔㄤˊ ㄐㄧㄚˇ,長假󠇡,U+9577 U+5047 U+E01E1,假:IVS+1,
長處,ㄔㄤˊ ㄔㄨˋ,ㄔㄤˊ ㄔㄨˇ,長處󠇡,U+9577 U+8655 U+E01E1,處:IVS+1,
償還,ㄔㄤˊ ㄏㄨㄢˊ,ㄔㄤˊ ㄏㄞˊ,償還󠇡,U+511F U+9084 U+E01E1,還:IVS+1,
腸子,ㄔㄤˊ ˙ㄗ,ㄔㄤˊ ㄗˇ,腸子󠇡,U+8178 U+5B50 U+E01E1,子:IVS+1,
場子,ㄔㄤˇ ˙ㄗ,ㄔㄤˇ ㄗˇ,場子󠇡,U+5834 U+5B50 U+E01E1,子:IVS+1,
廠長,ㄔㄤˇ ㄓㄤˇ,ㄔㄤˇ ㄔㄤˊ,廠長󠇡,U+5EE0 U+9577 U+E01E1,長:IVS+1,
唱反調,ㄔㄤˋ ㄈㄢˇ ㄉㄧㄠˋ,ㄔㄤˋ ㄈㄢˇ ㄊㄧㄠˊ,唱反調󠇡,U+5531 U+53CD U+8ABF U+E01E1,調:IVS+1,
唱獨角戲,ㄔㄤˋ ㄉㄨˊ ㄐㄩㄝˊ ㄒㄧˋ,ㄔㄤˋ ㄉㄨˊ ㄐㄧㄠˇ ㄒㄧˋ,唱獨角󠇡戲,U+5531 U+7368 U+89D2 U+E01E1 U+6232,角:IVS+1,
唱高調,ㄔㄤˋ ㄍㄠ ㄉㄧㄠˋ,ㄔㄤˋ ㄍㄠ ㄊㄧㄠˊ,唱高調󠇡,U+5531 U+9AD8 U+8ABF U+E01E1,調:IVS+1,
唱和,ㄔㄤˋ ㄏㄜˋ,ㄔㄤˋ ㄏㄜˊ,唱和󠇢,U+5531 U+548C U+E01E2,和:IVS+2,
成分,ㄔㄥˊ ㄈㄣˋ,ㄔㄥˊ ㄈㄣ,成分󠇡,U+6210 U+5206 U+E01E1,分:IVS+1,
成年累月,ㄔㄥˊ ㄋㄧㄢˊ ㄌㄟˇ ㄩㄝˋ,ㄔㄥˊ ㄋㄧㄢˊ ㄌㄟˋ ㄩㄝˋ,成年累󠇡月,U+6210 U+5E74 U+7D2F U+E01E1 U+6708,累:IVS+1,
成長,ㄔㄥˊ ㄓㄤˇ,ㄔㄥˊ ㄔㄤˊ,成長󠇡,U+6210 U+9577 U+E01E1,長:IVS+1,
成長率,ㄔㄥˊ ㄓㄤˇ ㄌㄩˋ,ㄔㄥˊ ㄔㄤˊ ㄌㄩˋ,成長󠇡率,U+6210 U+9577 U+E01E1 U+7387,長:IVS+1,
乘興,ㄔㄥˊ ㄒㄧㄥˋ,ㄔㄥˊ ㄒㄧㄥ,乘興󠇡,U+4E58 U+8208 U+E01E1,興:IVS+1,
稱心,ㄔㄥˋ ㄒㄧㄣ,ㄔㄥ ㄒㄧㄣ,稱󠇡心,U+7A31 U+E01E1 U+5FC3,稱:IVS+1,
稱心如意,ㄔㄥˋ ㄒㄧㄣ ㄖㄨˊ ㄧˋ,ㄔㄥ ㄒㄧㄣ ㄖㄨˊ ㄧˋ,稱󠇡心如意,U+7A31 U+E01E1 U+5FC3 U+5982 U+610F,稱:IVS+1,
稱職,ㄔㄥˋ ㄓˊ,ㄔㄥ ㄓˊ,稱󠇡職,U+7A31 U+E01E1 U+8077,稱:IVS+1,
稱身,ㄔㄥˋ ㄕㄣ,ㄔㄥ ㄕㄣ,稱󠇡身,U+7A31 U+E01E1 U+8EAB,稱:IVS+1,
出沒,ㄔㄨ ㄇㄛˋ,ㄔㄨ ㄇㄟˊ,出沒󠇡,U+51FA U+6C92 U+E01E1,沒:IVS+1,
出風頭,ㄔㄨ ㄈㄥ ˙ㄊㄡ,ㄔㄨ ㄈㄥ ㄊㄡˊ,出風頭󠇡,U+51FA U+98A8 U+982D U+E01E1,頭:IVS+1,
出點子,ㄔㄨ ㄉㄧㄢˇ ˙ㄗ,ㄔㄨ ㄉㄧㄢˇ ㄗˇ,出點子󠇡,U+51FA U+9EDE U+5B50 U+E01E1,子:IVS+1,
出公差,ㄔㄨ ㄍㄨㄥ ㄔㄞ,ㄔㄨ ㄍㄨㄥ ㄔㄚ,出公差󠇡,U+51FA U+516C U+5DEE U+E01E1,差:IVS+1,
出將入相,ㄔㄨ ㄐㄧㄤˋ ㄖㄨˋ ㄒㄧㄤˋ,ㄔㄨ ㄐㄧㄤ ㄖㄨˋ ㄒㄧㄤˋ,出將󠇡入相,U+51FA U+5C07 U+E01E1 U+5165 U+76F8,將:IVS+1,
出岔子,ㄔㄨ ㄔㄚˋ ˙ㄗ,ㄔㄨ ㄔㄚˋ ㄗˇ,出岔子󠇡,U+51FA U+5C94 U+5B50 U+E01E1,子:IVS+1,
出差,ㄔㄨ ㄔㄞ,ㄔㄨ ㄔㄚ,出差󠇡,U+51FA U+5DEE U+E01E1,差:IVS+1,
廚子,ㄔㄨˊ ˙ㄗ,ㄔㄨˊ ㄗˇ,廚子󠇡,U+5EDA U+5B50 U+E01E1,子:IVS+1,
鋤頭,ㄔㄨˊ ˙ㄊㄡ,ㄔㄨˊ ㄊㄡˊ,鋤頭󠇡,U+92E4 U+982D U+E01E1,頭:IVS+1,
處分,ㄔㄨˇ ㄈㄣˋ,ㄔㄨˇ ㄈㄣ,處分󠇡,U+8655 U+5206 U+E01E1,分:IVS+1,
楚囚相對,ㄔㄨˇ ㄑㄧㄡˊ ㄒㄧㄤ ㄉㄨㄟˋ,ㄔㄨˇ ㄑㄧㄡˊ ㄒㄧㄤˋ ㄉㄨㄟˋ,楚囚相󠇡對,U+695A U+56DA U+76F8 U+E01E1 U+5C0D,相:IVS+1,
礎潤而雨,ㄔㄨˇ ㄖㄨㄣˋ ㄦˊ ㄩˋ,ㄔㄨˇ ㄖㄨㄣˋ ㄦˊ ㄩˇ,礎潤而雨󠇡,U+790E U+6F64 U+800C U+96E8 U+E01E1,雨:IVS+1,
畜生,ㄔㄨˋ ㄕㄥ,ㄒㄩˋ ㄕㄥ,畜󠇡生,U+755C U+E01E1 U+751F,畜:IVS+1,
處長,ㄔㄨˋ ㄓㄤˇ,ㄔㄨˇ ㄔㄤˊ,處󠇡長󠇡,U+8655 U+E01E1 U+9577 U+E01E1,處:IVS+1; 長:IVS+1,
處處,ㄔㄨˋ ㄔㄨˋ,ㄔㄨˇ ㄔㄨˇ,處󠇡處󠇡,U+8655 U+E01E1 U+8655 U+E01E1,處:IVS+1; 處:IVS+1,
處所,ㄔㄨˋ ㄙㄨㄛˇ,ㄔㄨˇ ㄙㄨㄛˇ,處󠇡所,U+8655 U+E01E1 U+6240,處:IVS+1,
抓子兒,ㄔㄨㄚˇ ㄗˇ ㄦ,ㄓㄨㄚ ㄗˇ ㄦˊ,抓󠇡子兒󠇡,U+6293 U+E01E1 U+5B50 U+5152 U+E01E1,抓:IVS+1; 兒:IVS+1,
吹鬍子瞪眼,ㄔㄨㄟ ㄏㄨˊ ˙ㄗ ㄉㄥˋ ㄧㄢˇ,ㄔㄨㄟ ㄏㄨˊ ㄗˇ ㄉㄥˋ ㄧㄢˇ,吹鬍子󠇡瞪眼,U+5439 U+9B0D U+5B50 U+E01E1 U+77AA U+773C,子:IVS+1,
垂頭喪氣,ㄔㄨㄟˊ ㄊㄡˊ ㄙㄤˋ ㄑㄧˋ,ㄔㄨㄟˊ ㄊㄡˊ ㄙㄤ ㄑㄧˋ,垂頭喪󠇡氣,U+5782 U+982D U+55AA U+E01E1 U+6C23,喪:IVS+1,
垂簾聽政,ㄔㄨㄟˊ ㄌㄧㄢˊ ㄊㄧㄥˋ ㄓㄥˋ,ㄔㄨㄟˊ ㄌㄧㄢˊ ㄊㄧㄥ ㄓㄥˋ,垂簾聽󠇡政,U+5782 U+7C3E U+807D U+E01E1 U+653F,聽:IVS+1,
垂死掙扎,ㄔㄨㄟˊ ㄙˇ ㄓㄥ ㄓㄚˊ,ㄔㄨㄟˊ ㄙˇ ㄓㄥ ㄓㄚ,垂死掙扎󠇡,U+5782 U+6B7B U+6399 U+624E U+E01E1,扎:IVS+1,
槌子,ㄔㄨㄟˊ ˙ㄗ,ㄔㄨㄟˊ ㄗˇ,槌子󠇡,U+69CC U+5B50 U+E01E1,子:IVS+1,
穿著,ㄔㄨㄢ ㄓㄨㄛˊ,ㄔㄨㄢ ˙ㄓㄜ,穿著󠇤,U+7A7F U+8457 U+E01E4,著:IVS+4,
船長,ㄔㄨㄢˊ ㄓㄤˇ,ㄔㄨㄢˊ ㄔㄤˊ,船長󠇡,U+8239 U+9577 U+E01E1,長:IVS+1,
串門子,ㄔㄨㄢˋ ㄇㄣˊ ˙ㄗ,ㄔㄨㄢˋ ㄇㄣˊ ㄗˇ,串門子󠇡,U+4E32 U+9580 U+5B50 U+E01E1,子:IVS+1,
春華,ㄔㄨㄣ ㄏㄨㄚ,ㄔㄨㄣ ㄏㄨㄚˊ,春華󠇡,U+6625 U+83EF U+E01E1,華:IVS+1,
春假,ㄔㄨㄣ ㄐㄧㄚˋ,ㄔㄨㄣ ㄐㄧㄚˇ,春假󠇡,U+6625 U+5047 U+E01E1,假:IVS+1,
屯留縣,ㄔㄨㄣˊ ㄌㄧㄡˊ ㄒㄧㄢˋ,ㄊㄨㄣˊ ㄌㄧㄡˊ ㄒㄧㄢˋ,屯󠇢留縣,U+5C6F U+E01E2 U+7559 U+7E23,屯:IVS+2,
創痛,ㄔㄨㄤ ㄊㄨㄥˋ,ㄔㄨㄤˋ ㄊㄨㄥˋ,創󠇡痛,U+5275 U+E01E1 U+75DB,創:IVS+1,
創口,ㄔㄨㄤ ㄎㄡˇ,ㄔㄨㄤˋ ㄎㄡˇ,創󠇡口,U+5275 U+E01E1 U+53E3,創:IVS+1,
創痕,ㄔㄨㄤ ㄏㄣˊ,ㄔㄨㄤˋ ㄏㄣˊ,創󠇡痕,U+5275 U+E01E1 U+75D5,創:IVS+1,
創傷,ㄔㄨㄤ ㄕㄤ,ㄔㄨㄤˋ ㄕㄤ,創󠇡傷,U+5275 U+E01E1 U+50B7,創:IVS+1,
床鋪,ㄔㄨㄤˊ ㄆㄨˋ,ㄔㄨㄤˊ ㄆㄨ,床鋪󠇡,U+5E8A U+92EA U+E01E1,鋪:IVS+1,
充分,ㄔㄨㄥ ㄈㄣˋ,ㄔㄨㄥ ㄈㄣ,充分󠇡,U+5145 U+5206 U+E01E1,分:IVS+1,
充塞,ㄔㄨㄥ ㄙㄜˋ,ㄔㄨㄥ ㄙㄞ,充塞󠇡,U+5145 U+585E U+E01E1,塞:IVS+1,
蟲子,ㄔㄨㄥˊ ˙ㄗ,ㄔㄨㄥˊ ㄗˇ,蟲子󠇡,U+87F2 U+5B50 U+E01E1,子:IVS+1,
重播,ㄔㄨㄥˊ ㄅㄛˋ,ㄓㄨㄥˋ ㄅㄛˋ,重󠇡播,U+91CD U+E01E1 U+64AD,重:IVS+1,
重門深鎖,ㄔㄨㄥˊ ㄇㄣˊ ㄕㄣ ㄙㄨㄛˇ,ㄓㄨㄥˋ ㄇㄣˊ ㄕㄣ ㄙㄨㄛˇ,重󠇡門深鎖,U+91CD U+E01E1 U+9580 U+6DF1 U+9396,重:IVS+1,
重返,ㄔㄨㄥˊ ㄈㄢˇ,ㄓㄨㄥˋ ㄈㄢˇ,重󠇡返,U+91CD U+E01E1 U+8FD4,重:IVS+1,
重逢,ㄔㄨㄥˊ ㄈㄥˊ,ㄓㄨㄥˋ ㄈㄥˊ,重󠇡逢,U+91CD U+E01E1 U+9022,重:IVS+1,
重複,ㄔㄨㄥˊ ㄈㄨˋ,ㄓㄨㄥˋ ㄈㄨˋ,重󠇡複,U+91CD U+E01E1 U+8907,重:IVS+1,
重蹈覆轍,ㄔㄨㄥˊ ㄉㄠˋ ㄈㄨˋ ㄔㄜˋ,ㄓㄨㄥˋ ㄉㄠˋ ㄈㄨˋ ㄔㄜˋ,重󠇡蹈覆轍,U+91CD U+E01E1 U+8E48 U+8986 U+8F4D,重:IVS+1,
重疊,ㄔㄨㄥˊ ㄉㄧㄝˊ,ㄓㄨㄥˋ ㄉㄧㄝˊ,重󠇡疊,U+91CD U+E01E1 U+758A,重:IVS+1,
重貼現率,ㄔㄨㄥˊ ㄊㄧㄝ ㄒㄧㄢˋ ㄌㄩˋ,ㄓㄨㄥˋ ㄊㄧㄝ ㄒㄧㄢˋ ㄌㄩˋ,重󠇡貼現率,U+91CD U+E01E1 U+8CBC U+73FE U+7387,重:IVS+1,
重考,ㄔㄨㄥˊ ㄎㄠˇ,ㄓㄨㄥˋ ㄎㄠˇ,重󠇡考,U+91CD U+E01E1 U+8003,重:IVS+1,
重劃,ㄔㄨㄥˊ ㄏㄨㄚˋ,ㄓㄨㄥˋ ㄏㄨㄚˋ,重󠇡劃,U+91CD U+E01E1 U+5283,重:IVS+1,
重婚,ㄔㄨㄥˊ ㄏㄨㄣ,ㄓㄨㄥˋ ㄏㄨㄣ,重󠇡婚,U+91CD U+E01E1 U+5A5A,重:IVS+1,
重九,ㄔㄨㄥˊ ㄐㄧㄡˇ,ㄓㄨㄥˋ ㄐㄧㄡˇ,重󠇡九,U+91CD U+E01E1 U+4E5D,重:IVS+1,
重見天日,ㄔㄨㄥˊ ㄐㄧㄢˋ ㄊㄧㄢ ㄖˋ,ㄓㄨㄥˋ ㄐㄧㄢˋ ㄊㄧㄢ ㄖˋ,重󠇡見天日,U+91CD U+E01E1 U+898B U+5929 U+65E5,重:IVS+1,
重修,ㄔㄨㄥˊ ㄒㄧㄡ,ㄓㄨㄥˋ ㄒㄧㄡ,重󠇡修,U+91CD U+E01E1 U+4FEE,重:IVS+1,
重修舊好,ㄔㄨㄥˊ ㄒㄧㄡ ㄐㄧㄡˋ ㄏㄠˇ,ㄓㄨㄥˋ ㄒㄧㄡ ㄐㄧㄡˋ ㄏㄠˇ,重󠇡修舊好,U+91CD U+E01E1 U+4FEE U+820A U+597D,重:IVS+1,
重現江湖,ㄔㄨㄥˊ ㄒㄧㄢˋ ㄐㄧㄤ ㄏㄨˊ,ㄓㄨㄥˋ ㄒㄧㄢˋ ㄐㄧㄤ ㄏㄨˊ,重󠇡現江湖,U+91CD U+E01E1 U+73FE U+6C5F U+6E56,重:IVS+1,
重新,ㄔㄨㄥˊ ㄒㄧㄣ,ㄓㄨㄥˋ ㄒㄧㄣ,重󠇡新,U+91CD U+E01E1 U+65B0,重:IVS+1,
重振,ㄔㄨㄥˊ ㄓㄣˋ,ㄓㄨㄥˋ ㄓㄣˋ,重󠇡振,U+91CD U+E01E1 U+632F,重:IVS+1,
重振旗鼓,ㄔㄨㄥˊ ㄓㄣˋ ㄑㄧˊ ㄍㄨˇ,ㄓㄨㄥˋ ㄓㄣˋ ㄑㄧˊ ㄍㄨˇ,重󠇡振旗鼓,U+91CD U+E01E1 U+632F U+65D7 U+9F13,重:IVS+1,
重振雄風,ㄔㄨㄥˊ ㄓㄣˋ ㄒㄩㄥˊ ㄈㄥ,ㄓㄨㄥˋ ㄓㄣˋ ㄒㄩㄥˊ ㄈㄥ,重󠇡振雄風,U+91CD U+E01E1 U+632F U+96C4 U+98A8,重:IVS+1,
重整,ㄔㄨㄥˊ ㄓㄥˇ,ㄓㄨㄥˋ ㄓㄥˇ,重󠇡整,U+91CD U+E01E1 U+6574,重:IVS+1,
重整旗鼓,ㄔㄨㄥˊ ㄓㄥˇ ㄑㄧˊ ㄍㄨˇ,ㄓㄨㄥˋ ㄓㄥˇ ㄑㄧˊ ㄍㄨˇ,重󠇡整旗鼓,U+91CD U+E01E1 U+6574 U+65D7 U+9F13,重:IVS+1,
重重,ㄔㄨㄥˊ ㄔㄨㄥˊ,ㄓㄨㄥˋ ㄓㄨㄥˋ,重󠇡重󠇡,U+91CD U+E01E1 U+91CD U+E01E1,重:IVS+1; 重:IVS+1,
重申,ㄔㄨㄥˊ ㄕㄣ,ㄓㄨㄥˋ ㄕㄣ,重󠇡申,U+91CD U+E01E1 U+7533,重:IVS+1,
重生,ㄔㄨㄥˊ ㄕㄥ,ㄓㄨㄥˋ ㄕㄥ,重󠇡生,U+91CD U+E01E1 U+751F,重:IVS+1,
重奏,ㄔㄨㄥˊ ㄗㄡˋ,ㄓㄨㄥˋ ㄗㄡˋ,重󠇡奏,U+91CD U+E01E1 U+594F,重:IVS+1,
重組,ㄔㄨㄥˊ ㄗㄨˇ,ㄓㄨㄥˋ ㄗㄨˇ,重󠇡組,U+91CD U+E01E1 U+7D44,重:IVS+1,
重作馮婦,ㄔㄨㄥˊ ㄗㄨㄛˋ ㄈㄥˊ ㄈㄨˋ,ㄓㄨㄥˋ ㄗㄨㄛˋ ㄈㄥˊ ㄈㄨˋ,重󠇡作馮婦,U+91CD U+E01E1 U+4F5C U+99AE U+5A66,重:IVS+1,
重操舊業,ㄔㄨㄥˊ ㄘㄠ ㄐㄧㄡˋ ㄧㄝˋ,ㄓㄨㄥˋ ㄘㄠ ㄐㄧㄡˋ ㄧㄝˋ,重󠇡操舊業,U+91CD U+E01E1 U+64CD U+820A U+696D,重:IVS+1,
重演,ㄔㄨㄥˊ ㄧㄢˇ,ㄓㄨㄥˋ ㄧㄢˇ,重󠇡演,U+91CD U+E01E1 U+6F14,重:IVS+1,
重陽,ㄔㄨㄥˊ ㄧㄤˊ,ㄓㄨㄥˋ ㄧㄤˊ,重󠇡陽,U+91CD U+E01E1 U+967D,重:IVS+1,
重圍,ㄔㄨㄥˊ ㄨㄟˊ,ㄓㄨㄥˋ ㄨㄟˊ,重󠇡圍,U+91CD U+E01E1 U+570D,重:IVS+1,
重溫舊夢,ㄔㄨㄥˊ ㄨㄣ ㄐㄧㄡˋ ㄇㄥˋ,ㄓㄨㄥˋ ㄨㄣ ㄐㄧㄡˋ ㄇㄥˋ,重󠇡溫舊夢,U+91CD U+E01E1 U+6EAB U+820A U+5922,重:IVS+1,
失當,ㄕ ㄉㄤˋ,ㄕ ㄉㄤ,失當󠇡,U+5931 U+7576 U+E01E1,當:IVS+1,
師長,ㄕ ㄓㄤˇ,ㄕ ㄔㄤˊ,師長󠇡,U+5E2B U+9577 U+E01E1,長:IVS+1,
獅子,ㄕ ˙ㄗ,ㄕ ㄗˇ,獅子󠇡,U+7345 U+5B50 U+E01E1,子:IVS+1,
溼答答,ㄕ ㄉㄚ ㄉㄚ,ㄕ ㄉㄚˊ ㄉㄚˊ,溼答󠇡答󠇡,U+6EBC U+7B54 U+E01E1 U+7B54 U+E01E1,答:IVS+1; 答:IVS+1,
蝨子,ㄕ ˙ㄗ,ㄕ ㄗˇ,蝨子󠇡,U+8768 U+5B50 U+E01E1,子:IVS+1,
十四行詩,ㄕˊ ㄙˋ ㄏㄤˊ ㄕ,ㄕˊ ㄙˋ ㄒㄧㄥˊ ㄕ,十四行󠇡詩,U+5341 U+56DB U+884C U+E01E1 U+8A69,行:IVS+1,
什錦,ㄕˊ ㄐㄧㄣˇ,ㄕㄣˊ ㄐㄧㄣˇ,什󠇡錦,U+4EC0 U+E01E1 U+9326,什:IVS+1,
什物,ㄕˊ ㄨˋ,ㄕㄣˊ ㄨˋ,什󠇡物,U+4EC0 U+E01E1 U+7269,什:IVS+1,
石磨,ㄕˊ ㄇㄛˋ,ㄕˊ ㄇㄛˊ,石磨󠇡,U+77F3 U+78E8 U+E01E1,磨:IVS+1,
石頭,ㄕˊ ˙ㄊㄡ,ㄕˊ ㄊㄡˊ,石頭󠇡,U+77F3 U+982D U+E01E1,頭:IVS+1,
使性子,ㄕˇ ㄒㄧㄥˋ ˙ㄗ,ㄕˇ ㄒㄧㄥˋ ㄗˇ,使性子󠇡,U+4F7F U+6027 U+5B50 U+E01E1,子:IVS+1,
市長,ㄕˋ ㄓㄤˇ,ㄕˋ ㄔㄤˊ,市長󠇡,U+5E02 U+9577 U+E01E1,長:IVS+1,
市場調查,ㄕˋ ㄔㄤˇ ㄉㄧㄠˋ ㄔㄚˊ,ㄕˋ ㄔㄤˇ ㄊㄧㄠˊ ㄔㄚˊ,市場調󠇡查,U+5E02 U+5834 U+8ABF U+E01E1 U+67E5,調:IVS+1,
柿子,ㄕˋ ˙ㄗ,ㄕˋ ㄗˇ,柿子󠇡,U+67FF U+5B50 U+E01E1,子:IVS+1,
式子,ㄕˋ ˙ㄗ,ㄕˋ ㄗˇ,式子󠇡,U+5F0F U+5B50 U+E01E1,子:IVS+1,
侍從,ㄕˋ ㄗㄨㄥˋ,ㄕˋ ㄘㄨㄥˊ,侍從󠇡,U+4F8D U+5F9E U+E01E1,從:IVS+1,
侍應生,ㄕˋ ㄧㄥˋ ㄕㄥ,ㄕˋ ㄧㄥ ㄕㄥ,侍應󠇡生,U+4F8D U+61C9 U+E01E1 U+751F,應:IVS+1,
室內樂,ㄕˋ ㄋㄟˋ ㄩㄝˋ,ㄕˋ ㄋㄟˋ ㄌㄜˋ,室內樂󠇡,U+5BA4 U+5167 U+6A02 U+E01E1,樂:IVS+1,
是非曲直,ㄕˋ ㄈㄟ ㄑㄩ ㄓˊ,ㄕˋ ㄈㄟ ㄑㄩˇ ㄓˊ,是非曲󠇡直,U+662F U+975E U+66F2 U+E01E1 U+76F4,曲:IVS+1,
嗜好,ㄕˋ ㄏㄠˋ,ㄕˋ ㄏㄠˇ,嗜好󠇡,U+55DC U+597D U+E01E1,好:IVS+1,
適當,ㄕˋ ㄉㄤˋ,ㄕˋ ㄉㄤ,適當󠇡,U+9069 U+7576 U+E01E1,當:IVS+1,
適切,ㄕˋ ㄑㄧㄝˋ,ㄕˋ ㄑㄧㄝ,適切󠇡,U+9069 U+5207 U+E01E1,切:IVS+1,
適應,ㄕˋ ㄧㄥˋ,ㄕˋ ㄧㄥ,適應󠇡,U+9069 U+61C9 U+E01E1,應:IVS+1,
沙子,ㄕㄚ ˙ㄗ,ㄕㄚ ㄗˇ,沙子󠇡,U+6C99 U+5B50 U+E01E1,子:IVS+1,
殺出重圍,ㄕㄚ ㄔㄨ ㄔㄨㄥˊ ㄨㄟˊ,ㄕㄚ ㄔㄨ ㄓㄨㄥˋ ㄨㄟˊ,殺出重󠇡圍,U+6BBA U+51FA U+91CD U+E01E1 U+570D,重:IVS+1,
煞住,ㄕㄚ ㄓㄨˋ,ㄕㄚˋ ㄓㄨˋ,煞󠇡住,U+715E U+E01E1 U+4F4F,煞:IVS+1,
煞車,ㄕㄚ ㄔㄜ,ㄕㄚˋ ㄔㄜ,煞󠇡車,U+715E U+E01E1 U+8ECA,煞:IVS+1,
煞尾,ㄕㄚ ㄨㄟˇ,ㄕㄚˋ ㄨㄟˇ,煞󠇡尾,U+715E U+E01E1 U+5C3E,煞:IVS+1,
傻小子,ㄕㄚˇ ㄒㄧㄠˇ ˙ㄗ,ㄕㄚˇ ㄒㄧㄠˇ ㄗˇ,傻小子󠇡,U+50BB U+5C0F U+5B50 U+E01E1,子:IVS+1,
傻子,ㄕㄚˇ ˙ㄗ,ㄕㄚˇ ㄗˇ,傻子󠇡,U+50BB U+5B50 U+E01E1,子:IVS+1,
舌苔,ㄕㄜˊ ㄊㄞ,ㄕㄜˊ ㄊㄞˊ,舌苔󠇡,U+820C U+82D4 U+E01E1,苔:IVS+1,
舌頭,ㄕㄜˊ ˙ㄊㄡ,ㄕㄜˊ ㄊㄡˊ,舌頭󠇡,U+820C U+982D U+E01E1,頭:IVS+1,
舍我其誰,ㄕㄜˇ ㄨㄛˇ ㄑㄧˊ ㄕㄟˊ,ㄕㄜˋ ㄨㄛˇ ㄑㄧˊ ㄕㄟˊ,舍󠇡我其誰,U+820D U+E01E1 U+6211 U+5176 U+8AB0,舍:IVS+1,
捨不得,ㄕㄜˇ ㄅㄨˋ ˙ㄉㄜ,ㄕㄜˇ ㄅㄨˋ ㄉㄜˊ,捨不得󠇡,U+6368 U+4E0D U+5F97 U+E01E1,得:IVS+1,
捨得,ㄕㄜˇ ˙ㄉㄜ,ㄕㄜˇ ㄉㄜˊ,捨得󠇡,U+6368 U+5F97 U+E01E1,得:IVS+1,
拾級而上,ㄕㄜˋ ㄐㄧˊ ㄦˊ ㄕㄤˋ,ㄕˊ ㄐㄧˊ ㄦˊ ㄕㄤˋ,拾󠇡級而上,U+62FE U+E01E1 U+7D1A U+800C U+4E0A,拾:IVS+1,
葉縣,ㄕㄜˋ ㄒㄧㄢˋ,ㄧㄝˋ ㄒㄧㄢˋ,葉󠇡縣,U+8449 U+E01E1 U+7E23,葉:IVS+1,
色子,ㄕㄞˇ ˙ㄗ,ㄙㄜˋ ㄗˇ,色󠇡子󠇡,U+8272 U+E01E1 U+5B50 U+E01E1,色:IVS+1; 子:IVS+1,
勺子,ㄕㄠˊ ˙ㄗ,ㄕㄠˊ ㄗˇ,勺子󠇡,U+52FA U+5B50 U+E01E1,子:IVS+1,
少不更事,ㄕㄠˋ ㄅㄨˋ ㄍㄥ ㄕˋ,ㄕㄠˇ ㄅㄨˋ ㄍㄥˋ ㄕˋ,少󠇡不更󠇡事,U+5C11 U+E01E1 U+4E0D U+66F4 U+E01E1 U+4E8B,少:IVS+1; 更:IVS+1,
少婦,ㄕㄠˋ ㄈㄨˋ,ㄕㄠˇ ㄈㄨˋ,少󠇡婦,U+5C11 U+E01E1 U+5A66,少:IVS+1,
少奶奶,ㄕㄠˋ ㄋㄞˇ ˙ㄋㄞ,ㄕㄠˇ ㄋㄞˇ ㄋㄞˇ,少󠇡奶奶󠇡,U+5C11 U+E01E1 U+5976 U+5976 U+E01E1,少:IVS+1; 奶:IVS+1,
少年,ㄕㄠˋ ㄋㄧㄢˊ,ㄕㄠˇ ㄋㄧㄢˊ,少󠇡年,U+5C11 U+E01E1 U+5E74,少:IVS+1,
少年法庭,ㄕㄠˋ ㄋㄧㄢˊ ㄈㄚˇ ㄊㄧㄥˊ,ㄕㄠˇ ㄋㄧㄢˊ ㄈㄚˇ ㄊㄧㄥˊ,少󠇡年法庭,U+5C11 U+E01E1 U+5E74 U+6CD5 U+5EAD,少:IVS+1,
少年老成,ㄕㄠˋ ㄋㄧㄢˊ ㄌㄠˇ ㄔㄥˊ,ㄕㄠˇ ㄋㄧㄢˊ ㄌㄠˇ ㄔㄥˊ,少󠇡年老成,U+5C11 U+E01E1 U+5E74 U+8001 U+6210,少:IVS+1,
少女,ㄕㄠˋ ㄋㄩˇ,ㄕㄠˇ ㄋㄩˇ,少󠇡女,U+5C11 U+E01E1 U+5973,少:IVS+1,
少女情懷,ㄕㄠˋ ㄋㄩˇ ㄑㄧㄥˊ ㄏㄨㄞˊ,ㄕㄠˇ ㄋㄩˇ ㄑㄧㄥˊ ㄏㄨㄞˊ,少󠇡女情懷,U+5C11 U+E01E1 U+5973 U+60C5 U+61F7,少:IVS+1,
少林拳,ㄕㄠˋ ㄌㄧㄣˊ ㄑㄩㄢˊ,ㄕㄠˇ ㄌㄧㄣˊ ㄑㄩㄢˊ,少󠇡林拳,U+5C11 U+E01E1 U+6797 U+62F3,少:IVS+1,
少小,ㄕㄠˋ ㄒㄧㄠˇ,ㄕㄠˇ ㄒㄧㄠˇ,少󠇡小,U+5C11 U+E01E1 U+5C0F,少:IVS+1,
少壯,ㄕㄠˋ ㄓㄨㄤˋ,ㄕㄠˇ ㄓㄨㄤˋ,少󠇡壯,U+5C11 U+E01E1 U+58EF,少:IVS+1,
少時,ㄕㄠˋ ㄕˊ,ㄕㄠˇ ㄕˊ,少󠇡時,U+5C11 U+E01E1 U+6642,少:IVS+1,
少爺,ㄕㄠˋ ㄧㄝˊ,ㄕㄠˇ ㄧㄝˊ,少󠇡爺,U+5C11 U+E01E1 U+723A,少:IVS+1,
哨子,ㄕㄠˋ ˙ㄗ,ㄕㄠˋ ㄗˇ,哨子󠇡,U+54E8 U+5B50 U+E01E1,子:IVS+1,
手把,ㄕㄡˇ ㄅㄚˋ,ㄕㄡˇ ㄅㄚˇ,手把󠇡,U+624B U+628A U+E01E1,把:IVS+1,
守分,ㄕㄡˇ ㄈㄣˋ,ㄕㄡˇ ㄈㄣ,守分󠇡,U+5B88 U+5206 U+E01E1,分:IVS+1,
守正不阿,ㄕㄡˇ ㄓㄥˋ ㄅㄨˋ ㄜ,ㄕㄡˇ ㄓㄥˋ ㄅㄨˋ ㄚ,守正不阿󠇡,U+5B88 U+6B63 U+4E0D U+963F U+E01E1,阿:IVS+1,
守望相助,ㄕㄡˇ ㄨㄤˋ ㄒㄧㄤ ㄓㄨˋ,ㄕㄡˇ ㄨㄤˋ ㄒㄧㄤˋ ㄓㄨˋ,守望相󠇡助,U+5B88 U+671B U+76F8 U+E01E1 U+52A9,相:IVS+1,
首都,ㄕㄡˇ ㄉㄨ,ㄕㄡˇ ㄉㄡ,首都󠇡,U+9996 U+90FD U+E01E1,都:IVS+1,
首長,ㄕㄡˇ ㄓㄤˇ,ㄕㄡˇ ㄔㄤˊ,首長󠇡,U+9996 U+9577 U+E01E1,長:IVS+1,
受不了,ㄕㄡˋ ㄅㄨˋ ㄌㄧㄠˇ,ㄕㄡˋ ㄅㄨˋ ˙ㄌㄜ,受不了󠇡,U+53D7 U+4E0D U+4E86 U+E01E1,了:IVS+1,
受難,ㄕㄡˋ ㄋㄢˋ,ㄕㄡˋ ㄋㄢˊ,受難󠇡,U+53D7 U+96E3 U+E01E1,難:IVS+1,
瘦削,ㄕㄡˋ ㄒㄩㄝˋ,ㄕㄡˋ ㄒㄧㄠ,瘦削󠇡,U+7626 U+524A U+E01E1,削:IVS+1,
瘦子,ㄕㄡˋ ˙ㄗ,ㄕㄡˋ ㄗˇ,瘦子󠇡,U+7626 U+5B50 U+E01E1,子:IVS+1,
山難,ㄕㄢ ㄋㄢˋ,ㄕㄢ ㄋㄢˊ,山難󠇡,U+5C71 U+96E3 U+E01E1,難:IVS+1,
山重水複,ㄕㄢ ㄔㄨㄥˊ ㄕㄨㄟˇ ㄈㄨˋ,ㄕㄢ ㄓㄨㄥˋ ㄕㄨㄟˇ ㄈㄨˋ,山重󠇡水複,U+5C71 U+91CD U+E01E1 U+6C34 U+8907,重:IVS+1,
扇子,ㄕㄢˋ ˙ㄗ,ㄕㄢˋ ㄗˇ,扇子󠇡,U+6247 U+5B50 U+E01E1,子:IVS+1,
單縣,ㄕㄢˋ ㄒㄧㄢˋ,ㄉㄢ ㄒㄧㄢˋ,單󠇡縣,U+55AE U+E01E1 U+7E23,單:IVS+1,
撣人,ㄕㄢˋ ㄖㄣˊ,ㄉㄢˇ ㄖㄣˊ,撣󠇡人,U+64A3 U+E01E1 U+4EBA,撣:IVS+1,
禪讓,ㄕㄢˋ ㄖㄤˋ,ㄔㄢˊ ㄖㄤˋ,禪󠇡讓,U+79AA U+E01E1 U+8B93,禪:IVS+1,
伸縮縫,ㄕㄣ ㄙㄨㄛ ㄈㄥˋ,ㄕㄣ ㄙㄨㄛ ㄈㄥˊ,伸縮縫󠇡,U+4F38 U+7E2E U+7E2B U+E01E1,縫:IVS+1,
身分,ㄕㄣ ㄈㄣˋ,ㄕㄣ ㄈㄣ,身分󠇡,U+8EAB U+5206 U+E01E1,分:IVS+1,
身分證,ㄕㄣ ㄈㄣˋ ㄓㄥˋ,ㄕㄣ ㄈㄣ ㄓㄥˋ,身分󠇡證,U+8EAB U+5206 U+E01E1 U+8B49,分:IVS+1,
身子,ㄕㄣ ˙ㄗ,ㄕㄣ ㄗˇ,身子󠇡,U+8EAB U+5B50 U+E01E1,子:IVS+1,
深更半夜,ㄕㄣ ㄍㄥ ㄅㄢˋ ㄧㄝˋ,ㄕㄣ ㄍㄥˋ ㄅㄢˋ ㄧㄝˋ,深更󠇡半夜,U+6DF1 U+66F4 U+E01E1 U+534A U+591C,更:IVS+1,
深切,ㄕㄣ ㄑㄧㄝˋ,ㄕㄣ ㄑㄧㄝ,深切󠇡,U+6DF1 U+5207 U+E01E1,切:IVS+1,
深藏不露,ㄕㄣ ㄘㄤˊ ㄅㄨˋ ㄌㄡˋ,ㄕㄣ ㄘㄤˊ ㄅㄨˋ ㄌㄨˋ,深藏不露󠇡,U+6DF1 U+85CF U+4E0D U+9732 U+E01E1,露:IVS+1,
深惡痛絕,ㄕㄣ ㄨˋ ㄊㄨㄥˋ ㄐㄩㄝˊ,ㄕㄣ ㄜˋ ㄊㄨㄥˋ ㄐㄩㄝˊ,深惡󠇡痛絕,U+6DF1 U+60E1 U+E01E1 U+75DB U+7D55,惡:IVS+1,
莘莘學子,ㄕㄣ ㄕㄣ ㄒㄩㄝˊ ㄗˇ,ㄒㄧㄣ ㄒㄧㄣ ㄒㄩㄝˊ ㄗˇ,莘󠇡莘󠇡學子,U+8398 U+E01E1 U+8398 U+E01E1 U+5B78 U+5B50,莘:IVS+1; 莘:IVS+1,
甚麼,ㄕㄣˊ ˙ㄇㄜ,ㄕㄣˋ ˙ㄇㄜ,甚󠇡麼,U+751A U+E01E1 U+9EBC,甚:IVS+1,
神魂顛倒,ㄕㄣˊ ㄏㄨㄣˊ ㄉㄧㄢ ㄉㄠˇ,ㄕㄣˊ ㄏㄨㄣˊ ㄉㄧㄢ ㄉㄠˋ,神魂顛倒󠇡,U+795E U+9B42 U+985B U+5012 U+E01E1,倒:IVS+1,
神差鬼使,ㄕㄣˊ ㄔㄞ ㄍㄨㄟˇ ㄕˇ,ㄕㄣˊ ㄔㄚ ㄍㄨㄟˇ ㄕˇ,神差󠇡鬼使,U+795E U+5DEE U+E01E1 U+9B3C U+4F7F,差:IVS+1,
神出鬼沒,ㄕㄣˊ ㄔㄨ ㄍㄨㄟˇ ㄇㄛˋ,ㄕㄣˊ ㄔㄨ ㄍㄨㄟˇ ㄇㄟˊ,神出鬼沒󠇡,U+795E U+51FA U+9B3C U+6C92 U+E01E1,沒:IVS+1,
神荼鬱壘,ㄕㄣˊ ㄕㄨ ㄩˋ ㄌㄩˋ,ㄕㄣˊ ㄊㄨˊ ㄩˋ ㄌㄟˇ,神荼󠇡鬱壘󠇡,U+795E U+837C U+E01E1 U+9B31 U+58D8 U+E01E1,荼:IVS+1; 壘:IVS+1,
嬸嬸,ㄕㄣˇ ˙ㄕㄣ,ㄕㄣˇ ㄕㄣˇ,嬸嬸󠇡,U+5B38 U+5B38 U+E01E1,嬸:IVS+1,
商量,ㄕㄤ ㄌㄧㄤˊ,ㄕㄤ ㄌㄧㄤˋ,商量󠇡,U+5546 U+91CF U+E01E1,量:IVS+1,
商行,ㄕㄤ ㄏㄤˊ,ㄕㄤ ㄒㄧㄥˊ,商行󠇡,U+5546 U+884C U+E01E1,行:IVS+1,
湯湯,ㄕㄤ ㄕㄤ,ㄊㄤ ㄊㄤ,湯󠇡湯󠇡,U+6E6F U+E01E1 U+6E6F U+E01E1,湯:IVS+1; 湯:IVS+1,
傷痕累累,ㄕㄤ ㄏㄣˊ ㄌㄟˇ ㄌㄟˇ,ㄕㄤ ㄏㄣˊ ㄌㄟˋ ㄌㄟˋ,傷痕累󠇡累󠇡,U+50B7 U+75D5 U+7D2F U+E01E1 U+7D2F U+E01E1,累:IVS+1; 累:IVS+1,
上聲,ㄕㄤˇ ㄕㄥ,ㄕㄤˋ ㄕㄥ,上󠇡聲,U+4E0A U+E01E1 U+8072,上:IVS+1,
晌午,ㄕㄤˇ ˙ㄏㄨㄛ,ㄕㄤˇ ㄨˇ,晌午󠇡,U+664C U+5348 U+E01E1,午:IVS+1,
上輩子,ㄕㄤˋ ㄅㄟˋ ˙ㄗ,ㄕㄤˋ ㄅㄟˋ ㄗˇ,上輩子󠇡,U+4E0A U+8F29 U+5B50 U+E01E1,子:IVS+1,
上當,ㄕㄤˋ ㄉㄤˋ,ㄕㄤˋ ㄉㄤ,上當󠇡,U+4E0A U+7576 U+E01E1,當:IVS+1,
上頭,ㄕㄤˋ ˙ㄊㄡ,ㄕㄤˋ ㄊㄡˊ,上頭󠇡,U+4E0A U+982D U+E01E1,頭:IVS+1,
上吐下瀉,ㄕㄤˋ ㄊㄨˋ ㄒㄧㄚˋ ㄒㄧㄝˋ,ㄕㄤˋ ㄊㄨˇ ㄒㄧㄚˋ ㄒㄧㄝˋ,上吐󠇡下瀉,U+4E0A U+5410 U+E01E1 U+4E0B U+7009,吐:IVS+1,
上館子,ㄕㄤˋ ㄍㄨㄢˇ ˙ㄗ,ㄕㄤˋ ㄍㄨㄢˇ ㄗˇ,上館子󠇡,U+4E0A U+9928 U+5B50 U+E01E1,子:IVS+1,
上將,ㄕㄤˋ ㄐㄧㄤˋ,ㄕㄤˋ ㄐㄧㄤ,上將󠇡,U+4E0A U+5C07 U+E01E1,將:IVS+1,
上乘,ㄕㄤˋ ㄕㄥˋ,ㄕㄤˋ ㄔㄥˊ,上乘󠇡,U+4E0A U+4E58 U+E01E1,乘:IVS+1,
生還,ㄕㄥ ㄏㄨㄢˊ,ㄕㄥ ㄏㄞˊ,生還󠇡,U+751F U+9084 U+E01E1,還:IVS+1,
生長,ㄕㄥ ㄓㄤˇ,ㄕㄥ ㄔㄤˊ,生長󠇡,U+751F U+9577 U+E01E1,長:IVS+1,
牲畜,ㄕㄥ ㄔㄨˋ,ㄕㄥ ㄒㄩˋ,牲畜󠇡,U+7272 U+755C U+E01E1,畜:IVS+1,
勝任,ㄕㄥ ㄖㄣˋ,ㄕㄥˋ ㄖㄣˋ,勝󠇡任,U+52DD U+E01E1 U+4EFB,勝:IVS+1,
聲名狼藉,ㄕㄥ ㄇㄧㄥˊ ㄌㄤˊ ㄐㄧˊ,ㄕㄥ ㄇㄧㄥˊ ㄌㄤˊ ㄐㄧㄝˋ,聲名狼藉󠇡,U+8072 U+540D U+72FC U+85C9 U+E01E1,藉:IVS+1,
聲調,ㄕㄥ ㄉㄧㄠˋ,ㄕㄥ ㄊㄧㄠˊ,聲調󠇡,U+8072 U+8ABF U+E01E1,調:IVS+1,
聲氣相投,ㄕㄥ ㄑㄧˋ ㄒㄧㄤ ㄊㄡˊ,ㄕㄥ ㄑㄧˋ ㄒㄧㄤˋ ㄊㄡˊ,聲氣相󠇡投,U+8072 U+6C23 U+76F8 U+E01E1 U+6295,相:IVS+1,
聲氣相求,ㄕㄥ ㄑㄧˋ ㄒㄧㄤ ㄑㄧㄡˊ,ㄕㄥ ㄑㄧˋ ㄒㄧㄤˋ ㄑㄧㄡˊ,聲氣相󠇡求,U+8072 U+6C23 U+76F8 U+E01E1 U+6C42,相:IVS+1,
聲樂,ㄕㄥ ㄩㄝˋ,ㄕㄥ ㄌㄜˋ,聲樂󠇡,U+8072 U+6A02 U+E01E1,樂:IVS+1,
省分,ㄕㄥˇ ㄈㄣˋ,ㄕㄥˇ ㄈㄣ,省分󠇡,U+7701 U+5206 U+E01E1,分:IVS+1,
省長,ㄕㄥˇ ㄓㄤˇ,ㄕㄥˇ ㄔㄤˊ,省長󠇡,U+7701 U+9577 U+E01E1,長:IVS+1,
盛名,ㄕㄥˋ ㄇㄧㄥˊ,ㄔㄥˊ ㄇㄧㄥˊ,盛󠇡名,U+76DB U+E01E1 U+540D,盛:IVS+1,
盛大,ㄕㄥˋ ㄉㄚˋ,ㄔㄥˊ ㄉㄚˋ,盛󠇡大,U+76DB U+E01E1 U+5927,盛:IVS+1,
盛典,ㄕㄥˋ ㄉㄧㄢˇ,ㄔㄥˊ ㄉㄧㄢˇ,盛󠇡典,U+76DB U+E01E1 U+5178,盛:IVS+1,
盛年,ㄕㄥˋ ㄋㄧㄢˊ,ㄔㄥˊ ㄋㄧㄢˊ,盛󠇡年,U+76DB U+E01E1 U+5E74,盛:IVS+1,
盛怒,ㄕㄥˋ ㄋㄨˋ,ㄔㄥˊ ㄋㄨˋ,盛󠇡怒,U+76DB U+E01E1 U+6012,盛:IVS+1,
盛開,ㄕㄥˋ ㄎㄞ,ㄔㄥˊ ㄎㄞ,盛󠇡開,U+76DB U+E01E1 U+958B,盛:IVS+1,
盛況,ㄕㄥˋ ㄎㄨㄤˋ,ㄔㄥˊ ㄎㄨㄤˋ,盛󠇡況,U+76DB U+E01E1 U+6CC1,盛:IVS+1,
盛況空前,ㄕㄥˋ ㄎㄨㄤˋ ㄎㄨㄥ ㄑㄧㄢˊ,ㄔㄥˊ ㄎㄨㄤˋ ㄎㄨㄥ ㄑㄧㄢˊ,盛󠇡況空前,U+76DB U+E01E1 U+6CC1 U+7A7A U+524D,盛:IVS+1,
盛會,ㄕㄥˋ ㄏㄨㄟˋ,ㄔㄥˊ ㄏㄨㄟˋ,盛󠇡會,U+76DB U+E01E1 U+6703,盛:IVS+1,
盛極必衰,ㄕㄥˋ ㄐㄧˊ ㄅㄧˋ ㄕㄨㄞ,ㄔㄥˊ ㄐㄧˊ ㄅㄧˋ ㄕㄨㄞ,盛󠇡極必衰,U+76DB U+E01E1 U+6975 U+5FC5 U+8870,盛:IVS+1,
盛極一時,ㄕㄥˋ ㄐㄧˊ ㄧ ㄕˊ,ㄔㄥˊ ㄐㄧˊ ㄧ ㄕˊ,盛󠇡極一時,U+76DB U+E01E1 U+6975 U+4E00 U+6642,盛:IVS+1,
盛舉,ㄕㄥˋ ㄐㄩˇ,ㄔㄥˊ ㄐㄩˇ,盛󠇡舉,U+76DB U+E01E1 U+8209,盛:IVS+1,
盛氣凌人,ㄕㄥˋ ㄑㄧˋ ㄌㄧㄥˊ ㄖㄣˊ,ㄔㄥˊ ㄑㄧˋ ㄌㄧㄥˊ ㄖㄣˊ,盛󠇡氣凌人,U+76DB U+E01E1 U+6C23 U+51CC U+4EBA,盛:IVS+1,
盛情,ㄕㄥˋ ㄑㄧㄥˊ,ㄔㄥˊ ㄑㄧㄥˊ,盛󠇡情,U+76DB U+E01E1 U+60C5,盛:IVS+1,
盛情難卻,ㄕㄥˋ ㄑㄧㄥˊ ㄋㄢˊ ㄑㄩㄝˋ,ㄔㄥˊ ㄑㄧㄥˊ ㄋㄢˊ ㄑㄩㄝˋ,盛󠇡情難卻,U+76DB U+E01E1 U+60C5 U+96E3 U+537B,盛:IVS+1,
盛行,ㄕㄥˋ ㄒㄧㄥˊ,ㄔㄥˊ ㄒㄧㄥˊ,盛󠇡行,U+76DB U+E01E1 U+884C,盛:IVS+1,
盛裝,ㄕㄥˋ ㄓㄨㄤ,ㄔㄥˊ ㄓㄨㄤ,盛󠇡裝,U+76DB U+E01E1 U+88DD,盛:IVS+1,
盛產,ㄕㄥˋ ㄔㄢˇ,ㄔㄥˊ ㄔㄢˇ,盛󠇡產,U+76DB U+E01E1 U+7522,盛:IVS+1,
盛傳,ㄕㄥˋ ㄔㄨㄢˊ,ㄔㄥˊ ㄔㄨㄢˊ,盛󠇡傳,U+76DB U+E01E1 U+50B3,盛:IVS+1,
盛世,ㄕㄥˋ ㄕˋ,ㄔㄥˊ ㄕˋ,盛󠇡世,U+76DB U+E01E1 U+4E16,盛:IVS+1,
盛事,ㄕㄥˋ ㄕˋ,ㄔㄥˊ ㄕˋ,盛󠇡事,U+76DB U+E01E1 U+4E8B,盛:IVS+1,
盛衰,ㄕㄥˋ ㄕㄨㄞ,ㄔㄥˊ ㄕㄨㄞ,盛󠇡衰,U+76DB U+E01E1 U+8870,盛:IVS+1,
盛衰榮枯,ㄕㄥˋ ㄕㄨㄞ ㄖㄨㄥˊ ㄎㄨ,ㄔㄥˊ ㄕㄨㄞ ㄖㄨㄥˊ ㄎㄨ,盛󠇡衰榮枯,U+76DB U+E01E1 U+8870 U+69AE U+67AF,盛:IVS+1,
盛意,ㄕㄥˋ ㄧˋ,ㄔㄥˊ ㄧˋ,盛󠇡意,U+76DB U+E01E1 U+610F,盛:IVS+1,
盛筵,ㄕㄥˋ ㄧㄢˊ,ㄔㄥˊ ㄧㄢˊ,盛󠇡筵,U+76DB U+E01E1 U+7B75,盛:IVS+1,
盛宴,ㄕㄥˋ ㄧㄢˋ,ㄔㄥˊ ㄧㄢˋ,盛󠇡宴,U+76DB U+E01E1 U+5BB4,盛:IVS+1,
盛譽,ㄕㄥˋ ㄩˋ,ㄔㄥˊ ㄩˋ,盛󠇡譽,U+76DB U+E01E1 U+8B7D,盛:IVS+1,
梳子,ㄕㄨ ˙ㄗ,ㄕㄨ ㄗˇ,梳子󠇡,U+68B3 U+5B50 U+E01E1,子:IVS+1,
書呆子,ㄕㄨ ㄉㄞ ˙ㄗ,ㄕㄨ ㄉㄞ ㄗˇ,書呆子󠇡,U+66F8 U+5446 U+5B50 U+E01E1,子:IVS+1,
叔叔,ㄕㄨˊ ˙ㄕㄨ,ㄕㄨˊ ㄕㄨˊ,叔叔󠇡,U+53D4 U+53D4 U+E01E1,叔:IVS+1,
暑假,ㄕㄨˇ ㄐㄧㄚˋ,ㄕㄨˇ ㄐㄧㄚˇ,暑假󠇡,U+6691 U+5047 U+E01E1,假:IVS+1,
署長,ㄕㄨˇ ㄓㄤˇ,ㄕㄨˇ ㄔㄤˊ,署長󠇡,U+7F72 U+9577 U+E01E1,長:IVS+1,
數典忘祖,ㄕㄨˇ ㄉㄧㄢˇ ㄨㄤˋ ㄗㄨˇ,ㄕㄨˋ ㄉㄧㄢˇ ㄨㄤˋ ㄗㄨˇ,數󠇡典忘祖,U+6578 U+E01E1 U+5178 U+5FD8 U+7956,數:IVS+1,
數來寶,ㄕㄨˇ ㄌㄞˊ ㄅㄠˇ,ㄕㄨˋ ㄌㄞˊ ㄅㄠˇ,數󠇡來寶,U+6578 U+E01E1 U+4F86 U+5BF6,數:IVS+1,
數落,ㄕㄨˇ ㄌㄨㄛˋ,ㄕㄨˋ ㄌㄨㄛˋ,數󠇡落,U+6578 U+E01E1 U+843D,數:IVS+1,
數數兒,ㄕㄨˇ ㄕㄨˋ ㄦ,ㄕㄨˋ ㄕㄨˋ ㄦˊ,數󠇡數兒󠇡,U+6578 U+E01E1 U+6578 U+5152 U+E01E1,數:IVS+1; 兒:IVS+1,
數一數二,ㄕㄨˇ ㄧ ㄕㄨˇ ㄦˋ,ㄕㄨˋ ㄧ ㄕㄨˋ ㄦˋ,數󠇡一數󠇡二,U+6578 U+E01E1 U+4E00 U+6578 U+E01E1 U+4E8C,數:IVS+1; 數:IVS+1,
庶幾,ㄕㄨˋ ㄐㄧ,ㄕㄨˋ ㄐㄧˇ,庶幾󠇡,U+5EB6 U+5E7E U+E01E1,幾:IVS+1,
署名,ㄕㄨˋ ㄇㄧㄥˊ,ㄕㄨˇ ㄇㄧㄥˊ,署󠇡名,U+7F72 U+E01E1 U+540D,署:IVS+1,
署理,ㄕㄨˋ ㄌㄧˇ,ㄕㄨˇ ㄌㄧˇ,署󠇡理,U+7F72 U+E01E1 U+7406,署:IVS+1,
樹倒猢猻散,ㄕㄨˋ ㄉㄠˇ ㄏㄨˊ ㄙㄨㄣ ㄙㄢˋ,ㄕㄨˋ ㄉㄠˋ ㄏㄨˊ ㄙㄨㄣ ㄙㄢˋ,樹倒󠇡猢猻散,U+6A39 U+5012 U+E01E1 U+7322 U+733B U+6563,倒:IVS+1,
刷子,ㄕㄨㄚ ˙ㄗ,ㄕㄨㄚ ㄗˇ,刷子󠇡,U+5237 U+5B50 U+E01E1,子:IVS+1,
耍猴兒,ㄕㄨㄚˇ ㄏㄡˊ ㄦ,ㄕㄨㄚˇ ㄏㄡˊ ㄦˊ,耍猴兒󠇡,U+800D U+7334 U+5152 U+E01E1,兒:IVS+1,
說不得,ㄕㄨㄛ ㄅㄨˋ ˙ㄉㄜ,ㄕㄨㄛ ㄅㄨˋ ㄉㄜˊ,說不得󠇡,U+8AAA U+4E0D U+5F97 U+E01E1,得:IVS+1,
說得過去,ㄕㄨㄛ ˙ㄉㄜ ㄍㄨㄛˋ ㄑㄩˋ,ㄕㄨㄛ ㄉㄜˊ ㄍㄨㄛˋ ㄑㄩˋ,說得󠇡過去,U+8AAA U+5F97 U+E01E1 U+904E U+53BB,得:IVS+1,
摔倒,ㄕㄨㄞ ㄉㄠˇ,ㄕㄨㄞ ㄉㄠˋ,摔倒󠇡,U+6454 U+5012 U+E01E1,倒:IVS+1,
率隊,ㄕㄨㄞˋ ㄉㄨㄟˋ,ㄌㄩˋ ㄉㄨㄟˋ,率󠇡隊,U+7387 U+E01E1 U+968A,率:IVS+1,
率同,ㄕㄨㄞˋ ㄊㄨㄥˊ,ㄌㄩˋ ㄊㄨㄥˊ,率󠇡同,U+7387 U+E01E1 U+540C,率:IVS+1,
率領,ㄕㄨㄞˋ ㄌㄧㄥˇ,ㄌㄩˋ ㄌㄧㄥˇ,率󠇡領,U+7387 U+E01E1 U+9818,率:IVS+1,
率皆,ㄕㄨㄞˋ ㄐㄧㄝ,ㄌㄩˋ ㄐㄧㄝ,率󠇡皆,U+7387 U+E01E1 U+7686,率:IVS+1,
率先,ㄕㄨㄞˋ ㄒㄧㄢ,ㄌㄩˋ ㄒㄧㄢ,率󠇡先,U+7387 U+E01E1 U+5148,率:IVS+1,
率性,ㄕㄨㄞˋ ㄒㄧㄥˋ,ㄌㄩˋ ㄒㄧㄥˋ,率󠇡性,U+7387 U+E01E1 U+6027,率:IVS+1,
率直,ㄕㄨㄞˋ ㄓˊ,ㄌㄩˋ ㄓˊ,率󠇡直,U+7387 U+E01E1 U+76F4,率:IVS+1,
率真,ㄕㄨㄞˋ ㄓㄣ,ㄌㄩˋ ㄓㄣ,率󠇡真,U+7387 U+E01E1 U+771F,率:IVS+1,
率然,ㄕㄨㄞˋ ㄖㄢˊ,ㄌㄩˋ ㄖㄢˊ,率󠇡然,U+7387 U+E01E1 U+7136,率:IVS+1,
率爾,ㄕㄨㄞˋ ㄦˇ,ㄌㄩˋ ㄦˇ,率󠇡爾,U+7387 U+E01E1 U+723E,率:IVS+1,
水分,ㄕㄨㄟˇ ㄈㄣˋ,ㄕㄨㄟˇ ㄈㄣ,水分󠇡,U+6C34 U+5206 U+E01E1,分:IVS+1,
說服,ㄕㄨㄟˋ ㄈㄨˊ,ㄕㄨㄛ ㄈㄨˊ,說󠇡服,U+8AAA U+E01E1 U+670D,說:IVS+1,
說客,ㄕㄨㄟˋ ㄎㄜˋ,ㄕㄨㄛ ㄎㄜˋ,說󠇡客,U+8AAA U+E01E1 U+5BA2,說:IVS+1,
睡不著,ㄕㄨㄟˋ ㄅㄨˋ ㄓㄠˊ,ㄕㄨㄟˋ ㄅㄨˋ ˙ㄓㄜ,睡不著󠇣,U+7761 U+4E0D U+8457 U+E01E3,著:IVS+3,
睡著,ㄕㄨㄟˋ ㄓㄠˊ,ㄕㄨㄟˋ ˙ㄓㄜ,睡著󠇣,U+7761 U+8457 U+E01E3,著:IVS+3,
順應,ㄕㄨㄣˋ ㄧㄥˋ,ㄕㄨㄣˋ ㄧㄥ,順應󠇡,U+9806 U+61C9 U+E01E1,應:IVS+1,
順應民心,ㄕㄨㄣˋ ㄧㄥˋ ㄇㄧㄣˊ ㄒㄧㄣ,ㄕㄨㄣˋ ㄧㄥ ㄇㄧㄣˊ ㄒㄧㄣ,順應󠇡民心,U+9806 U+61C9 U+E01E1 U+6C11 U+5FC3,應:IVS+1,
順應潮流,ㄕㄨㄣˋ ㄧㄥˋ ㄔㄠˊ ㄌㄧㄡˊ,ㄕㄨㄣˋ ㄧㄥ ㄔㄠˊ ㄌㄧㄡˊ,順應󠇡潮流,U+9806 U+61C9 U+E01E1 U+6F6E U+6D41,應:IVS+1,
雙重,ㄕㄨㄤ ㄔㄨㄥˊ,ㄕㄨㄤ ㄓㄨㄥˋ,雙重󠇡,U+96D9 U+91CD U+E01E1,重:IVS+1,
雙重身分,ㄕㄨㄤ ㄔㄨㄥˊ ㄕㄣ ㄈㄣˋ,ㄕㄨㄤ ㄓㄨㄥˋ ㄕㄣ ㄈㄣ,雙重󠇡身分󠇡,U+96D9 U+91CD U+E01E1 U+8EAB U+5206 U+E01E1,重:IVS+1; 分:IVS+1,
雙重人格,ㄕㄨㄤ ㄔㄨㄥˊ ㄖㄣˊ ㄍㄜˊ,ㄕㄨㄤ ㄓㄨㄥˋ ㄖㄣˊ ㄍㄜˊ,雙重󠇡人格,U+96D9 U+91CD U+E01E1 U+4EBA U+683C,重:IVS+1,
日頭,ㄖˋ ˙ㄊㄡ,ㄖˋ ㄊㄡˊ,日頭󠇡,U+65E5 U+982D U+E01E1,頭:IVS+1,
日積月累,ㄖˋ ㄐㄧ ㄩㄝˋ ㄌㄟˇ,ㄖˋ ㄐㄧ ㄩㄝˋ ㄌㄟˋ,日積月累󠇡,U+65E5 U+7A4D U+6708 U+7D2F U+E01E1,累:IVS+1,
日子,ㄖˋ ˙ㄗ,ㄖˋ ㄗˇ,日子󠇡,U+65E5 U+5B50 U+E01E1,子:IVS+1,
日暈,ㄖˋ ㄩㄣˋ,ㄖˋ ㄩㄣ,日暈󠇡,U+65E5 U+6688 U+E01E1,暈:IVS+1,
熱切,ㄖㄜˋ ㄑㄧㄝˋ,ㄖㄜˋ ㄑㄧㄝ,熱切󠇡,U+71B1 U+5207 U+E01E1,切:IVS+1,
熱爪哇,ㄖㄜˋ ㄓㄠˇ ㄨㄚ,ㄖㄜˋ ㄓㄨㄚˇ ㄨㄚ,熱爪󠇡哇,U+71B1 U+722A U+E01E1 U+54C7,爪:IVS+1,
繞圈子,ㄖㄠˋ ㄑㄩㄢ ˙ㄗ,ㄖㄠˋ ㄑㄩㄢ ㄗˇ,繞圈子󠇡,U+7E5E U+5708 U+5B50 U+E01E1,子:IVS+1,
肉包子,ㄖㄡˋ ㄅㄠ ˙ㄗ,ㄖㄡˋ ㄅㄠ ㄗˇ,肉包子󠇡,U+8089 U+5305 U+5B50 U+E01E1,子:IVS+1,
人質,ㄖㄣˊ ㄓˋ,ㄖㄣˊ ㄓˊ,人質󠇡,U+4EBA U+8CEA U+E01E1,質:IVS+1,
人畜,ㄖㄣˊ ㄔㄨˋ,ㄖㄣˊ ㄒㄩˋ,人畜󠇡,U+4EBA U+755C U+E01E1,畜:IVS+1,
人參,ㄖㄣˊ ㄕㄣ,ㄖㄣˊ ㄘㄢ,人參󠇡,U+4EBA U+53C3 U+E01E1,參:IVS+1,
人才濟濟,ㄖㄣˊ ㄘㄞˊ ㄐㄧˇ ㄐㄧˇ,ㄖㄣˊ ㄘㄞˊ ㄐㄧˋ ㄐㄧˋ,人才濟󠇡濟󠇡,U+4EBA U+624D U+6FDF U+E01E1 U+6FDF U+E01E1,濟:IVS+1; 濟:IVS+1,
忍俊不禁,ㄖㄣˇ ㄐㄩㄣˋ ㄅㄨˋ ㄐㄧㄣ,ㄖㄣˇ ㄐㄩㄣˋ ㄅㄨˋ ㄐㄧㄣˋ,忍俊不禁󠇡,U+5FCD U+4FCA U+4E0D U+7981 U+E01E1,禁:IVS+1,
認得,ㄖㄣˋ ˙ㄉㄜ,ㄖㄣˋ ㄉㄜˊ,認得󠇡,U+8A8D U+5F97 U+E01E1,得:IVS+1,
如法炮製,ㄖㄨˊ ㄈㄚˇ ㄆㄠˊ ㄓˋ,ㄖㄨˊ ㄈㄚˇ ㄆㄠˋ ㄓˋ,如法炮󠇡製,U+5982 U+6CD5 U+70AE U+E01E1 U+88FD,炮:IVS+1,
如數家珍,ㄖㄨˊ ㄕㄨˇ ㄐㄧㄚ ㄓㄣ,ㄖㄨˊ ㄕㄨˋ ㄐㄧㄚ ㄓㄣ,如數󠇡家珍,U+5982 U+6578 U+E01E1 U+5BB6 U+73CD,數:IVS+1,
如喪考妣,ㄖㄨˊ ㄙㄤˋ ㄎㄠˇ ㄅㄧˇ,ㄖㄨˊ ㄙㄤ ㄎㄠˇ ㄅㄧˇ,如喪󠇡考妣,U+5982 U+55AA U+E01E1 U+8003 U+59A3,喪:IVS+1,
如影相隨,ㄖㄨˊ ㄧㄥˇ ㄒㄧㄤ ㄙㄨㄟˊ,ㄖㄨˊ ㄧㄥˇ ㄒㄧㄤˋ ㄙㄨㄟˊ,如影相󠇡隨,U+5982 U+5F71 U+76F8 U+E01E1 U+96A8,相:IVS+1,
儒將,ㄖㄨˊ ㄐㄧㄤˋ,ㄖㄨˊ ㄐㄧㄤ,儒將󠇡,U+5112 U+5C07 U+E01E1,將:IVS+1,
乳臭未乾,ㄖㄨˇ ㄒㄧㄡˋ ㄨㄟˋ ㄍㄢ,ㄖㄨˇ ㄔㄡˋ ㄨㄟˋ ㄍㄢ,乳臭󠇡未乾,U+4E73 U+81ED U+E01E1 U+672A U+4E7E,臭:IVS+1,
辱沒,ㄖㄨˋ ㄇㄛˋ,ㄖㄨˋ ㄇㄟˊ,辱沒󠇡,U+8FB1 U+6C92 U+E01E1,沒:IVS+1,
弱不禁風,ㄖㄨㄛˋ ㄅㄨˋ ㄐㄧㄣ ㄈㄥ,ㄖㄨㄛˋ ㄅㄨˋ ㄐㄧㄣˋ ㄈㄥ,弱不禁󠇡風,U+5F31 U+4E0D U+7981 U+E01E1 U+98A8,禁:IVS+1,
軟釘子,ㄖㄨㄢˇ ㄉㄧㄥ ˙ㄗ,ㄖㄨㄢˇ ㄉㄧㄥ ㄗˇ,軟釘子󠇡,U+8EDF U+91D8 U+5B50 U+E01E1,子:IVS+1,
軟骨頭,ㄖㄨㄢˇ ㄍㄨˊ ˙ㄊㄡ,ㄖㄨㄢˇ ㄍㄨˇ ㄊㄡˊ,軟骨󠇢頭󠇡,U+8EDF U+9AA8 U+E01E2 U+982D U+E01E1,骨:IVS+2; 頭:IVS+1,
滋長,ㄗ ㄓㄤˇ,ㄗ ㄔㄤˊ,滋長󠇡,U+6ECB U+9577 U+E01E1,長:IVS+1,
姊姊,ㄐㄧㄝˇ ˙ㄐㄧㄝ,ㄐㄧㄝˇ ㄐㄧㄝˇ,姊姊󠇡,U+59CA U+59CA U+E01E1,姊:IVS+1,
字裡行間,ㄗˋ ㄌㄧˇ ㄏㄤˊ ㄐㄧㄢ,ㄗˋ ㄌㄧˇ ㄒㄧㄥˊ ㄐㄧㄢ,字裡行󠇡間,U+5B57 U+88E1 U+884C U+E01E1 U+9593,行:IVS+1,
自力更生,ㄗˋ ㄌㄧˋ ㄍㄥ ㄕㄥ,ㄗˋ ㄌㄧˋ ㄍㄥˋ ㄕㄥ,自力更󠇡生,U+81EA U+529B U+66F4 U+E01E1 U+751F,更:IVS+1,
自個兒,ㄗˋ ㄍㄜˇ ㄦ,ㄗˋ ㄍㄜˋ ㄦˊ,自個󠇢兒󠇡,U+81EA U+500B U+E01E2 U+5152 U+E01E1,個:IVS+2; 兒:IVS+1,
自給,ㄗˋ ㄐㄧˇ,ㄗˋ ㄍㄟˇ,自給󠇡,U+81EA U+7D66 U+E01E1,給:IVS+1,
自給自足,ㄗˋ ㄐㄧˇ ㄗˋ ㄗㄨˊ,ㄗˋ ㄍㄟˇ ㄗˋ ㄗㄨˊ,自給󠇡自足,U+81EA U+7D66 U+E01E1 U+81EA U+8DB3,給:IVS+1,
自相矛盾,ㄗˋ ㄒㄧㄤ ㄇㄠˊ ㄉㄨㄣˋ,ㄗˋ ㄒㄧㄤˋ ㄇㄠˊ ㄉㄨㄣˋ,自相󠇡矛盾,U+81EA U+76F8 U+E01E1 U+77DB U+76FE,相:IVS+1,
自相殘殺,ㄗˋ ㄒㄧㄤ ㄘㄢˊ ㄕㄚ,ㄗˋ ㄒㄧㄤˋ ㄘㄢˊ ㄕㄚ,自相󠇡殘殺,U+81EA U+76F8 U+E01E1 U+6B98 U+6BBA,相:IVS+1,
自省,ㄗˋ ㄒㄧㄥˇ,ㄗˋ ㄕㄥˇ,自省󠇡,U+81EA U+7701 U+E01E1,省:IVS+1,
自轉,ㄗˋ ㄓㄨㄢˋ,ㄗˋ ㄓㄨㄢˇ,自轉󠇡,U+81EA U+8F49 U+E01E1,轉:IVS+1,
自傳,ㄗˋ ㄓㄨㄢˋ,ㄗˋ ㄔㄨㄢˊ,自傳󠇡,U+81EA U+50B3 U+E01E1,傳:IVS+1,
自認倒楣,ㄗˋ ㄖㄣˋ ㄉㄠˇ ㄇㄟˊ,ㄗˋ ㄖㄣˋ ㄉㄠˋ ㄇㄟˊ,自認倒󠇡楣,U+81EA U+8A8D U+5012 U+E01E1 U+6963,倒:IVS+1,
自我反省,ㄗˋ ㄨㄛˇ ㄈㄢˇ ㄒㄧㄥˇ,ㄗˋ ㄨㄛˇ ㄈㄢˇ ㄕㄥˇ,自我反省󠇡,U+81EA U+6211 U+53CD U+7701 U+E01E1,省:IVS+1,
自怨自艾,ㄗˋ ㄩㄢˋ ㄗˋ ㄧˋ,ㄗˋ ㄩㄢˋ ㄗˋ ㄞˋ,自怨自艾󠇡,U+81EA U+6028 U+81EA U+827E U+E01E1,艾:IVS+1,
咱家,ㄗㄚˊ ㄐㄧㄚ,ㄗㄢˊ ㄐㄧㄚ,咱󠇡家,U+54B1 U+E01E1 U+5BB6,咱:IVS+1,
責難,ㄗㄜˊ ㄋㄢˋ,ㄗㄜˊ ㄋㄢˊ,責難󠇡,U+8CAC U+96E3 U+E01E1,難:IVS+1,
災難,ㄗㄞ ㄋㄢˋ,ㄗㄞ ㄋㄢˊ,災難󠇡,U+707D U+96E3 U+E01E1,難:IVS+1,
栽跟頭,ㄗㄞ ㄍㄣ ˙ㄊㄡ,ㄗㄞ ㄍㄣ ㄊㄡˊ,栽跟頭󠇡,U+683D U+8DDF U+982D U+E01E1,頭:IVS+1,
栽種,ㄗㄞ ㄓㄨㄥˋ,ㄗㄞ ㄓㄨㄥˇ,栽種󠇡,U+683D U+7A2E U+E01E1,種:IVS+1,
在行,ㄗㄞˋ ㄏㄤˊ,ㄗㄞˋ ㄒㄧㄥˊ,在行󠇡,U+5728 U+884C U+E01E1,行:IVS+1,
遭難,ㄗㄠ ㄋㄢˋ,ㄗㄠ ㄋㄢˊ,遭難󠇡,U+906D U+96E3 U+E01E1,難:IVS+1,
鑿子,ㄗㄠˊ ˙ㄗ,ㄗㄠˊ ㄗˇ,鑿子󠇡,U+947F U+5B50 U+E01E1,子:IVS+1,
早點兒,ㄗㄠˇ ㄉㄧㄢˇ ㄦ,ㄗㄠˇ ㄉㄧㄢˇ ㄦˊ,早點兒󠇡,U+65E9 U+9EDE U+5152 U+E01E1,兒:IVS+1,
棗子,ㄗㄠˇ ˙ㄗ,ㄗㄠˇ ㄗˇ,棗子󠇡,U+68D7 U+5B50 U+E01E1,子:IVS+1,
走馬換將,ㄗㄡˇ ㄇㄚˇ ㄏㄨㄢˋ ㄐㄧㄤˋ,ㄗㄡˇ ㄇㄚˇ ㄏㄨㄢˋ ㄐㄧㄤ,走馬換將󠇡,U+8D70 U+99AC U+63DB U+5C07 U+E01E1,將:IVS+1,
奏樂,ㄗㄡˋ ㄩㄝˋ,ㄗㄡˋ ㄌㄜˋ,奏樂󠇡,U+594F U+6A02 U+E01E1,樂:IVS+1,
曾祖,ㄗㄥ ㄗㄨˇ,ㄘㄥˊ ㄗㄨˇ,曾󠇡祖,U+66FE U+E01E1 U+7956,曾:IVS+1,
曾祖母,ㄗㄥ ㄗㄨˇ ㄇㄨˇ,ㄘㄥˊ ㄗㄨˇ ㄇㄨˇ,曾󠇡祖母,U+66FE U+E01E1 U+7956 U+6BCD,曾:IVS+1,
曾祖父,ㄗㄥ ㄗㄨˇ ㄈㄨˋ,ㄘㄥˊ ㄗㄨˇ ㄈㄨˋ,曾󠇡祖父,U+66FE U+E01E1 U+7956 U+7236,曾:IVS+1,
曾孫,ㄗㄥ ㄙㄨㄣ,ㄘㄥˊ ㄙㄨㄣ,曾󠇡孫,U+66FE U+E01E1 U+5B6B,曾:IVS+1,
憎惡,ㄗㄥ ㄨˋ,ㄗㄥ ㄜˋ,憎惡󠇡,U+618E U+60E1 U+E01E1,惡:IVS+1,
增長,ㄗㄥ ㄓㄤˇ,ㄗㄥ ㄔㄤˊ,增長󠇡,U+589E U+9577 U+E01E1,長:IVS+1,
卒子,ㄗㄨˊ ˙ㄗ,ㄗㄨˊ ㄗˇ,卒子󠇡,U+5352 U+5B50 U+E01E1,子:IVS+1,
族長,ㄗㄨˊ ㄓㄤˇ,ㄗㄨˊ ㄔㄤˊ,族長󠇡,U+65CF U+9577 U+E01E1,長:IVS+1,
阻塞,ㄗㄨˇ ㄙㄜˋ,ㄗㄨˇ ㄙㄞ,阻塞󠇡,U+963B U+585E U+E01E1,塞:IVS+1,
組長,ㄗㄨˇ ㄓㄤˇ,ㄗㄨˇ ㄔㄤˊ,組長󠇡,U+7D44 U+9577 U+E01E1,長:IVS+1,
作料,ㄗㄨㄛˊ ㄌㄧㄠˋ,ㄗㄨㄛˋ ㄌㄧㄠˋ,作󠇡料,U+4F5C U+E01E1 U+6599,作:IVS+1,
左撇子,ㄗㄨㄛˇ ㄆㄧㄝˇ ˙ㄗ,ㄗㄨㄛˇ ㄆㄧㄝˇ ㄗˇ,左撇子󠇡,U+5DE6 U+6487 U+5B50 U+E01E1,子:IVS+1,
坐月子,ㄗㄨㄛˋ ㄩㄝˋ ˙ㄗ,ㄗㄨㄛˋ ㄩㄝˋ ㄗˇ,坐月子󠇡,U+5750 U+6708 U+5B50 U+E01E1,子:IVS+1,
嘴皮子,ㄗㄨㄟˇ ㄆㄧˊ ˙ㄗ,ㄗㄨㄟˇ ㄆㄧˊ ㄗˇ,嘴皮子󠇡,U+5634 U+76AE U+5B50 U+E01E1,子:IVS+1,
纂兒,ㄗㄨㄢˇ ㄦ,ㄗㄨㄢˇ ㄦˊ,纂兒󠇡,U+7E82 U+5152 U+E01E1,兒:IVS+1,
鑽戒,ㄗㄨㄢˋ ㄐㄧㄝˋ,ㄗㄨㄢ ㄐㄧㄝˋ,鑽󠇡戒,U+947D U+E01E1 U+6212,鑽:IVS+1,
鑽石,ㄗㄨㄢˋ ㄕˊ,ㄗㄨㄢ ㄕˊ,鑽󠇡石,U+947D U+E01E1 U+77F3,鑽:IVS+1,
鑽子,ㄗㄨㄢˋ ˙ㄗ,ㄗㄨㄢ ㄗˇ,鑽󠇡子󠇡,U+947D U+E01E1 U+5B50 U+E01E1,鑽:IVS+1; 子:IVS+1,
尊長,ㄗㄨㄣ ㄓㄤˇ,ㄗㄨㄣ ㄔㄤˊ,尊長󠇡,U+5C0A U+9577 U+E01E1,長:IVS+1,
鱒魚,ㄗㄨㄣ ㄩˊ,ㄗㄨㄣˋ ㄩˊ,鱒󠇡魚,U+9C52 U+E01E1 U+9B5A,鱒:IVS+1,
縱隊,ㄗㄨㄥ ㄉㄨㄟˋ,ㄗㄨㄥˋ ㄉㄨㄟˋ,縱󠇡隊,U+7E31 U+E01E1 U+968A,縱:IVS+1,
縱谷,ㄗㄨㄥ ㄍㄨˇ,ㄗㄨㄥˋ ㄍㄨˇ,縱󠇡谷,U+7E31 U+E01E1 U+8C37,縱:IVS+1,
縱貫,ㄗㄨㄥ ㄍㄨㄢˋ,ㄗㄨㄥˋ ㄍㄨㄢˋ,縱󠇡貫,U+7E31 U+E01E1 U+8CAB,縱:IVS+1,
縱橫,ㄗㄨㄥ ㄏㄥˊ,ㄗㄨㄥˋ ㄏㄥˊ,縱󠇡橫,U+7E31 U+E01E1 U+6A6B,縱:IVS+1,
縱走,ㄗㄨㄥ ㄗㄡˇ,ㄗㄨㄥˋ ㄗㄡˇ,縱󠇡走,U+7E31 U+E01E1 U+8D70,縱:IVS+1,
總行,ㄗㄨㄥˇ ㄏㄤˊ,ㄗㄨㄥˇ ㄒㄧㄥˊ,總行󠇡,U+7E3D U+884C U+E01E1,行:IVS+1,
從犯,ㄗㄨㄥˋ ㄈㄢˋ,ㄘㄨㄥˊ ㄈㄢˋ,從󠇡犯,U+5F9E U+E01E1 U+72AF,從:IVS+1,
綜合銀行,ㄗㄨㄥˋ ㄏㄜˊ ㄧㄣˊ ㄏㄤˊ,ㄗㄨㄥˋ ㄏㄜˊ ㄧㄣˊ ㄒㄧㄥˊ,綜合銀行󠇡,U+7D9C U+5408 U+9280 U+884C U+E01E1,行:IVS+1,
伺候,ㄘˋ ㄏㄡˋ,ㄙˋ ㄏㄡˋ,伺󠇡候,U+4F3A U+E01E1 U+5019,伺:IVS+1,
測量,ㄘㄜˋ ㄌㄧㄤˊ,ㄘㄜˋ ㄌㄧㄤˋ,測量󠇡,U+6E2C U+91CF U+E01E1,量:IVS+1,
策應,ㄘㄜˋ ㄧㄥˋ,ㄘㄜˋ ㄧㄥ,策應󠇡,U+7B56 U+61C9 U+E01E1,應:IVS+1,
猜度,ㄘㄞ ㄉㄨㄛˋ,ㄘㄞ ㄉㄨˋ,猜度󠇡,U+731C U+5EA6 U+E01E1,度:IVS+1,
裁量,ㄘㄞˊ ㄌㄧㄤˊ,ㄘㄞˊ ㄌㄧㄤˋ,裁量󠇡,U+88C1 U+91CF U+E01E1,量:IVS+1,
操行,ㄘㄠ ㄒㄧㄥˋ,ㄘㄠ ㄒㄧㄥˊ,操行󠇢,U+64CD U+884C U+E01E2,行:IVS+2,
草率,ㄘㄠˇ ㄕㄨㄞˋ,ㄘㄠˇ ㄌㄩˋ,草率󠇡,U+8349 U+7387 U+E01E1,率:IVS+1,
草草了事,ㄘㄠˇ ㄘㄠˇ ㄌㄧㄠˇ ㄕˋ,ㄘㄠˇ ㄘㄠˇ ˙ㄌㄜ ㄕˋ,草草了󠇡事,U+8349 U+8349 U+4E86 U+E01E1 U+4E8B,了:IVS+1,
參與,ㄘㄢ ㄩˋ,ㄘㄢ ㄩˇ,參與󠇡,U+53C3 U+8207 U+E01E1,與:IVS+1,
慘綠少年,ㄘㄢˇ ㄌㄩˋ ㄕㄠˋ ㄋㄧㄢˊ,ㄘㄢˇ ㄌㄩˋ ㄕㄠˇ ㄋㄧㄢˊ,慘綠少󠇡年,U+6158 U+7DA0 U+5C11 U+E01E1 U+5E74,少:IVS+1,
參差,ㄘㄣ ㄘ,ㄘㄢ ㄔㄚ,參󠇢差󠇢,U+53C3 U+E01E2 U+5DEE U+E01E2,參:IVS+2; 差:IVS+2,
參差不齊,ㄘㄣ ㄘ ㄅㄨˋ ㄑㄧˊ,ㄘㄢ ㄔㄚ ㄅㄨˋ ㄑㄧˊ,參󠇢差󠇢不齊,U+53C3 U+E01E2 U+5DEE U+E01E2 U+4E0D U+9F4A,參:IVS+2; 差:IVS+2,
倉卒,ㄘㄤ ㄘㄨˋ,ㄘㄤ ㄗㄨˊ,倉卒󠇡,U+5009 U+5352 U+E01E1,卒:IVS+1,
藏頭露尾,ㄘㄤˊ ㄊㄡˊ ㄌㄡˋ ㄨㄟˇ,ㄘㄤˊ ㄊㄡˊ ㄌㄨˋ ㄨㄟˇ,藏頭露󠇡尾,U+85CF U+982D U+9732 U+E01E1 U+5C3E,露:IVS+1,
粗率,ㄘㄨ ㄕㄨㄞˋ,ㄘㄨ ㄌㄩˋ,粗率󠇡,U+7C97 U+7387 U+E01E1,率:IVS+1,
醋罈子,ㄘㄨˋ ㄊㄢˊ ˙ㄗ,ㄘㄨˋ ㄊㄢˊ ㄗˇ,醋罈子󠇡,U+918B U+7F48 U+5B50 U+E01E1,子:IVS+1,
攢眉,ㄘㄨㄢˊ ㄇㄟˊ,ㄗㄢˇ ㄇㄟˊ,攢󠇡眉,U+6522 U+E01E1 U+7709,攢:IVS+1,
村長,ㄘㄨㄣ ㄓㄤˇ,ㄘㄨㄣ ㄔㄤˊ,村長󠇡,U+6751 U+9577 U+E01E1,長:IVS+1,
忖度,ㄘㄨㄣˇ ㄉㄨㄛˋ,ㄘㄨㄣˇ ㄉㄨˋ,忖度󠇡,U+5FD6 U+5EA6 U+E01E1,度:IVS+1,
從容,ㄘㄨㄥ ㄖㄨㄥˊ,ㄘㄨㄥˊ ㄖㄨㄥˊ,從󠇣容,U+5F9E U+E01E3 U+5BB9,從:IVS+3,
從容不迫,ㄘㄨㄥ ㄖㄨㄥˊ ㄅㄨˋ ㄆㄛˋ,ㄘㄨㄥˊ ㄖㄨㄥˊ ㄅㄨˋ ㄆㄛˋ,從󠇣容不迫,U+5F9E U+E01E3 U+5BB9 U+4E0D U+8FEB,從:IVS+3,
從容就義,ㄘㄨㄥ ㄖㄨㄥˊ ㄐㄧㄡˋ ㄧˋ,ㄘㄨㄥˊ ㄖㄨㄥˊ ㄐㄧㄡˋ ㄧˋ,從󠇣容就義,U+5F9E U+E01E3 U+5BB9 U+5C31 U+7FA9,從:IVS+3,
從兄弟,ㄗㄨㄥˋ ㄒㄩㄥ ㄉㄧˋ,ㄘㄨㄥˊ ㄒㄩㄥ ㄉㄧˋ,從󠇡兄弟,U+5F9E U+E01E1 U+5144 U+5F1F,從:IVS+1,
私處,ㄙ ㄔㄨˋ,ㄙ ㄔㄨˇ,私處󠇡,U+79C1 U+8655 U+E01E1,處:IVS+1,
思量,ㄙ ㄌㄧㄤˊ,ㄙ ㄌㄧㄤˋ,思量󠇡,U+601D U+91CF U+E01E1,量:IVS+1,
死馬當活馬醫,ㄙˇ ㄇㄚˇ ㄉㄤˋ ㄏㄨㄛˊ ㄇㄚˇ ㄧ,ㄙˇ ㄇㄚˇ ㄉㄤ ㄏㄨㄛˊ ㄇㄚˇ ㄧ,死馬當󠇡活馬醫,U+6B7B U+99AC U+7576 U+E01E1 U+6D3B U+99AC U+91AB,當:IVS+1,
死對頭,ㄙˇ ㄉㄨㄟˋ ˙ㄊㄡ,ㄙˇ ㄉㄨㄟˋ ㄊㄡˊ,死對頭󠇡,U+6B7B U+5C0D U+982D U+E01E1,頭:IVS+1,
死難,ㄙˇ ㄋㄢˋ,ㄙˇ ㄋㄢˊ,死難󠇡,U+6B7B U+96E3 U+E01E1,難:IVS+1,
死心眼兒,ㄙˇ ㄒㄧㄣ ㄧㄢˇ ㄦ,ㄙˇ ㄒㄧㄣ ㄧㄢˇ ㄦˊ,死心眼兒󠇡,U+6B7B U+5FC3 U+773C U+5152 U+E01E1,兒:IVS+1,
四處,ㄙˋ ㄔㄨˋ,ㄙˋ ㄔㄨˇ,四處󠇡,U+56DB U+8655 U+E01E1,處:IVS+1,
四重奏,ㄙˋ ㄔㄨㄥˊ ㄗㄡˋ,ㄙˋ ㄓㄨㄥˋ ㄗㄡˋ,四重󠇡奏,U+56DB U+91CD U+E01E1 U+594F,重:IVS+1,
似曾相識,ㄙˋ ㄘㄥˊ ㄒㄧㄤ ㄕˋ,ㄙˋ ㄘㄥˊ ㄒㄧㄤˋ ㄕˋ,似曾相󠇡識,U+4F3C U+66FE U+76F8 U+E01E1 U+8B58,相:IVS+1,
撒旦,ㄙㄚ ㄉㄢˋ,ㄙㄚˇ ㄉㄢˋ,撒󠇡旦,U+6492 U+E01E1 U+65E6,撒:IVS+1,
撒腿,ㄙㄚ ㄊㄨㄟˇ,ㄙㄚˇ ㄊㄨㄟˇ,撒󠇡腿,U+6492 U+E01E1 U+817F,撒:IVS+1,
撒尿,ㄙㄚ ㄋㄧㄠˋ,ㄙㄚˇ ㄋㄧㄠˋ,撒󠇡尿,U+6492 U+E01E1 U+5C3F,撒:IVS+1,
撒賴,ㄙㄚ ㄌㄞˋ,ㄙㄚˇ ㄌㄞˋ,撒󠇡賴,U+6492 U+E01E1 U+8CF4,撒:IVS+1,
撒謊,ㄙㄚ ㄏㄨㄤˇ,ㄙㄚˇ ㄏㄨㄤˇ,撒󠇡謊,U+6492 U+E01E1 U+8B0A,撒:IVS+1,
撒嬌,ㄙㄚ ㄐㄧㄠ,ㄙㄚˇ ㄐㄧㄠ,撒󠇡嬌,U+6492 U+E01E1 U+5B0C,撒:IVS+1,
撒手,ㄙㄚ ㄕㄡˇ,ㄙㄚˇ ㄕㄡˇ,撒󠇡手,U+6492 U+E01E1 U+624B,撒:IVS+1,
撒手人寰,ㄙㄚ ㄕㄡˇ ㄖㄣˊ ㄏㄨㄢˊ,ㄙㄚˇ ㄕㄡˇ ㄖㄣˊ ㄏㄨㄢˊ,撒󠇡手人寰,U+6492 U+E01E1 U+624B U+4EBA U+5BF0,撒:IVS+1,
撒野,ㄙㄚ ㄧㄝˇ,ㄙㄚˇ ㄧㄝˇ,撒󠇡野,U+6492 U+E01E1 U+91CE,撒:IVS+1,
撒網,ㄙㄚ ㄨㄤˇ,ㄙㄚˇ ㄨㄤˇ,撒󠇡網,U+6492 U+E01E1 U+7DB2,撒:IVS+1,
色調,ㄙㄜˋ ㄉㄧㄠˋ,ㄙㄜˋ ㄊㄧㄠˊ,色調󠇡,U+8272 U+8ABF U+E01E1,調:IVS+1,
塞責,ㄙㄜˋ ㄗㄜˊ,ㄙㄞ ㄗㄜˊ,塞󠇡責,U+585E U+E01E1 U+8CAC,塞:IVS+1,
腮幫子,ㄙㄞ ㄅㄤ ˙ㄗ,ㄙㄞ ㄅㄤ ㄗˇ,腮幫子󠇡,U+816E U+5E6B U+5B50 U+E01E1,子:IVS+1,
塞內,ㄙㄞˋ ㄋㄟˋ,ㄙㄞ ㄋㄟˋ,塞󠇢內,U+585E U+E01E2 U+5167,塞:IVS+2,
塞翁失馬,ㄙㄞˋ ㄨㄥ ㄕ ㄇㄚˇ,ㄙㄞ ㄨㄥ ㄕ ㄇㄚˇ,塞󠇢翁失馬,U+585E U+E01E2 U+7FC1 U+5931 U+99AC,塞:IVS+2,
搔到癢處,ㄙㄠ ㄉㄠˋ ㄧㄤˇ ㄔㄨˋ,ㄙㄠ ㄉㄠˋ ㄧㄤˇ ㄔㄨˇ,搔到癢處󠇡,U+6414 U+5230 U+7662 U+8655 U+E01E1,處:IVS+1,
掃興,ㄙㄠˇ ㄒㄧㄥˋ,ㄙㄠˇ ㄒㄧㄥ,掃興󠇡,U+6383 U+8208 U+E01E1,興:IVS+1,
嫂子,ㄙㄠˇ ˙ㄗ,ㄙㄠˇ ㄗˇ,嫂子󠇡,U+5AC2 U+5B50 U+E01E1,子:IVS+1,
嫂嫂,ㄙㄠˇ ˙ㄙㄠ,ㄙㄠˇ ㄙㄠˇ,嫂嫂󠇡,U+5AC2 U+5AC2 U+E01E1,嫂:IVS+1,
掃把,ㄙㄠˋ ㄅㄚˇ,ㄙㄠˇ ㄅㄚˇ,掃󠇡把,U+6383 U+E01E1 U+628A,掃:IVS+1,
掃帚,ㄙㄠˋ ㄓㄡˇ,ㄙㄠˇ ㄓㄡˇ,掃󠇡帚,U+6383 U+E01E1 U+5E1A,掃:IVS+1,
掃帚星,ㄙㄠˋ ㄓㄡˇ ㄒㄧㄥ,ㄙㄠˇ ㄓㄡˇ ㄒㄧㄥ,掃󠇡帚星,U+6383 U+E01E1 U+5E1A U+661F,掃:IVS+1,
三百六十行,ㄙㄢ ㄅㄞˇ ㄌㄧㄡˋ ㄕˊ ㄏㄤˊ,ㄙㄢ ㄅㄞˇ ㄌㄧㄡˋ ㄕˊ ㄒㄧㄥˊ,三百六十行󠇡,U+4E09 U+767E U+516D U+5341 U+884C U+E01E1,行:IVS+1,
三更半夜,ㄙㄢ ㄍㄥ ㄅㄢˋ ㄧㄝˋ,ㄙㄢ ㄍㄥˋ ㄅㄢˋ ㄧㄝˋ,三更󠇡半夜,U+4E09 U+66F4 U+E01E1 U+534A U+591C,更:IVS+1,
三更燈火五更雞,ㄙㄢ ㄍㄥ ㄉㄥ ㄏㄨㄛˇ ㄨˇ ㄍㄥ ㄐㄧ,ㄙㄢ ㄍㄥˋ ㄉㄥ ㄏㄨㄛˇ ㄨˇ ㄍㄥˋ ㄐㄧ,三更󠇡燈火五更󠇡雞,U+4E09 U+66F4 U+E01E1 U+71C8 U+706B U+4E94 U+66F4 U+E01E1 U+96DE,更:IVS+1; 更:IVS+1,
三句不離本行,ㄙㄢ ㄐㄩˋ ㄅㄨˋ ㄌㄧˊ ㄅㄣˇ ㄏㄤˊ,ㄙㄢ ㄐㄩˋ ㄅㄨˋ ㄌㄧˊ ㄅㄣˇ ㄒㄧㄥˊ,三句不離本行󠇡,U+4E09 U+53E5 U+4E0D U+96E2 U+672C U+884C U+E01E1,行:IVS+1,
散兵,ㄙㄢˇ ㄅㄧㄥ,ㄙㄢˋ ㄅㄧㄥ,散󠇡兵,U+6563 U+E01E1 U+5175,散:IVS+1,
散曲,ㄙㄢˇ ㄑㄩˇ,ㄙㄢˋ ㄑㄩˇ,散󠇡曲,U+6563 U+E01E1 U+66F2,散:IVS+1,
散沙,ㄙㄢˇ ㄕㄚ,ㄙㄢˋ ㄕㄚ,散󠇡沙,U+6563 U+E01E1 U+6C99,散:IVS+1,
散文,ㄙㄢˇ ㄨㄣˊ,ㄙㄢˋ ㄨㄣˊ,散󠇡文,U+6563 U+E01E1 U+6587,散:IVS+1,
散漫,ㄙㄢˇ ㄇㄢˋ,ㄙㄢˋ ㄇㄢˋ,散󠇡漫,U+6563 U+E01E1 U+6F2B,散:IVS+1,
嗓子,ㄙㄤˇ ˙ㄗ,ㄙㄤˇ ㄗˇ,嗓子󠇡,U+55D3 U+5B50 U+E01E1,子:IVS+1,
喪命,ㄙㄤˋ ㄇㄧㄥˋ,ㄙㄤ ㄇㄧㄥˋ,喪󠇡命,U+55AA U+E01E1 U+547D,喪:IVS+1,
喪膽,ㄙㄤˋ ㄉㄢˇ,ㄙㄤ ㄉㄢˇ,喪󠇡膽,U+55AA U+E01E1 U+81BD,喪:IVS+1,
喪家之犬,ㄙㄤˋ ㄐㄧㄚ ㄓ ㄑㄩㄢˇ,ㄙㄤ ㄐㄧㄚ ㄓ ㄑㄩㄢˇ,喪󠇡家之犬,U+55AA U+E01E1 U+5BB6 U+4E4B U+72AC,喪:IVS+1,
喪盡天良,ㄙㄤˋ ㄐㄧㄣˋ ㄊㄧㄢ ㄌㄧㄤˊ,ㄙㄤ ㄐㄧㄣˋ ㄊㄧㄢ ㄌㄧㄤˊ,喪󠇡盡天良,U+55AA U+E01E1 U+76E1 U+5929 U+826F,喪:IVS+1,
喪氣,ㄙㄤˋ ㄑㄧˋ,ㄙㄤ ㄑㄧˋ,喪󠇡氣,U+55AA U+E01E1 U+6C23,喪:IVS+1,
喪權辱國,ㄙㄤˋ ㄑㄩㄢˊ ㄖㄨˋ ㄍㄨㄛˊ,ㄙㄤ ㄑㄩㄢˊ ㄖㄨˋ ㄍㄨㄛˊ,喪󠇡權辱國,U+55AA U+E01E1 U+6B0A U+8FB1 U+570B,喪:IVS+1,
喪心病狂,ㄙㄤˋ ㄒㄧㄣ ㄅㄧㄥˋ ㄎㄨㄤˊ,ㄙㄤ ㄒㄧㄣ ㄅㄧㄥˋ ㄎㄨㄤˊ,喪󠇡心病狂,U+55AA U+E01E1 U+5FC3 U+75C5 U+72C2,喪:IVS+1,
喪志,ㄙㄤˋ ㄓˋ,ㄙㄤ ㄓˋ,喪󠇡志,U+55AA U+E01E1 U+5FD7,喪:IVS+1,
喪失,ㄙㄤˋ ㄕ,ㄙㄤ ㄕ,喪󠇡失,U+55AA U+E01E1 U+5931,喪:IVS+1,
喪身,ㄙㄤˋ ㄕㄣ,ㄙㄤ ㄕㄣ,喪󠇡身,U+55AA U+E01E1 U+8EAB,喪:IVS+1,
喪生,ㄙㄤˋ ㄕㄥ,ㄙㄤ ㄕㄥ,喪󠇡生,U+55AA U+E01E1 U+751F,喪:IVS+1,
夙負盛名,ㄙㄨˋ ㄈㄨˋ ㄕㄥˋ ㄇㄧㄥˊ,ㄙㄨˋ ㄈㄨˋ ㄔㄥˊ ㄇㄧㄥˊ,夙負盛󠇡名,U+5919 U+8CA0 U+76DB U+E01E1 U+540D,盛:IVS+1,
素不相識,ㄙㄨˋ ㄅㄨˋ ㄒㄧㄤ ㄕˋ,ㄙㄨˋ ㄅㄨˋ ㄒㄧㄤˋ ㄕˋ,素不相󠇡識,U+7D20 U+4E0D U+76F8 U+E01E1 U+8B58,相:IVS+1,
素行,ㄙㄨˋ ㄒㄧㄥˋ,ㄙㄨˋ ㄒㄧㄥˊ,素行󠇢,U+7D20 U+884C U+E01E2,行:IVS+2,
素行不良,ㄙㄨˋ ㄒㄧㄥˋ ㄅㄨˋ ㄌㄧㄤˊ,ㄙㄨˋ ㄒㄧㄥˊ ㄅㄨˋ ㄌㄧㄤˊ,素行󠇢不良,U+7D20 U+884C U+E01E2 U+4E0D U+826F,行:IVS+2,
鎖匙,ㄙㄨㄛˇ ˙ㄕ,ㄙㄨㄛˇ ㄔˊ,鎖匙󠇡,U+9396 U+5319 U+E01E1,匙:IVS+1,
隨機應變,ㄙㄨㄟˊ ㄐㄧ ㄧㄥˋ ㄅㄧㄢˋ,ㄙㄨㄟˊ ㄐㄧ ㄧㄥ ㄅㄧㄢˋ,隨機應󠇡變,U+96A8 U+6A5F U+61C9 U+E01E1 U+8B8A,應:IVS+1,
隨興,ㄙㄨㄟˊ ㄒㄧㄥˋ,ㄙㄨㄟˊ ㄒㄧㄥ,隨興󠇡,U+96A8 U+8208 U+E01E1,興:IVS+1,
隨處,ㄙㄨㄟˊ ㄔㄨˋ,ㄙㄨㄟˊ ㄔㄨˇ,隨處󠇡,U+96A8 U+8655 U+E01E1,處:IVS+1,
隨聲附和,ㄙㄨㄟˊ ㄕㄥ ㄈㄨˋ ㄏㄜˋ,ㄙㄨㄟˊ ㄕㄥ ㄈㄨˋ ㄏㄜˊ,隨聲附和󠇢,U+96A8 U+8072 U+9644 U+548C U+E01E2,和:IVS+2,
損兵折將,ㄙㄨㄣˇ ㄅㄧㄥ ㄓㄜˊ ㄐㄧㄤˋ,ㄙㄨㄣˇ ㄅㄧㄥ ㄓㄜˊ ㄐㄧㄤ,損兵折將󠇡,U+640D U+5175 U+6298 U+5C07 U+E01E1,將:IVS+1,
榫頭,ㄙㄨㄣˇ ˙ㄊㄡ,ㄙㄨㄣˇ ㄊㄡˊ,榫頭󠇡,U+69AB U+982D U+E01E1,頭:IVS+1,
鬆散,ㄙㄨㄥ ㄙㄢˇ,ㄙㄨㄥ ㄙㄢˋ,鬆散󠇡,U+9B06 U+6563 U+E01E1,散:IVS+1,
送還,ㄙㄨㄥˋ ㄏㄨㄢˊ,ㄙㄨㄥˋ ㄏㄞˊ,送還󠇡,U+9001 U+9084 U+E01E1,還:IVS+1,
啊哈,ㄚ ㄏㄚ,˙ㄚ ㄏㄚ,啊󠇡哈,U+554A U+E01E1 U+54C8,啊:IVS+1,
阿諛,ㄜ ㄩˊ,ㄚ ㄩˊ,阿󠇡諛,U+963F U+E01E1 U+8ADB,阿:IVS+1,
婀娜,ㄜ ㄋㄨㄛˊ,ㄜ ㄋㄚˋ,婀娜󠇡,U+5A40 U+5A1C U+E01E1,娜:IVS+1,
婀娜多姿,ㄜ ㄋㄨㄛˊ ㄉㄨㄛ ㄗ,ㄜ ㄋㄚˋ ㄉㄨㄛ ㄗ,婀娜󠇡多姿,U+5A40 U+5A1C U+E01E1 U+591A U+59FF,娜:IVS+1,
額頭,ㄜˊ ˙ㄊㄡ,ㄜˊ ㄊㄡˊ,額頭󠇡,U+984D U+982D U+E01E1,頭:IVS+1,
惡心,ㄜˇ ㄒㄧㄣ,ㄜˋ ㄒㄧㄣ,惡󠇣心,U+60E1 U+E01E3 U+5FC3,惡:IVS+3,
惡少,ㄜˋ ㄕㄠˋ,ㄜˋ ㄕㄠˇ,惡少󠇡,U+60E1 U+5C11 U+E01E1,少:IVS+1,
哀號,ㄞ ㄏㄠˊ,ㄞ ㄏㄠˋ,哀號󠇡,U+54C0 U+865F U+E01E1,號:IVS+1,
欸乃,ㄞˇ ㄋㄞˇ,ㄟˋ ㄋㄞˇ,欸󠇡乃,U+6B38 U+E01E1 U+4E43,欸:IVS+1,
愛好,ㄞˋ ㄏㄠˋ,ㄞˋ ㄏㄠˇ,愛好󠇡,U+611B U+597D U+E01E1,好:IVS+1,
拗口,ㄠˋ ㄎㄡˇ,ㄋㄧㄡˋ ㄎㄡˇ,拗󠇡口,U+62D7 U+E01E1 U+53E3,拗:IVS+1,
懊喪,ㄠˋ ㄙㄤˋ,ㄠˋ ㄙㄤ,懊喪󠇡,U+61CA U+55AA U+E01E1,喪:IVS+1,
嘔吐,ㄡˇ ㄊㄨˋ,ㄡˇ ㄊㄨˇ,嘔吐󠇡,U+5614 U+5410 U+E01E1,吐:IVS+1,
嘔氣,ㄡˋ ㄑㄧˋ,ㄡˇ ㄑㄧˋ,嘔󠇡氣,U+5614 U+E01E1 U+6C23,嘔:IVS+1,
安分守己,ㄢ ㄈㄣˋ ㄕㄡˇ ㄐㄧˇ,ㄢ ㄈㄣ ㄕㄡˇ ㄐㄧˇ,安分󠇡守己,U+5B89 U+5206 U+E01E1 U+5B88 U+5DF1,分:IVS+1,
案子,ㄢˋ ˙ㄗ,ㄢˋ ㄗˇ,案子󠇡,U+6848 U+5B50 U+E01E1,子:IVS+1,
暗處,ㄢˋ ㄔㄨˋ,ㄢˋ ㄔㄨˇ,暗處󠇡,U+6697 U+8655 U+E01E1,處:IVS+1,
恩給制,ㄣ ㄐㄧˇ ㄓˋ,ㄣ ㄍㄟˇ ㄓˋ,恩給󠇡制,U+6069 U+7D66 U+E01E1 U+5236,給:IVS+1,
兒化音,ㄦ ㄏㄨㄚˋ ㄧㄣ,ㄦˊ ㄏㄨㄚˋ ㄧㄣ,兒󠇡化音,U+5152 U+E01E1 U+5316 U+97F3,兒:IVS+1,
兒子,ㄦˊ ˙ㄗ,ㄦˊ ㄗˇ,兒子󠇡,U+5152 U+5B50 U+E01E1,子:IVS+1,
耳刮子,ㄦˇ ㄍㄨㄚ ˙ㄗ,ㄦˇ ㄍㄨㄚ ㄗˇ,耳刮子󠇡,U+8033 U+522E U+5B50 U+E01E1,子:IVS+1,
二愣子,ㄦˋ ㄌㄥˋ ˙ㄗ,ㄦˋ ㄌㄥˋ ㄗˇ,二愣子󠇡,U+4E8C U+6123 U+5B50 U+E01E1,子:IVS+1,
二次全倒,ㄦˋ ㄘˋ ㄑㄩㄢˊ ㄉㄠˇ,ㄦˋ ㄘˋ ㄑㄩㄢˊ ㄉㄠˋ,二次全倒󠇡,U+4E8C U+6B21 U+5168 U+5012 U+E01E1,倒:IVS+1,
一輩子,ㄧ ㄅㄟˋ ˙ㄗ,ㄧ ㄅㄟˋ ㄗˇ,一輩子󠇡,U+4E00 U+8F29 U+5B50 U+E01E1,子:IVS+1,
一部分,ㄧ ㄅㄨˋ ㄈㄣˋ,ㄧ ㄅㄨˋ ㄈㄣ,一部分󠇡,U+4E00 U+90E8 U+5206 U+E01E1,分:IVS+1,
一盤散沙,ㄧ ㄆㄢˊ ㄙㄢˇ ㄕㄚ,ㄧ ㄆㄢˊ ㄙㄢˋ ㄕㄚ,一盤散󠇡沙,U+4E00 U+76E4 U+6563 U+E01E1 U+6C99,散:IVS+1,
一脈相承,ㄧ ㄇㄞˋ ㄒㄧㄤ ㄔㄥˊ,ㄧ ㄇㄞˋ ㄒㄧㄤˋ ㄔㄥˊ,一脈相󠇡承,U+4E00 U+8108 U+76F8 U+E01E1 U+627F,相:IVS+1,
一脈相傳,ㄧ ㄇㄞˋ ㄒㄧㄤ ㄔㄨㄢˊ,ㄧ ㄇㄞˋ ㄒㄧㄤˋ ㄔㄨㄢˊ,一脈相󠇡傳,U+4E00 U+8108 U+76F8 U+E01E1 U+50B3,相:IVS+1,
一面倒,ㄧ ㄇㄧㄢˋ ㄉㄠˇ,ㄧ ㄇㄧㄢˋ ㄉㄠˋ,一面倒󠇡,U+4E00 U+9762 U+5012 U+E01E1,倒:IVS+1,
一目了然,ㄧ ㄇㄨˋ ㄌㄧㄠˇ ㄖㄢˊ,ㄧ ㄇㄨˋ ˙ㄌㄜ ㄖㄢˊ,一目了󠇡然,U+4E00 U+76EE U+4E86 U+E01E1 U+7136,了:IVS+1,
一目十行,ㄧ ㄇㄨˋ ㄕˊ ㄏㄤˊ,ㄧ ㄇㄨˋ ㄕˊ ㄒㄧㄥˊ,一目十行󠇡,U+4E00 U+76EE U+5341 U+884C U+E01E1,行:IVS+1,
一分子,ㄧ ㄈㄣˋ ㄗˇ,ㄧ ㄈㄣ ㄗˇ,一分󠇡子,U+4E00 U+5206 U+E01E1 U+5B50,分:IVS+1,
一點兒,ㄧ ㄉㄧㄢˇ ㄦ,ㄧ ㄉㄧㄢˇ ㄦˊ,一點兒󠇡,U+4E00 U+9EDE U+5152 U+E01E1,兒:IVS+1,
一肚子,ㄧ ㄉㄨˋ ˙ㄗ,ㄧ ㄉㄨˋ ㄗˇ,一肚子󠇡,U+4E00 U+809A U+5B50 U+E01E1,子:IVS+1,
一年半載,ㄧ ㄋㄧㄢˊ ㄅㄢˋ ㄗㄞˇ,ㄧ ㄋㄧㄢˊ ㄅㄢˋ ㄗㄞˋ,一年半載󠇡,U+4E00 U+5E74 U+534A U+8F09 U+E01E1,載:IVS+1,
一了百了,ㄧ ㄌㄧㄠˇ ㄅㄞˇ ㄌㄧㄠˇ,ㄧ ˙ㄌㄜ ㄅㄞˇ ˙ㄌㄜ,一了󠇡百了󠇡,U+4E00 U+4E86 U+E01E1 U+767E U+4E86 U+E01E1,了:IVS+1; 了:IVS+1,
一了心願,ㄧ ㄌㄧㄠˇ ㄒㄧㄣ ㄩㄢˋ,ㄧ ˙ㄌㄜ ㄒㄧㄣ ㄩㄢˋ,一了󠇡心願,U+4E00 U+4E86 U+E01E1 U+5FC3 U+9858,了:IVS+1,
一溜,ㄧ ㄌㄧㄡˋ,ㄧ ㄌㄧㄡ,一溜󠇡,U+4E00 U+6E9C U+E01E1,溜:IVS+1,
一鱗半爪,ㄧ ㄌㄧㄣˊ ㄅㄢˋ ㄓㄠˇ,ㄧ ㄌㄧㄣˊ ㄅㄢˋ ㄓㄨㄚˇ,一鱗半爪󠇡,U+4E00 U+9C57 U+534A U+722A U+E01E1,爪:IVS+1,
一個勁兒,ㄧ ㄍㄜˋ ㄐㄧㄥˋ ㄦ,ㄧ ㄍㄜˋ ㄐㄧㄥˋ ㄦˊ,一個勁兒󠇡,U+4E00 U+500B U+52C1 U+5152 U+E01E1,兒:IVS+1,
一骨碌,ㄧ ㄍㄨ ㄌㄨˋ,ㄧ ㄍㄨˇ ㄌㄨˋ,一骨󠇡碌,U+4E00 U+9AA8 U+E01E1 U+788C,骨:IVS+1,
一股腦兒,ㄧ ㄍㄨˇ ㄋㄠˇ ㄦ,ㄧ ㄍㄨˇ ㄋㄠˇ ㄦˊ,一股腦兒󠇡,U+4E00 U+80A1 U+8166 U+5152 U+E01E1,兒:IVS+1,
一股勁兒,ㄧ ㄍㄨˇ ㄐㄧㄥˋ ㄦ,ㄧ ㄍㄨˇ ㄐㄧㄥˋ ㄦˊ,一股勁兒󠇡,U+4E00 U+80A1 U+52C1 U+5152 U+E01E1,兒:IVS+1,
一塊兒,ㄧ ㄎㄨㄞˋ ㄦ,ㄧ ㄎㄨㄞˋ ㄦˊ,一塊兒󠇡,U+4E00 U+584A U+5152 U+E01E1,兒:IVS+1,
一會兒,ㄧ ㄏㄨㄟˇ ㄦ,ㄧ ㄏㄨㄟˋ ㄦˊ,一會󠇢兒󠇡,U+4E00 U+6703 U+E01E2 U+5152 U+E01E1,會:IVS+2; 兒:IVS+1,
一晃眼,ㄧ ㄏㄨㄤˇ ㄧㄢˇ,ㄧ ㄏㄨㄤˋ ㄧㄢˇ,一晃󠇡眼,U+4E00 U+6643 U+E01E1 U+773C,晃:IVS+1,
一肩挑,ㄧ ㄐㄧㄢ ㄊㄧㄠ,ㄧ ㄐㄧㄢ ㄊㄧㄠˇ,一肩挑󠇡,U+4E00 U+80A9 U+6311 U+E01E1,挑:IVS+1,
一切,ㄧ ㄑㄧㄝˋ,ㄧ ㄑㄧㄝ,一切󠇡,U+4E00 U+5207 U+E01E1,切:IVS+1,
一切從簡,ㄧ ㄑㄧㄝˋ ㄘㄨㄥˊ ㄐㄧㄢˇ,ㄧ ㄑㄧㄝ ㄘㄨㄥˊ ㄐㄧㄢˇ,一切󠇡從簡,U+4E00 U+5207 U+E01E1 U+5F9E U+7C21,切:IVS+1,
一下子,ㄧ ㄒㄧㄚˋ ˙ㄗ,ㄧ ㄒㄧㄚˋ ㄗˇ,一下子󠇡,U+4E00 U+4E0B U+5B50 U+E01E1,子:IVS+1,
一相情願,ㄧ ㄒㄧㄤ ㄑㄧㄥˊ ㄩㄢˋ,ㄧ ㄒㄧㄤˋ ㄑㄧㄥˊ ㄩㄢˋ,一相󠇡情願,U+4E00 U+76F8 U+E01E1 U+60C5 U+9858,相:IVS+1,
一朝,ㄧ ㄓㄠ,ㄧ ㄔㄠˊ,一朝󠇡,U+4E00 U+671D U+E01E1,朝:IVS+1,
一朝一夕,ㄧ ㄓㄠ ㄧ ㄒㄧˋ,ㄧ ㄔㄠˊ ㄧ ㄒㄧˋ,一朝󠇡一夕,U+4E00 U+671D U+E01E1 U+4E00 U+5915,朝:IVS+1,
一陣子,ㄧ ㄓㄣˋ ˙ㄗ,ㄧ ㄓㄣˋ ㄗˇ,一陣子󠇡,U+4E00 U+9663 U+5B50 U+E01E1,子:IVS+1,
一處,ㄧ ㄔㄨˋ,ㄧ ㄔㄨˇ,一處󠇡,U+4E00 U+8655 U+E01E1,處:IVS+1,
一走了之,ㄧ ㄗㄡˇ ㄌㄧㄠˇ ㄓ,ㄧ ㄗㄡˇ ˙ㄌㄜ ㄓ,一走了󠇡之,U+4E00 U+8D70 U+4E86 U+E01E1 U+4E4B,了:IVS+1,
一次全倒,ㄧ ㄘˋ ㄑㄩㄢˊ ㄉㄠˇ,ㄧ ㄘˋ ㄑㄩㄢˊ ㄉㄠˋ,一次全倒󠇡,U+4E00 U+6B21 U+5168 U+5012 U+E01E1,倒:IVS+1,
一蹴可幾,ㄧ ㄘㄨˋ ㄎㄜˇ ㄐㄧ,ㄧ ㄘㄨˋ ㄎㄜˇ ㄐㄧˇ,一蹴可幾󠇡,U+4E00 U+8E74 U+53EF U+5E7E U+E01E1,幾:IVS+1,
一無是處,ㄧ ㄨˊ ㄕˋ ㄔㄨˋ,ㄧ ㄨˊ ㄕˋ ㄔㄨˇ,一無是處󠇡,U+4E00 U+7121 U+662F U+8655 U+E01E1,處:IVS+1,
一語中的,ㄧ ㄩˇ ㄓㄨㄥˋ ㄉㄧˋ,ㄧ ㄩˇ ㄓㄨㄥ ˙ㄉㄜ,一語中󠇡的󠇢,U+4E00 U+8A9E U+4E2D U+E01E1 U+7684 U+E01E2,中:IVS+1; 的:IVS+2,
衣冠禽獸,ㄧ ㄍㄨㄢ ㄑㄧㄣˊ ㄕㄡˋ,ㄧ ㄍㄨㄢˋ ㄑㄧㄣˊ ㄕㄡˋ,衣冠󠇡禽獸,U+8863 U+51A0 U+E01E1 U+79BD U+7378,冠:IVS+1,
衣冠塚,ㄧ ㄍㄨㄢ ㄓㄨㄥˇ,ㄧ ㄍㄨㄢˋ ㄓㄨㄥˇ,衣冠󠇡塚,U+8863 U+51A0 U+E01E1 U+585A,冠:IVS+1,
衣冠楚楚,ㄧ ㄍㄨㄢ ㄔㄨˇ ㄔㄨˇ,ㄧ ㄍㄨㄢˋ ㄔㄨˇ ㄔㄨˇ,衣冠󠇡楚楚,U+8863 U+51A0 U+E01E1 U+695A U+695A,冠:IVS+1,
衣架子,ㄧ ㄐㄧㄚˋ ˙ㄗ,ㄧ ㄐㄧㄚˋ ㄗˇ,衣架子󠇡,U+8863 U+67B6 U+5B50 U+E01E1,子:IVS+1,
衣著,ㄧ ㄓㄨㄛˊ,ㄧ ˙ㄓㄜ,衣著󠇤,U+8863 U+8457 U+E01E4,著:IVS+4,
衣裳,ㄧ ˙ㄕㄤ,ㄧ ㄔㄤˊ,衣裳󠇡,U+8863 U+88F3 U+E01E1,裳:IVS+1,
依傍,ㄧ ㄅㄤˋ,ㄧ ㄅㄤ,依傍󠇡,U+4F9D U+508D U+E01E1,傍:IVS+1,
依法炮製,ㄧ ㄈㄚˇ ㄆㄠˊ ㄓˋ,ㄧ ㄈㄚˇ ㄆㄠˋ ㄓˋ,依法炮󠇡製,U+4F9D U+6CD5 U+70AE U+E01E1 U+88FD,炮:IVS+1,
姨太太,ㄧˊ ㄊㄞˋ ˙ㄊㄞ,ㄧˊ ㄊㄞˋ ㄊㄞˋ,姨太太󠇡,U+59E8 U+592A U+592A U+E01E1,太:IVS+1,
移民媽媽,ㄧˊ ㄇㄧㄣˊ ㄇㄚ ˙ㄇㄚ,ㄧˊ ㄇㄧㄣˊ ㄇㄚ ㄇㄚ,移民媽媽󠇡,U+79FB U+6C11 U+5ABD U+5ABD U+E01E1,媽:IVS+1,
遺著,ㄧˊ ㄓㄨˋ,ㄧˊ ˙ㄓㄜ,遺著󠇡,U+907A U+8457 U+E01E1,著:IVS+1,
以禮相待,ㄧˇ ㄌㄧˇ ㄒㄧㄤ ㄉㄞˋ,ㄧˇ ㄌㄧˇ ㄒㄧㄤˋ ㄉㄞˋ,以禮相󠇡待,U+4EE5 U+79AE U+76F8 U+E01E1 U+5F85,相:IVS+1,
以身相許,ㄧˇ ㄕㄣ ㄒㄧㄤ ㄒㄩˇ,ㄧˇ ㄕㄣ ㄒㄧㄤˋ ㄒㄩˇ,以身相󠇡許,U+4EE5 U+8EAB U+76F8 U+E01E1 U+8A31,相:IVS+1,
以牙還牙,ㄧˇ ㄧㄚˊ ㄏㄨㄢˊ ㄧㄚˊ,ㄧˇ ㄧㄚˊ ㄏㄞˊ ㄧㄚˊ,以牙還󠇡牙,U+4EE5 U+7259 U+9084 U+E01E1 U+7259,還:IVS+1,
椅子,ㄧˇ ˙ㄗ,ㄧˇ ㄗˇ,椅子󠇡,U+6905 U+5B50 U+E01E1,子:IVS+1,
衣錦還鄉,ㄧˋ ㄐㄧㄣˇ ㄏㄨㄢˊ ㄒㄧㄤ,ㄧ ㄐㄧㄣˇ ㄏㄞˊ ㄒㄧㄤ,衣󠇡錦還󠇡鄉,U+8863 U+E01E1 U+9326 U+9084 U+E01E1 U+9109,衣:IVS+1; 還:IVS+1,
衣錦榮歸,ㄧˋ ㄐㄧㄣˇ ㄖㄨㄥˊ ㄍㄨㄟ,ㄧ ㄐㄧㄣˇ ㄖㄨㄥˊ ㄍㄨㄟ,衣󠇡錦榮歸,U+8863 U+E01E1 U+9326 U+69AE U+6B78,衣:IVS+1,
洩洩,ㄧˋ ㄧˋ,ㄒㄧㄝˋ ㄒㄧㄝˋ,洩󠇡洩󠇡,U+6D29 U+E01E1 U+6D29 U+E01E1,洩:IVS+1; 洩:IVS+1,
泄泄,ㄧˋ ㄧˋ,ㄒㄧㄝˋ ㄒㄧㄝˋ,泄󠇡泄󠇡,U+6CC4 U+E01E1 U+6CC4 U+E01E1,泄:IVS+1; 泄:IVS+1,
益處,ㄧˋ ㄔㄨˋ,ㄧˋ ㄔㄨˇ,益處󠇡,U+76CA U+8655 U+E01E1,處:IVS+1,
逸興,ㄧˋ ㄒㄧㄥˋ,ㄧˋ ㄒㄧㄥ,逸興󠇡,U+9038 U+8208 U+E01E1,興:IVS+1,
意興,ㄧˋ ㄒㄧㄥˋ,ㄧˋ ㄒㄧㄥ,意興󠇡,U+610F U+8208 U+E01E1,興:IVS+1,
意興闌珊,ㄧˋ ㄒㄧㄥˋ ㄌㄢˊ ㄕㄢ,ㄧˋ ㄒㄧㄥ ㄌㄢˊ ㄕㄢ,意興󠇡闌珊,U+610F U+8208 U+E01E1 U+95CC U+73CA,興:IVS+1,
臆度,ㄧˋ ㄉㄨㄛˋ,ㄧˋ ㄉㄨˋ,臆度󠇡,U+81C6 U+5EA6 U+E01E1,度:IVS+1,
譯著,ㄧˋ ㄓㄨˋ,ㄧˋ ˙ㄓㄜ,譯著󠇡,U+8B6F U+8457 U+E01E1,著:IVS+1,
丫頭,ㄧㄚ ˙ㄊㄡ,ㄧㄚ ㄊㄡˊ,丫頭󠇡,U+4E2B U+982D U+E01E1,頭:IVS+1,
押解,ㄧㄚ ㄐㄧㄝˋ,ㄧㄚ ㄐㄧㄝˇ,押解󠇡,U+62BC U+89E3 U+E01E1,解:IVS+1,
鴨子,ㄧㄚ ˙ㄗ,ㄧㄚ ㄗˇ,鴨子󠇡,U+9D28 U+5B50 U+E01E1,子:IVS+1,
啞啞,ㄧㄚ ㄧㄚ,ㄧㄚˇ ㄧㄚˇ,啞󠇡啞󠇡,U+555E U+E01E1 U+555E U+E01E1,啞:IVS+1; 啞:IVS+1,
壓倒,ㄧㄚ ㄉㄠˇ,ㄧㄚ ㄉㄠˋ,壓倒󠇡,U+58D3 U+5012 U+E01E1,倒:IVS+1,
壓倒性,ㄧㄚ ㄉㄠˇ ㄒㄧㄥˋ,ㄧㄚ ㄉㄠˋ ㄒㄧㄥˋ,壓倒󠇡性,U+58D3 U+5012 U+E01E1 U+6027,倒:IVS+1,
壓根兒,ㄧㄚ ㄍㄣ ㄦ,ㄧㄚ ㄍㄣ ㄦˊ,壓根兒󠇡,U+58D3 U+6839 U+5152 U+E01E1,兒:IVS+1,
枒杈,ㄧㄚˊ ㄔㄚ,ㄧㄚˊ ㄔㄚˋ,枒杈󠇡,U+6792 U+6748 U+E01E1,杈:IVS+1,
雅興,ㄧㄚˇ ㄒㄧㄥˋ,ㄧㄚˇ ㄒㄧㄥ,雅興󠇡,U+96C5 U+8208 U+E01E1,興:IVS+1,
雅樂,ㄧㄚˇ ㄩㄝˋ,ㄧㄚˇ ㄌㄜˋ,雅樂󠇡,U+96C5 U+6A02 U+E01E1,樂:IVS+1,
軋鋼,ㄧㄚˋ ㄍㄤ,ㄍㄚˊ ㄍㄤ,軋󠇡鋼,U+8ECB U+E01E1 U+92FC,軋:IVS+1,
揠苗助長,ㄧㄚˋ ㄇㄧㄠˊ ㄓㄨˋ ㄓㄤˇ,ㄧㄚˋ ㄇㄧㄠˊ ㄓㄨˋ ㄔㄤˊ,揠苗助長󠇡,U+63E0 U+82D7 U+52A9 U+9577 U+E01E1,長:IVS+1,
爺爺,ㄧㄝˊ ˙ㄧㄝ,ㄧㄝˊ ㄧㄝˊ,爺爺󠇡,U+723A U+723A U+E01E1,爺:IVS+1,
椰子,ㄧㄝˊ ˙ㄗ,ㄧㄝˊ ㄗˇ,椰子󠇡,U+6930 U+5B50 U+E01E1,子:IVS+1,
斜谷,ㄧㄝˊ ㄍㄨˇ,ㄒㄧㄝˊ ㄍㄨˇ,斜󠇡谷,U+659C U+E01E1 U+8C37,斜:IVS+1,
野孩子,ㄧㄝˇ ㄏㄞˊ ˙ㄗ,ㄧㄝˇ ㄏㄞˊ ㄗˇ,野孩子󠇡,U+91CE U+5B69 U+5B50 U+E01E1,子:IVS+1,
夜貓子,ㄧㄝˋ ㄇㄠ ˙ㄗ,ㄧㄝˋ ㄇㄠ ㄗˇ,夜貓子󠇡,U+591C U+8C93 U+5B50 U+E01E1,子:IVS+1,
射干,ㄧㄝˋ ㄍㄢ,ㄕㄜˋ ㄍㄢ,射󠇡干,U+5C04 U+E01E1 U+5E72,射:IVS+1,
葉子,ㄧㄝˋ ˙ㄗ,ㄧㄝˋ ㄗˇ,葉子󠇡,U+8449 U+5B50 U+E01E1,子:IVS+1,
么麼,ㄧㄠ ㄇㄛˊ,ㄧㄠ ˙ㄇㄜ,么麼󠇢,U+4E48 U+9EBC U+E01E2,麼:IVS+2,
吆喝,ㄧㄠ ㄏㄜˋ,ㄧㄠ ㄏㄜ,吆喝󠇡,U+5406 U+559D U+E01E1,喝:IVS+1,
要求,ㄧㄠ ㄑㄧㄡˊ,ㄧㄠˋ ㄑㄧㄡˊ,要󠇡求,U+8981 U+E01E1 U+6C42,要:IVS+1,
要挾,ㄧㄠ ㄒㄧㄚˊ,ㄧㄠˋ ㄒㄧㄚˊ,要󠇡挾,U+8981 U+E01E1 U+633E,要:IVS+1,
要脅,ㄧㄠ ㄒㄧㄝˊ,ㄧㄠˋ ㄒㄧㄝˊ,要󠇡脅,U+8981 U+E01E1 U+8105,要:IVS+1,
腰子,ㄧㄠ ˙ㄗ,ㄧㄠ ㄗˇ,腰子󠇡,U+8170 U+5B50 U+E01E1,子:IVS+1,
搖滾樂,ㄧㄠˊ ㄍㄨㄣˇ ㄩㄝˋ,ㄧㄠˊ ㄍㄨㄣˇ ㄌㄜˋ,搖滾樂󠇡,U+6416 U+6EFE U+6A02 U+E01E1,樂:IVS+1,
咬牙切齒,ㄧㄠˇ ㄧㄚˊ ㄑㄧㄝˋ ㄔˇ,ㄧㄠˇ ㄧㄚˊ ㄑㄧㄝ ㄔˇ,咬牙切󠇡齒,U+54AC U+7259 U+5207 U+E01E1 U+9F52,切:IVS+1,
舀子,ㄧㄠˇ ˙ㄗ,ㄧㄠˇ ㄗˇ,舀子󠇡,U+8200 U+5B50 U+E01E1,子:IVS+1,
要不得,ㄧㄠˋ ㄅㄨˋ ˙ㄉㄜ,ㄧㄠˋ ㄅㄨˋ ㄉㄜˊ,要不得󠇡,U+8981 U+4E0D U+5F97 U+E01E1,得:IVS+1,
要得,ㄧㄠˋ ˙ㄉㄜ,ㄧㄠˋ ㄉㄜˊ,要得󠇡,U+8981 U+5F97 U+E01E1,得:IVS+1,
要角,ㄧㄠˋ ㄐㄩㄝˊ,ㄧㄠˋ ㄐㄧㄠˇ,要角󠇡,U+8981 U+89D2 U+E01E1,角:IVS+1,
要塞,ㄧㄠˋ ㄙㄞˋ,ㄧㄠˋ ㄙㄞ,要塞󠇢,U+8981 U+585E U+E01E2,塞:IVS+2,
樂群,ㄧㄠˋ ㄑㄩㄣˊ,ㄌㄜˋ ㄑㄩㄣˊ,樂󠇢群,U+6A02 U+E01E2 U+7FA4,樂:IVS+2,
藥罐子,ㄧㄠˋ ㄍㄨㄢˋ ˙ㄗ,ㄧㄠˋ ㄍㄨㄢˋ ㄗˇ,藥罐子󠇡,U+85E5 U+7F50 U+5B50 U+E01E1,子:IVS+1,
藥行,ㄧㄠˋ ㄏㄤˊ,ㄧㄠˋ ㄒㄧㄥˊ,藥行󠇡,U+85E5 U+884C U+E01E1,行:IVS+1,
鷂子,ㄧㄠˋ ˙ㄗ,ㄧㄠˋ ㄗˇ,鷂子󠇡,U+9DC2 U+5B50 U+E01E1,子:IVS+1,
鑰匙,ㄧㄠˋ ˙ㄕ,ㄧㄠˋ ㄔˊ,鑰匙󠇡,U+9470 U+5319 U+E01E1,匙:IVS+1,
由不得,ㄧㄡˊ ㄅㄨˋ ˙ㄉㄜ,ㄧㄡˊ ㄅㄨˋ ㄉㄜˊ,由不得󠇡,U+7531 U+4E0D U+5F97 U+E01E1,得:IVS+1,
油行,ㄧㄡˊ ㄏㄤˊ,ㄧㄡˊ ㄒㄧㄥˊ,油行󠇡,U+6CB9 U+884C U+E01E1,行:IVS+1,
油腔滑調,ㄧㄡˊ ㄑㄧㄤ ㄏㄨㄚˊ ㄉㄧㄠˋ,ㄧㄡˊ ㄑㄧㄤ ㄏㄨㄚˊ ㄊㄧㄠˊ,油腔滑調󠇡,U+6CB9 U+8154 U+6ED1 U+8ABF U+E01E1,調:IVS+1,
油炸,ㄧㄡˊ ㄓㄚˊ,ㄧㄡˊ ㄓㄚˋ,油炸󠇡,U+6CB9 U+70B8 U+E01E1,炸:IVS+1,
游手好閒,ㄧㄡˊ ㄕㄡˇ ㄏㄠˋ ㄒㄧㄢˊ,ㄧㄡˊ ㄕㄡˇ ㄏㄠˇ ㄒㄧㄢˊ,游手好󠇡閒,U+6E38 U+624B U+597D U+E01E1 U+9592,好:IVS+1,
遊興,ㄧㄡˊ ㄒㄧㄥˋ,ㄧㄡˊ ㄒㄧㄥ,遊興󠇡,U+904A U+8208 U+E01E1,興:IVS+1,
遊手好閒,ㄧㄡˊ ㄕㄡˇ ㄏㄠˋ ㄒㄧㄢˊ,ㄧㄡˊ ㄕㄡˇ ㄏㄠˇ ㄒㄧㄢˊ,遊手好󠇡閒,U+904A U+624B U+597D U+E01E1 U+9592,好:IVS+1,
遊說,ㄧㄡˊ ㄕㄨㄟˋ,ㄧㄡˊ ㄕㄨㄛ,遊說󠇡,U+904A U+8AAA U+E01E1,說:IVS+1,
郵差,ㄧㄡˊ ㄔㄞ,ㄧㄡˊ ㄔㄚ,郵差󠇡,U+90F5 U+5DEE U+E01E1,差:IVS+1,
有分,ㄧㄡˇ ㄈㄣˋ,ㄧㄡˇ ㄈㄣ,有分󠇡,U+6709 U+5206 U+E01E1,分:IVS+1,
有點兒,ㄧㄡˇ ㄉㄧㄢˇ ㄦ,ㄧㄡˇ ㄉㄧㄢˇ ㄦˊ,有點兒󠇡,U+6709 U+9EDE U+5152 U+E01E1,兒:IVS+1,
有看頭,ㄧㄡˇ ㄎㄢˋ ˙ㄊㄡ,ㄧㄡˇ ㄎㄢˋ ㄊㄡˊ,有看頭󠇡,U+6709 U+770B U+982D U+E01E1,頭:IVS+1,
有空,ㄧㄡˇ ㄎㄨㄥˋ,ㄧㄡˇ ㄎㄨㄥ,有空󠇡,U+6709 U+7A7A U+E01E1,空:IVS+1,
有行無市,ㄧㄡˇ ㄏㄤˊ ㄨˊ ㄕˋ,ㄧㄡˇ ㄒㄧㄥˊ ㄨˊ ㄕˋ,有行󠇡無市,U+6709 U+884C U+E01E1 U+7121 U+5E02,行:IVS+1,
有求必應,ㄧㄡˇ ㄑㄧㄡˊ ㄅㄧˋ ㄧㄥˋ,ㄧㄡˇ ㄑㄧㄡˊ ㄅㄧˋ ㄧㄥ,有求必應󠇡,U+6709 U+6C42 U+5FC5 U+61C9 U+E01E1,應:IVS+1,
有錢能使鬼推磨,ㄧㄡˇ ㄑㄧㄢˊ ㄋㄥˊ ㄕˇ ㄍㄨㄟˇ ㄊㄨㄟ ㄇㄛˋ,ㄧㄡˇ ㄑㄧㄢˊ ㄋㄥˊ ㄕˇ ㄍㄨㄟˇ ㄊㄨㄟ ㄇㄛˊ,有錢能使鬼推磨󠇡,U+6709 U+9322 U+80FD U+4F7F U+9B3C U+63A8 U+78E8 U+E01E1,磨:IVS+1,
有朝一日,ㄧㄡˇ ㄓㄠ ㄧ ㄖˋ,ㄧㄡˇ ㄔㄠˊ ㄧ ㄖˋ,有朝󠇡一日,U+6709 U+671D U+E01E1 U+4E00 U+65E5,朝:IVS+1,
有賺頭,ㄧㄡˇ ㄓㄨㄢˋ ˙ㄊㄡ,ㄧㄡˇ ㄓㄨㄢˋ ㄊㄡˊ,有賺頭󠇡,U+6709 U+8CFA U+982D U+E01E1,頭:IVS+1,
有意思,ㄧㄡˇ ㄧˋ ˙ㄙ,ㄧㄡˇ ㄧˋ ㄙ,有意思󠇢,U+6709 U+610F U+601D U+E01E2,思:IVS+2,
右翼分子,ㄧㄡˋ ㄧˋ ㄈㄣˋ ㄗˇ,ㄧㄡˋ ㄧˋ ㄈㄣ ㄗˇ,右翼分󠇡子,U+53F3 U+7FFC U+5206 U+E01E1 U+5B50,分:IVS+1,
柚子,ㄧㄡˋ ˙ㄗ,ㄧㄡˋ ㄗˇ,柚子󠇡,U+67DA U+5B50 U+E01E1,子:IVS+1,
淹沒,ㄧㄢ ㄇㄛˋ,ㄧㄢ ㄇㄟˊ,淹沒󠇡,U+6DF9 U+6C92 U+E01E1,沒:IVS+1,
殷紅,ㄧㄢ ㄏㄨㄥˊ,ㄧㄣ ㄏㄨㄥˊ,殷󠇢紅,U+6BB7 U+E01E2 U+7D05,殷:IVS+2,
閼氏,ㄧㄢ ㄓ,ㄜˋ ㄕˋ,閼󠇢氏󠇡,U+95BC U+E01E2 U+6C0F U+E01E1,閼:IVS+2; 氏:IVS+1,
言歸正傳,ㄧㄢˊ ㄍㄨㄟ ㄓㄥˋ ㄓㄨㄢˋ,ㄧㄢˊ ㄍㄨㄟ ㄓㄥˋ ㄔㄨㄢˊ,言歸正傳󠇡,U+8A00 U+6B78 U+6B63 U+50B3 U+E01E1,傳:IVS+1,
掩沒,ㄧㄢˇ ㄇㄛˋ,ㄧㄢˇ ㄇㄟˊ,掩沒󠇡,U+63A9 U+6C92 U+E01E1,沒:IVS+1,
雁行,ㄧㄢˋ ㄏㄤˊ,ㄧㄢˋ ㄒㄧㄥˊ,雁行󠇡,U+96C1 U+884C U+E01E1,行:IVS+1,
厭惡,ㄧㄢˋ ㄨˋ,ㄧㄢˋ ㄜˋ,厭惡󠇡,U+53AD U+60E1 U+E01E1,惡:IVS+1,
燕子,ㄧㄢˋ ˙ㄗ,ㄧㄢˋ ㄗˇ,燕子󠇡,U+71D5 U+5B50 U+E01E1,子:IVS+1,
因果報應,ㄧㄣ ㄍㄨㄛˇ ㄅㄠˋ ㄧㄥˋ,ㄧㄣ ㄍㄨㄛˇ ㄅㄠˋ ㄧㄥ,因果報應󠇡,U+56E0 U+679C U+5831 U+61C9 U+E01E1,應:IVS+1,
因應,ㄧㄣ ㄧㄥˋ,ㄧㄣ ㄧㄥ,因應󠇡,U+56E0 U+61C9 U+E01E1,應:IVS+1,
因為,ㄧㄣ ㄨㄟˋ,ㄧㄣ ㄨㄟˊ,因為󠇡,U+56E0 U+70BA U+E01E1,為:IVS+1,
音調,ㄧㄣ ㄉㄧㄠˋ,ㄧㄣ ㄊㄧㄠˊ,音調󠇡,U+97F3 U+8ABF U+E01E1,調:IVS+1,
音樂,ㄧㄣ ㄩㄝˋ,ㄧㄣ ㄌㄜˋ,音樂󠇡,U+97F3 U+6A02 U+E01E1,樂:IVS+1,
音樂盒,ㄧㄣ ㄩㄝˋ ㄏㄜˊ,ㄧㄣ ㄌㄜˋ ㄏㄜˊ,音樂󠇡盒,U+97F3 U+6A02 U+E01E1 U+76D2,樂:IVS+1,
音樂家,ㄧㄣ ㄩㄝˋ ㄐㄧㄚ,ㄧㄣ ㄌㄜˋ ㄐㄧㄚ,音樂󠇡家,U+97F3 U+6A02 U+E01E1 U+5BB6,樂:IVS+1,
音樂劇,ㄧㄣ ㄩㄝˋ ㄐㄩˋ,ㄧㄣ ㄌㄜˋ ㄐㄩˋ,音樂󠇡劇,U+97F3 U+6A02 U+E01E1 U+5287,樂:IVS+1,
音樂治療,ㄧㄣ ㄩㄝˋ ㄓˋ ㄌㄧㄠˊ,ㄧㄣ ㄌㄜˋ ㄓˋ ㄌㄧㄠˊ,音樂󠇡治療,U+97F3 U+6A02 U+E01E1 U+6CBB U+7642,樂:IVS+1,
殷切,ㄧㄣ ㄑㄧㄝˋ,ㄧㄣ ㄑㄧㄝ,殷切󠇡,U+6BB7 U+5207 U+E01E1,切:IVS+1,
陰盛陽衰,ㄧㄣ ㄕㄥˋ ㄧㄤˊ ㄕㄨㄞ,ㄧㄣ ㄔㄥˊ ㄧㄤˊ ㄕㄨㄞ,陰盛󠇡陽衰,U+9670 U+76DB U+E01E1 U+967D U+8870,盛:IVS+1,
湮沒,ㄧㄣ ㄇㄛˋ,ㄧㄣ ㄇㄟˊ,湮沒󠇡,U+6E6E U+6C92 U+E01E1,沒:IVS+1,
湮沒無聞,ㄧㄣ ㄇㄛˋ ㄨˊ ㄨㄣˊ,ㄧㄣ ㄇㄟˊ ㄨˊ ㄨㄣˊ,湮沒󠇡無聞,U+6E6E U+6C92 U+E01E1 U+7121 U+805E,沒:IVS+1,
銀行,ㄧㄣˊ ㄏㄤˊ,ㄧㄣˊ ㄒㄧㄥˊ,銀行󠇡,U+9280 U+884C U+E01E1,行:IVS+1,
銀子,ㄧㄣˊ ˙ㄗ,ㄧㄣˊ ㄗˇ,銀子󠇡,U+9280 U+5B50 U+E01E1,子:IVS+1,
銀絲卷,ㄧㄣˊ ㄙ ㄐㄩㄢˇ,ㄧㄣˊ ㄙ ㄐㄩㄢˋ,銀絲卷󠇡,U+9280 U+7D72 U+5377 U+E01E1,卷:IVS+1,
引吭,ㄧㄣˇ ㄏㄤˊ,ㄧㄣˇ ㄎㄥ,引吭󠇡,U+5F15 U+542D U+E01E1,吭:IVS+1,
引子,ㄧㄣˇ ˙ㄗ,ㄧㄣˇ ㄗˇ,引子󠇡,U+5F15 U+5B50 U+E01E1,子:IVS+1,
隱沒,ㄧㄣˇ ㄇㄛˋ,ㄧㄣˇ ㄇㄟˊ,隱沒󠇡,U+96B1 U+6C92 U+E01E1,沒:IVS+1,
洋鬼子,ㄧㄤˊ ㄍㄨㄟˇ ˙ㄗ,ㄧㄤˊ ㄍㄨㄟˇ ㄗˇ,洋鬼子󠇡,U+6D0B U+9B3C U+5B50 U+E01E1,子:IVS+1,
洋娃娃,ㄧㄤˊ ㄨㄚˊ ˙ㄨㄚ,ㄧㄤˊ ㄨㄚˊ ㄨㄚˊ,洋娃娃󠇡,U+6D0B U+5A03 U+5A03 U+E01E1,娃:IVS+1,
養分,ㄧㄤˇ ㄈㄣˋ,ㄧㄤˇ ㄈㄣ,養分󠇡,U+990A U+5206 U+E01E1,分:IVS+1,
養生送死,ㄧㄤˋ ㄕㄥ ㄙㄨㄥˋ ㄙˇ,ㄧㄤˇ ㄕㄥ ㄙㄨㄥˋ ㄙˇ,養󠇡生送死,U+990A U+E01E1 U+751F U+9001 U+6B7B,養:IVS+1,
樣子,ㄧㄤˋ ˙ㄗ,ㄧㄤˋ ㄗˇ,樣子󠇡,U+6A23 U+5B50 U+E01E1,子:IVS+1,
盈千累萬,ㄧㄥˊ ㄑㄧㄢ ㄌㄟˇ ㄨㄢˋ,ㄧㄥˊ ㄑㄧㄢ ㄌㄟˋ ㄨㄢˋ,盈千累󠇡萬,U+76C8 U+5343 U+7D2F U+E01E1 U+842C,累:IVS+1,
影子,ㄧㄥˇ ˙ㄗ,ㄧㄥˇ ㄗˇ,影子󠇡,U+5F71 U+5B50 U+E01E1,子:IVS+1,
硬裡子,ㄧㄥˋ ㄌㄧˇ ˙ㄗ,ㄧㄥˋ ㄌㄧˇ ㄗˇ,硬裡子󠇡,U+786C U+88E1 U+5B50 U+E01E1,子:IVS+1,
硬骨頭,ㄧㄥˋ ㄍㄨˊ ˙ㄊㄡ,ㄧㄥˋ ㄍㄨˇ ㄊㄡˊ,硬骨󠇢頭󠇡,U+786C U+9AA8 U+E01E2 U+982D U+E01E1,骨:IVS+2; 頭:IVS+1,
應變,ㄧㄥˋ ㄅㄧㄢˋ,ㄧㄥ ㄅㄧㄢˋ,應󠇡變,U+61C9 U+E01E1 U+8B8A,應:IVS+1,
應聘,ㄧㄥˋ ㄆㄧㄥˋ,ㄧㄥ ㄆㄧㄥˋ,應󠇡聘,U+61C9 U+E01E1 U+8058,應:IVS+1,
應門,ㄧㄥˋ ㄇㄣˊ,ㄧㄥ ㄇㄣˊ,應󠇡門,U+61C9 U+E01E1 U+9580,應:IVS+1,
應付自如,ㄧㄥˋ ㄈㄨˋ ㄗˋ ㄖㄨˊ,ㄧㄥ ㄈㄨˋ ㄗˋ ㄖㄨˊ,應󠇡付自如,U+61C9 U+E01E1 U+4ED8 U+81EA U+5982,應:IVS+1,
應付裕如,ㄧㄥˋ ㄈㄨˋ ㄩˋ ㄖㄨˊ,ㄧㄥ ㄈㄨˋ ㄩˋ ㄖㄨˊ,應󠇡付裕如,U+61C9 U+E01E1 U+4ED8 U+88D5 U+5982,應:IVS+1,
應答,ㄧㄥˋ ㄉㄚˊ,ㄧㄥ ㄉㄚˊ,應󠇡答,U+61C9 U+E01E1 U+7B54,應:IVS+1,
應對,ㄧㄥˋ ㄉㄨㄟˋ,ㄧㄥ ㄉㄨㄟˋ,應󠇡對,U+61C9 U+E01E1 U+5C0D,應:IVS+1,
應對如流,ㄧㄥˋ ㄉㄨㄟˋ ㄖㄨˊ ㄌㄧㄡˊ,ㄧㄥ ㄉㄨㄟˋ ㄖㄨˊ ㄌㄧㄡˊ,應󠇡對如流,U+61C9 U+E01E1 U+5C0D U+5982 U+6D41,應:IVS+1,
應考,ㄧㄥˋ ㄎㄠˇ,ㄧㄥ ㄎㄠˇ,應󠇡考,U+61C9 U+E01E1 U+8003,應:IVS+1,
應和,ㄧㄥˋ ㄏㄜˋ,ㄧㄥ ㄏㄜˊ,應󠇡和󠇢,U+61C9 U+E01E1 U+548C U+E01E2,應:IVS+1; 和:IVS+2,
應急,ㄧㄥˋ ㄐㄧˊ,ㄧㄥ ㄐㄧˊ,應󠇡急,U+61C9 U+E01E1 U+6025,應:IVS+1,
應接不暇,ㄧㄥˋ ㄐㄧㄝ ㄅㄨˋ ㄒㄧㄚˊ,ㄧㄥ ㄐㄧㄝ ㄅㄨˋ ㄒㄧㄚˊ,應󠇡接不暇,U+61C9 U+E01E1 U+63A5 U+4E0D U+6687,應:IVS+1,
應景,ㄧㄥˋ ㄐㄧㄥˇ,ㄧㄥ ㄐㄧㄥˇ,應󠇡景,U+61C9 U+E01E1 U+666F,應:IVS+1,
應許,ㄧㄥˋ ㄒㄩˇ,ㄧㄥ ㄒㄩˇ,應󠇡許,U+61C9 U+E01E1 U+8A31,應:IVS+1,
應訊,ㄧㄥˋ ㄒㄩㄣˋ,ㄧㄥ ㄒㄩㄣˋ,應󠇡訊,U+61C9 U+E01E1 U+8A0A,應:IVS+1,
應召,ㄧㄥˋ ㄓㄠˋ,ㄧㄥ ㄓㄠˋ,應󠇡召,U+61C9 U+E01E1 U+53EC,應:IVS+1,
應召女郎,ㄧㄥˋ ㄓㄠˋ ㄋㄩˇ ㄌㄤˊ,ㄧㄥ ㄓㄠˋ ㄋㄩˇ ㄌㄤˊ,應󠇡召女郎,U+61C9 U+E01E1 U+53EC U+5973 U+90CE,應:IVS+1,
應戰,ㄧㄥˋ ㄓㄢˋ,ㄧㄥ ㄓㄢˋ,應󠇡戰,U+61C9 U+E01E1 U+6230,應:IVS+1,
應徵,ㄧㄥˋ ㄓㄥ,ㄧㄥ ㄓㄥ,應󠇡徵,U+61C9 U+E01E1 U+5FB5,應:IVS+1,
應酬,ㄧㄥˋ ㄔㄡˊ,ㄧㄥ ㄔㄡˊ,應󠇡酬,U+61C9 U+E01E1 U+916C,應:IVS+1,
應時,ㄧㄥˋ ㄕˊ,ㄧㄥ ㄕˊ,應󠇡時,U+61C9 U+E01E1 U+6642,應:IVS+1,
應市,ㄧㄥˋ ㄕˋ,ㄧㄥ ㄕˋ,應󠇡市,U+61C9 U+E01E1 U+5E02,應:IVS+1,
應試,ㄧㄥˋ ㄕˋ,ㄧㄥ ㄕˋ,應󠇡試,U+61C9 U+E01E1 U+8A66,應:IVS+1,
應聲,ㄧㄥˋ ㄕㄥ,ㄧㄥ ㄕㄥ,應󠇡聲,U+61C9 U+E01E1 U+8072,應:IVS+1,
應聲而倒,ㄧㄥˋ ㄕㄥ ㄦˊ ㄉㄠˇ,ㄧㄥ ㄕㄥ ㄦˊ ㄉㄠˋ,應󠇡聲而倒󠇡,U+61C9 U+E01E1 U+8072 U+800C U+5012 U+E01E1,應:IVS+1; 倒:IVS+1,
應邀,ㄧㄥˋ ㄧㄠ,ㄧㄥ ㄧㄠ,應󠇡邀,U+61C9 U+E01E1 U+9080,應:IVS+1,
應驗,ㄧㄥˋ ㄧㄢˋ,ㄧㄥ ㄧㄢˋ,應󠇡驗,U+61C9 U+E01E1 U+9A57,應:IVS+1,
應允,ㄧㄥˋ ㄩㄣˇ,ㄧㄥ ㄩㄣˇ,應󠇡允,U+61C9 U+E01E1 U+5141,應:IVS+1,
應運而生,ㄧㄥˋ ㄩㄣˋ ㄦˊ ㄕㄥ,ㄧㄥ ㄩㄣˋ ㄦˊ ㄕㄥ,應󠇡運而生,U+61C9 U+E01E1 U+904B U+800C U+751F,應:IVS+1,
應用,ㄧㄥˋ ㄩㄥˋ,ㄧㄥ ㄩㄥˋ,應󠇡用,U+61C9 U+E01E1 U+7528,應:IVS+1,
於菟,ㄨ ㄊㄨˊ,ㄩˊ ㄊㄨˋ,於󠇡菟󠇡,U+65BC U+E01E1 U+83DF U+E01E1,於:IVS+1; 菟:IVS+1,
於戲,ㄨ ㄏㄨ,ㄩˊ ㄒㄧˋ,於󠇡戲󠇡,U+65BC U+E01E1 U+6232 U+E01E1,於:IVS+1; 戲:IVS+1,
屋子,ㄨ ˙ㄗ,ㄨ ㄗˇ,屋子󠇡,U+5C4B U+5B50 U+E01E1,子:IVS+1,
嗚咽,ㄨ ㄧㄝˋ,ㄨ ㄧㄢ,嗚咽󠇡,U+55DA U+54BD U+E01E1,咽:IVS+1,
無的放矢,ㄨˊ ㄉㄧˋ ㄈㄤˋ ㄕˇ,ㄨˊ ˙ㄉㄜ ㄈㄤˋ ㄕˇ,無的󠇢放矢,U+7121 U+7684 U+E01E2 U+653E U+77E2,的:IVS+2,
無給職,ㄨˊ ㄐㄧˇ ㄓˊ,ㄨˊ ㄍㄟˇ ㄓˊ,無給󠇡職,U+7121 U+7D66 U+E01E1 U+8077,給:IVS+1,
無行,ㄨˊ ㄒㄧㄥˋ,ㄨˊ ㄒㄧㄥˊ,無行󠇢,U+7121 U+884C U+E01E2,行:IVS+2,
無人銀行,ㄨˊ ㄖㄣˊ ㄧㄣˊ ㄏㄤˊ,ㄨˊ ㄖㄣˊ ㄧㄣˊ ㄒㄧㄥˊ,無人銀行󠇡,U+7121 U+4EBA U+9280 U+884C U+E01E1,行:IVS+1,
無射,ㄨˊ ㄧˋ,ㄨˊ ㄕㄜˋ,無射󠇢,U+7121 U+5C04 U+E01E2,射:IVS+2,
五度制調值標記法,ㄨˇ ㄉㄨˋ ㄓˋ ㄉㄧㄠˋ ㄓˊ ㄅㄧㄠ ㄐㄧˋ ㄈㄚˇ,ㄨˇ ㄉㄨˋ ㄓˋ ㄊㄧㄠˊ ㄓˊ ㄅㄧㄠ ㄐㄧˋ ㄈㄚˇ,五度制調󠇡值標記法,U+4E94 U+5EA6 U+5236 U+8ABF U+E01E1 U+503C U+6A19 U+8A18 U+6CD5,調:IVS+1,
五更,ㄨˇ ㄍㄥ,ㄨˇ ㄍㄥˋ,五更󠇡,U+4E94 U+66F4 U+E01E1,更:IVS+1,
午覺,ㄨˇ ㄐㄧㄠˋ,ㄨˇ ㄐㄩㄝˊ,午覺󠇡,U+5348 U+89BA U+E01E1,覺:IVS+1,
武行,ㄨˇ ㄏㄤˊ,ㄨˇ ㄒㄧㄥˊ,武行󠇡,U+6B66 U+884C U+E01E1,行:IVS+1,
舞樂,ㄨˇ ㄩㄝˋ,ㄨˇ ㄌㄜˋ,舞樂󠇡,U+821E U+6A02 U+E01E1,樂:IVS+1,
挖角,ㄨㄚ ㄐㄩㄝˊ,ㄨㄚ ㄐㄧㄠˇ,挖角󠇡,U+6316 U+89D2 U+E01E1,角:IVS+1,
娃兒,ㄨㄚˊ ㄦ,ㄨㄚˊ ㄦˊ,娃兒󠇡,U+5A03 U+5152 U+E01E1,兒:IVS+1,
娃娃,ㄨㄚˊ ˙ㄨㄚ,ㄨㄚˊ ㄨㄚˊ,娃娃󠇡,U+5A03 U+5A03 U+E01E1,娃:IVS+1,
瓦楞紙,ㄨㄚˇ ㄌㄥˊ ㄓˇ,ㄨㄚˇ ㄌㄥˋ ㄓˇ,瓦楞󠇡紙,U+74E6 U+695E U+E01E1 U+7D19,楞:IVS+1,
瓦斯中毒,ㄨㄚˇ ㄙ ㄓㄨㄥˋ ㄉㄨˊ,ㄨㄚˇ ㄙ ㄓㄨㄥ ㄉㄨˊ,瓦斯中󠇡毒,U+74E6 U+65AF U+4E2D U+E01E1 U+6BD2,中:IVS+1,
襪子,ㄨㄚˋ ˙ㄗ,ㄨㄚˋ ㄗˇ,襪子󠇡,U+896A U+5B50 U+E01E1,子:IVS+1,
窩窩頭,ㄨㄛ ㄨㄛ ˙ㄊㄡ,ㄨㄛ ㄨㄛ ㄊㄡˊ,窩窩頭󠇡,U+7AA9 U+7AA9 U+982D U+E01E1,頭:IVS+1,
我倆,ㄨㄛˇ ㄌㄧㄚˇ,ㄨㄛˇ ㄌㄧㄤˇ,我倆󠇡,U+6211 U+5006 U+E01E1,倆:IVS+1,
臥鋪,ㄨㄛˋ ㄆㄨˋ,ㄨㄛˋ ㄆㄨ,臥鋪󠇡,U+81E5 U+92EA U+E01E1,鋪:IVS+1,
歪打正著,ㄨㄞ ㄉㄚˇ ㄓㄥˋ ㄓㄠˊ,ㄨㄞ ㄉㄚˇ ㄓㄥˋ ˙ㄓㄜ,歪打正著󠇣,U+6B6A U+6253 U+6B63 U+8457 U+E01E3,著:IVS+3,
歪曲,ㄨㄞ ㄑㄩ,ㄨㄞ ㄑㄩˇ,歪曲󠇡,U+6B6A U+66F2 U+E01E1,曲:IVS+1,
外頭,ㄨㄞˋ ˙ㄊㄡ,ㄨㄞˋ ㄊㄡˊ,外頭󠇡,U+5916 U+982D U+E01E1,頭:IVS+1,
外行,ㄨㄞˋ ㄏㄤˊ,ㄨㄞˋ ㄒㄧㄥˊ,外行󠇡,U+5916 U+884C U+E01E1,行:IVS+1,
外行人,ㄨㄞˋ ㄏㄤˊ ㄖㄣˊ,ㄨㄞˋ ㄒㄧㄥˊ ㄖㄣˊ,外行󠇡人,U+5916 U+884C U+E01E1 U+4EBA,行:IVS+1,
委蛇,ㄨㄟ ㄧˊ,ㄨㄟˇ ㄕㄜˊ,委󠇡蛇󠇡,U+59D4 U+E01E1 U+86C7 U+E01E1,委:IVS+1; 蛇:IVS+1,
威嚇,ㄨㄟ ㄏㄜˋ,ㄨㄟ ㄒㄧㄚˋ,威嚇󠇡,U+5A01 U+5687 U+E01E1,嚇:IVS+1,
危難,ㄨㄟˊ ㄋㄢˋ,ㄨㄟˊ ㄋㄢˊ,危難󠇡,U+5371 U+96E3 U+E01E1,難:IVS+1,
危如累卵,ㄨㄟˊ ㄖㄨˊ ㄌㄟˇ ㄌㄨㄢˇ,ㄨㄟˊ ㄖㄨˊ ㄌㄟˋ ㄌㄨㄢˇ,危如累󠇡卵,U+5371 U+5982 U+7D2F U+E01E1 U+5375,累:IVS+1,
微卷,ㄨㄟˊ ㄐㄩㄢˇ,ㄨㄟˊ ㄐㄩㄢˋ,微卷󠇡,U+5FAE U+5377 U+E01E1,卷:IVS+1,
委託行,ㄨㄟˇ ㄊㄨㄛ ㄏㄤˊ,ㄨㄟˇ ㄊㄨㄛ ㄒㄧㄥˊ,委託行󠇡,U+59D4 U+8A17 U+884C U+E01E1,行:IVS+1,
委曲,ㄨㄟˇ ㄑㄩ,ㄨㄟˇ ㄑㄩˇ,委曲󠇡,U+59D4 U+66F2 U+E01E1,曲:IVS+1,
委曲求全,ㄨㄟˇ ㄑㄩ ㄑㄧㄡˊ ㄑㄩㄢˊ,ㄨㄟˇ ㄑㄩˇ ㄑㄧㄡˊ ㄑㄩㄢˊ,委曲󠇡求全,U+59D4 U+66F2 U+E01E1 U+6C42 U+5168,曲:IVS+1,
未了,ㄨㄟˋ ㄌㄧㄠˇ,ㄨㄟˋ ˙ㄌㄜ,未了󠇡,U+672A U+4E86 U+E01E1,了:IVS+1,
未婚媽媽,ㄨㄟˋ ㄏㄨㄣ ㄇㄚ ˙ㄇㄚ,ㄨㄟˋ ㄏㄨㄣ ㄇㄚ ㄇㄚ,未婚媽媽󠇡,U+672A U+5A5A U+5ABD U+5ABD U+E01E1,媽:IVS+1,
未雨綢繆,ㄨㄟˋ ㄩˇ ㄔㄡˊ ㄇㄡˊ,ㄨㄟˋ ㄩˇ ㄔㄡˊ ㄇㄧㄡˋ,未雨綢繆󠇡,U+672A U+96E8 U+7DA2 U+7E46 U+E01E1,繆:IVS+1,
味同嚼蠟,ㄨㄟˋ ㄊㄨㄥˊ ㄐㄩㄝˊ ㄌㄚˋ,ㄨㄟˋ ㄊㄨㄥˊ ㄐㄧㄠˊ ㄌㄚˋ,味同嚼󠇡蠟,U+5473 U+540C U+56BC U+E01E1 U+881F,嚼:IVS+1,
味噌湯,ㄨㄟˋ ㄘㄥ ㄊㄤ,ㄨㄟˋ ㄗㄥ ㄊㄤ,味噌󠇡湯,U+5473 U+564C U+E01E1 U+6E6F,噌:IVS+1,
味兒,ㄨㄟˋ ㄦ,ㄨㄟˋ ㄦˊ,味兒󠇡,U+5473 U+5152 U+E01E1,兒:IVS+1,
位子,ㄨㄟˋ ˙ㄗ,ㄨㄟˋ ㄗˇ,位子󠇡,U+4F4D U+5B50 U+E01E1,子:IVS+1,
為民請命,ㄨㄟˋ ㄇㄧㄣˊ ㄑㄧㄥˇ ㄇㄧㄥˋ,ㄨㄟˊ ㄇㄧㄣˊ ㄑㄧㄥˇ ㄇㄧㄥˋ,為󠇡民請命,U+70BA U+E01E1 U+6C11 U+8ACB U+547D,為:IVS+1,
為國捐軀,ㄨㄟˋ ㄍㄨㄛˊ ㄐㄩㄢ ㄑㄩ,ㄨㄟˊ ㄍㄨㄛˊ ㄐㄩㄢ ㄑㄩ,為󠇡國捐軀,U+70BA U+E01E1 U+570B U+6350 U+8EC0,為:IVS+1,
為國爭光,ㄨㄟˋ ㄍㄨㄛˊ ㄓㄥ ㄍㄨㄤ,ㄨㄟˊ ㄍㄨㄛˊ ㄓㄥ ㄍㄨㄤ,為󠇡國爭光,U+70BA U+E01E1 U+570B U+722D U+5149,為:IVS+1,
為何,ㄨㄟˋ ㄏㄜˊ,ㄨㄟˊ ㄏㄜˊ,為󠇡何,U+70BA U+E01E1 U+4F55,為:IVS+1,
為虎作倀,ㄨㄟˋ ㄏㄨˇ ㄗㄨㄛˋ ㄔㄤ,ㄨㄟˊ ㄏㄨˇ ㄗㄨㄛˋ ㄔㄤ,為󠇡虎作倀,U+70BA U+E01E1 U+864E U+4F5C U+5000,為:IVS+1,
為甚麼,ㄨㄟˋ ㄕㄣˊ ˙ㄇㄜ,ㄨㄟˊ ㄕㄣˋ ˙ㄇㄜ,為󠇡甚󠇡麼,U+70BA U+E01E1 U+751A U+E01E1 U+9EBC,為:IVS+1; 甚:IVS+1,
為人作嫁,ㄨㄟˋ ㄖㄣˊ ㄗㄨㄛˋ ㄐㄧㄚˋ,ㄨㄟˊ ㄖㄣˊ ㄗㄨㄛˋ ㄐㄧㄚˋ,為󠇡人作嫁,U+70BA U+E01E1 U+4EBA U+4F5C U+5AC1,為:IVS+1,
慰勞,ㄨㄟˋ ㄌㄠˋ,ㄨㄟˋ ㄌㄠˊ,慰勞󠇡,U+6170 U+52DE U+E01E1,勞:IVS+1,
彎曲,ㄨㄢ ㄑㄩ,ㄨㄢ ㄑㄩˇ,彎曲󠇡,U+5F4E U+66F2 U+E01E1,曲:IVS+1,
彎彎曲曲,ㄨㄢ ㄨㄢ ㄑㄩ ㄑㄩ,ㄨㄢ ㄨㄢ ㄑㄩˇ ㄑㄩˇ,彎彎曲󠇡曲󠇡,U+5F4E U+5F4E U+66F2 U+E01E1 U+66F2 U+E01E1,曲:IVS+1; 曲:IVS+1,
玩意兒,ㄨㄢˊ ㄧˋ ㄦ,ㄨㄢˊ ㄧˋ ㄦˊ,玩意兒󠇡,U+73A9 U+610F U+5152 U+E01E1,兒:IVS+1,
玩物喪志,ㄨㄢˊ ㄨˋ ㄙㄤˋ ㄓˋ,ㄨㄢˊ ㄨˋ ㄙㄤ ㄓˋ,玩物喪󠇡志,U+73A9 U+7269 U+55AA U+E01E1 U+5FD7,喪:IVS+1,
萬象更新,ㄨㄢˋ ㄒㄧㄤˋ ㄍㄥ ㄒㄧㄣ,ㄨㄢˋ ㄒㄧㄤˋ ㄍㄥˋ ㄒㄧㄣ,萬象更󠇡新,U+842C U+8C61 U+66F4 U+E01E1 U+65B0,更:IVS+1,
溫室效應,ㄨㄣ ㄕˋ ㄒㄧㄠˋ ㄧㄥˋ,ㄨㄣ ㄕˋ ㄒㄧㄠˋ ㄧㄥ,溫室效應󠇡,U+6EAB U+5BA4 U+6548 U+61C9 U+E01E1,應:IVS+1,
蚊子,ㄨㄣˊ ˙ㄗ,ㄨㄣˊ ㄗˇ,蚊子󠇡,U+868A U+5B50 U+E01E1,子:IVS+1,
聞風響應,ㄨㄣˊ ㄈㄥ ㄒㄧㄤˇ ㄧㄥˋ,ㄨㄣˊ ㄈㄥ ㄒㄧㄤˇ ㄧㄥ,聞風響應󠇡,U+805E U+98A8 U+97FF U+61C9 U+E01E1,應:IVS+1,
聞風喪膽,ㄨㄣˊ ㄈㄥ ㄙㄤˋ ㄉㄢˇ,ㄨㄣˊ ㄈㄥ ㄙㄤ ㄉㄢˇ,聞風喪󠇡膽,U+805E U+98A8 U+55AA U+E01E1 U+81BD,喪:IVS+1,
穩當,ㄨㄣˇ ㄉㄤˋ,ㄨㄣˇ ㄉㄤ,穩當󠇡,U+7A69 U+7576 U+E01E1,當:IVS+1,
文過飾非,ㄨㄣˋ ㄍㄨㄛˋ ㄕˋ ㄈㄟ,ㄨㄣˊ ㄍㄨㄛˋ ㄕˋ ㄈㄟ,文󠇡過飾非,U+6587 U+E01E1 U+904E U+98FE U+975E,文:IVS+1,
文飾,ㄨㄣˋ ㄕˋ,ㄨㄣˊ ㄕˋ,文󠇡飾,U+6587 U+E01E1 U+98FE,文:IVS+1,
亡魂喪膽,ㄨㄤˊ ㄏㄨㄣˊ ㄙㄤˋ ㄉㄢˇ,ㄨㄤˊ ㄏㄨㄣˊ ㄙㄤ ㄉㄢˇ,亡魂喪󠇡膽,U+4EA1 U+9B42 U+55AA U+E01E1 U+81BD,喪:IVS+1,
王冠,ㄨㄤˊ ㄍㄨㄢ,ㄨㄤˊ ㄍㄨㄢˋ,王冠󠇡,U+738B U+51A0 U+E01E1,冠:IVS+1,
網路銀行,ㄨㄤˇ ㄌㄨˋ ㄧㄣˊ ㄏㄤˊ,ㄨㄤˇ ㄌㄨˋ ㄧㄣˊ ㄒㄧㄥˊ,網路銀行󠇡,U+7DB2 U+8DEF U+9280 U+884C U+E01E1,行:IVS+1,
網子,ㄨㄤˇ ˙ㄗ,ㄨㄤˇ ㄗˇ,網子󠇡,U+7DB2 U+5B50 U+E01E1,子:IVS+1,
往還,ㄨㄤˇ ㄏㄨㄢˊ,ㄨㄤˇ ㄏㄞˊ,往還󠇡,U+5F80 U+9084 U+E01E1,還:IVS+1,
旺盛,ㄨㄤˋ ㄕㄥˋ,ㄨㄤˋ ㄔㄥˊ,旺盛󠇡,U+65FA U+76DB U+E01E1,盛:IVS+1,
妄自菲薄,ㄨㄤˋ ㄗˋ ㄈㄟˇ ㄅㄛˊ,ㄨㄤˋ ㄗˋ ㄈㄟ ㄅㄛˊ,妄自菲󠇡薄,U+5984 U+81EA U+83F2 U+E01E1 U+8584,菲:IVS+1,
望聞問切,ㄨㄤˋ ㄨㄣˊ ㄨㄣˋ ㄑㄧㄝˋ,ㄨㄤˋ ㄨㄣˊ ㄨㄣˋ ㄑㄧㄝ,望聞問切󠇡,U+671B U+805E U+554F U+5207 U+E01E1,切:IVS+1,
迂迴曲折,ㄩ ㄏㄨㄟˊ ㄑㄩ ㄓㄜˊ,ㄩ ㄏㄨㄟˊ ㄑㄩˇ ㄓㄜˊ,迂迴曲󠇡折,U+8FC2 U+8FF4 U+66F2 U+E01E1 U+6298,曲:IVS+1,
淤塞,ㄩ ㄙㄜˋ,ㄩ ㄙㄞ,淤塞󠇡,U+6DE4 U+585E U+E01E1,塞:IVS+1,
于思,ㄩˊ ㄙㄞ,ㄩˊ ㄙ,于思󠇡,U+4E8E U+601D U+E01E1,思:IVS+1,
予取予求,ㄩˊ ㄑㄩˇ ㄩˊ ㄑㄧㄡˊ,ㄩˇ ㄑㄩˇ ㄩˇ ㄑㄧㄡˊ,予󠇡取予󠇡求,U+4E88 U+E01E1 U+53D6 U+4E88 U+E01E1 U+6C42,予:IVS+1; 予:IVS+1,
餘興,ㄩˊ ㄒㄧㄥˋ,ㄩˊ ㄒㄧㄥ,餘興󠇡,U+9918 U+8208 U+E01E1,興:IVS+1,
餘興節目,ㄩˊ ㄒㄧㄥˋ ㄐㄧㄝˊ ㄇㄨˋ,ㄩˊ ㄒㄧㄥ ㄐㄧㄝˊ ㄇㄨˋ,餘興󠇡節目,U+9918 U+8208 U+E01E1 U+7BC0 U+76EE,興:IVS+1,
魚拓,ㄩˊ ㄊㄚˋ,ㄩˊ ㄊㄨㄛˋ,魚拓󠇡,U+9B5A U+62D3 U+E01E1,拓:IVS+1,
魚兒,ㄩˊ ㄦ,ㄩˊ ㄦˊ,魚兒󠇡,U+9B5A U+5152 U+E01E1,兒:IVS+1,
羽扇綸巾,ㄩˇ ㄕㄢˋ ㄍㄨㄢ ㄐㄧㄣ,ㄩˇ ㄕㄢˋ ㄌㄨㄣˊ ㄐㄧㄣ,羽扇綸󠇡巾,U+7FBD U+6247 U+7DB8 U+E01E1 U+5DFE,綸:IVS+1,
語調,ㄩˇ ㄉㄧㄠˋ,ㄩˇ ㄊㄧㄠˊ,語調󠇡,U+8A9E U+8ABF U+E01E1,調:IVS+1,
噢咻,ㄩˇ ㄒㄩˇ,ㄩˇ ㄒㄧㄡ,噢咻󠇡,U+5662 U+54BB U+E01E1,咻:IVS+1,
芋頭,ㄩˋ ˙ㄊㄡ,ㄩˋ ㄊㄡˊ,芋頭󠇡,U+828B U+982D U+E01E1,頭:IVS+1,
浴火重生,ㄩˋ ㄏㄨㄛˇ ㄔㄨㄥˊ ㄕㄥ,ㄩˋ ㄏㄨㄛˇ ㄓㄨㄥˋ ㄕㄥ,浴火重󠇡生,U+6D74 U+706B U+91CD U+E01E1 U+751F,重:IVS+1,
欲語還休,ㄩˋ ㄩˇ ㄏㄨㄢˊ ㄒㄧㄡ,ㄩˋ ㄩˇ ㄏㄞˊ ㄒㄧㄡ,欲語還󠇡休,U+6B32 U+8A9E U+9084 U+E01E1 U+4F11,還:IVS+1,
尉遲,ㄩˋ ㄔˊ,ㄨㄟˋ ㄔˊ,尉󠇡遲,U+5C09 U+E01E1 U+9072,尉:IVS+1,
熨貼,ㄩˋ ㄊㄧㄝ,ㄩㄣˋ ㄊㄧㄝ,熨󠇡貼,U+71A8 U+E01E1 U+8CBC,熨:IVS+1,
遇難,ㄩˋ ㄋㄢˋ,ㄩˋ ㄋㄢˊ,遇難󠇡,U+9047 U+96E3 U+E01E1,難:IVS+1,
預防接種,ㄩˋ ㄈㄤˊ ㄐㄧㄝ ㄓㄨㄥˋ,ㄩˋ ㄈㄤˊ ㄐㄧㄝ ㄓㄨㄥˇ,預防接種󠇡,U+9810 U+9632 U+63A5 U+7A2E U+E01E1,種:IVS+1,
與會,ㄩˋ ㄏㄨㄟˋ,ㄩˇ ㄏㄨㄟˋ,與󠇡會,U+8207 U+E01E1 U+6703,與:IVS+1,
與賽,ㄩˋ ㄙㄞˋ,ㄩˇ ㄙㄞˋ,與󠇡賽,U+8207 U+E01E1 U+8CFD,與:IVS+1,
與聞,ㄩˋ ㄨㄣˊ,ㄩˇ ㄨㄣˊ,與󠇡聞,U+8207 U+E01E1 U+805E,與:IVS+1,
鷸蚌相爭,ㄩˋ ㄅㄤˋ ㄒㄧㄤ ㄓㄥ,ㄩˋ ㄅㄤˋ ㄒㄧㄤˋ ㄓㄥ,鷸蚌相󠇡爭,U+9DF8 U+868C U+76F8 U+E01E1 U+722D,相:IVS+1,
鬱悶,ㄩˋ ㄇㄣˋ,ㄩˋ ㄇㄣ,鬱悶󠇡,U+9B31 U+60B6 U+E01E1,悶:IVS+1,
月分,ㄩㄝˋ ㄈㄣˋ,ㄩㄝˋ ㄈㄣ,月分󠇡,U+6708 U+5206 U+E01E1,分:IVS+1,
月氏,ㄩㄝˋ ㄓ,ㄩㄝˋ ㄕˋ,月氏󠇡,U+6708 U+6C0F U+E01E1,氏:IVS+1,
月子,ㄩㄝˋ ˙ㄗ,ㄩㄝˋ ㄗˇ,月子󠇡,U+6708 U+5B50 U+E01E1,子:IVS+1,
月暈,ㄩㄝˋ ㄩㄣˋ,ㄩㄝˋ ㄩㄣ,月暈󠇡,U+6708 U+6688 U+E01E1,暈:IVS+1,
樂譜,ㄩㄝˋ ㄆㄨˇ,ㄌㄜˋ ㄆㄨˇ,樂󠇡譜,U+6A02 U+E01E1 U+8B5C,樂:IVS+1,
樂迷,ㄩㄝˋ ㄇㄧˊ,ㄌㄜˋ ㄇㄧˊ,樂󠇡迷,U+6A02 U+E01E1 U+8FF7,樂:IVS+1,
樂隊,ㄩㄝˋ ㄉㄨㄟˋ,ㄌㄜˋ ㄉㄨㄟˋ,樂󠇡隊,U+6A02 U+E01E1 U+968A,樂:IVS+1,
樂團,ㄩㄝˋ ㄊㄨㄢˊ,ㄌㄜˋ ㄊㄨㄢˊ,樂󠇡團,U+6A02 U+E01E1 U+5718,樂:IVS+1,
樂理,ㄩㄝˋ ㄌㄧˇ,ㄌㄜˋ ㄌㄧˇ,樂󠇡理,U+6A02 U+E01E1 U+7406,樂:IVS+1,
樂工,ㄩㄝˋ ㄍㄨㄥ,ㄌㄜˋ ㄍㄨㄥ,樂󠇡工,U+6A02 U+E01E1 U+5DE5,樂:IVS+1,
樂器,ㄩㄝˋ ㄑㄧˋ,ㄌㄜˋ ㄑㄧˋ,樂󠇡器,U+6A02 U+E01E1 U+5668,樂:IVS+1,
樂曲,ㄩㄝˋ ㄑㄩˇ,ㄌㄜˋ ㄑㄩˇ,樂󠇡曲,U+6A02 U+E01E1 U+66F2,樂:IVS+1,
樂章,ㄩㄝˋ ㄓㄤ,ㄌㄜˋ ㄓㄤ,樂󠇡章,U+6A02 U+E01E1 U+7AE0,樂:IVS+1,
樂師,ㄩㄝˋ ㄕ,ㄌㄜˋ ㄕ,樂󠇡師,U+6A02 U+E01E1 U+5E2B,樂:IVS+1,
樂聲,ㄩㄝˋ ㄕㄥ,ㄌㄜˋ ㄕㄥ,樂󠇡聲,U+6A02 U+E01E1 U+8072,樂:IVS+1,
樂音,ㄩㄝˋ ㄧㄣ,ㄌㄜˋ ㄧㄣ,樂󠇡音,U+6A02 U+E01E1 U+97F3,樂:IVS+1,
冤冤相報,ㄩㄢ ㄩㄢ ㄒㄧㄤ ㄅㄠˋ,ㄩㄢ ㄩㄢ ㄒㄧㄤˋ ㄅㄠˋ,冤冤相󠇡報,U+51A4 U+51A4 U+76F8 U+E01E1 U+5831,相:IVS+1,
原著,ㄩㄢˊ ㄓㄨˋ,ㄩㄢˊ ˙ㄓㄜ,原著󠇡,U+539F U+8457 U+E01E1,著:IVS+1,
原處,ㄩㄢˊ ㄔㄨˋ,ㄩㄢˊ ㄔㄨˇ,原處󠇡,U+539F U+8655 U+E01E1,處:IVS+1,
緣分,ㄩㄢˊ ㄈㄣˋ,ㄩㄢˊ ㄈㄣ,緣分󠇡,U+7DE3 U+5206 U+E01E1,分:IVS+1,
遠渡重洋,ㄩㄢˇ ㄉㄨˋ ㄔㄨㄥˊ ㄧㄤˊ,ㄩㄢˇ ㄉㄨˋ ㄓㄨㄥˋ ㄧㄤˊ,遠渡重󠇡洋,U+9060 U+6E21 U+91CD U+E01E1 U+6D0B,重:IVS+1,
遠處,ㄩㄢˇ ㄔㄨˋ,ㄩㄢˇ ㄔㄨˇ,遠處󠇡,U+9060 U+8655 U+E01E1,處:IVS+1,
院子,ㄩㄢˋ ˙ㄗ,ㄩㄢˋ ㄗˇ,院子󠇡,U+9662 U+5B50 U+E01E1,子:IVS+1,
暈倒,ㄩㄣ ㄉㄠˇ,ㄩㄣ ㄉㄠˋ,暈倒󠇡,U+6688 U+5012 U+E01E1,倒:IVS+1,
暈頭轉向,ㄩㄣ ㄊㄡˊ ㄓㄨㄢˋ ㄒㄧㄤˋ,ㄩㄣ ㄊㄡˊ ㄓㄨㄢˇ ㄒㄧㄤˋ,暈頭轉󠇡向,U+6688 U+982D U+8F49 U+E01E1 U+5411,轉:IVS+1,
勻稱,ㄩㄣˊ ㄔㄥˋ,ㄩㄣˊ ㄔㄥ,勻稱󠇡,U+52FB U+7A31 U+E01E1,稱:IVS+1,
允當,ㄩㄣˇ ㄉㄤˋ,ㄩㄣˇ ㄉㄤ,允當󠇡,U+5141 U+7576 U+E01E1,當:IVS+1,
壅塞,ㄩㄥ ㄙㄜˋ,ㄩㄥ ㄙㄞ,壅塞󠇡,U+58C5 U+585E U+E01E1,塞:IVS+1,
喁喁,ㄩㄥˊ ㄩㄥˊ,ㄩˊ ㄩˊ,喁󠇡喁󠇡,U+5581 U+E01E1 U+5581 U+E01E1,喁:IVS+1; 喁:IVS+1,
擁塞,ㄩㄥˇ ㄙㄜˋ,ㄩㄥˇ ㄙㄞ,擁塞󠇡,U+64C1 U+585E U+E01E1,塞:IVS+1,
用處,ㄩㄥˋ ㄔㄨˋ,ㄩㄥˋ ㄔㄨˇ,用處󠇡,U+7528 U+8655 U+E01E1,處:IVS+1,
粥粥,ㄓㄨˋ ㄓㄨˋ,ㄓㄡ ㄓㄡ,粥󠇢粥󠇢,U+7CA5 U+E01E2 U+7CA5 U+E01E2,粥:IVS+2; 粥:IVS+2,
濺濺,ㄐㄧㄢ ㄐㄧㄢ,ㄐㄧㄢˋ ㄐㄧㄢˋ,濺󠇡濺󠇡,U+6FFA U+E01E1 U+6FFA U+E01E1,濺:IVS+1; 濺:IVS+1,
蚵仔,ㄜˊ ㄗˇ,ㄎㄜ ㄗˇ,蚵󠇡仔,U+86B5 U+E01E1 U+4ED4,蚵:IVS+1,
排子車,ㄆㄞˇ ˙ㄗ ㄔㄜ,ㄆㄞˊ ㄗˇ ㄔㄜ,排󠇡子󠇡車,U+6392 U+E01E1 U+5B50 U+E01E1 U+8ECA,排:IVS+1; 子:IVS+1,
便辟,ㄆㄧㄢˊ ㄆㄧˋ,ㄅㄧㄢˋ ㄅㄧˋ,便󠇡辟󠇡,U+4FBF U+E01E1 U+8F9F U+E01E1,便:IVS+1; 辟:IVS+1,
褲子,ㄎㄨˋ ˙ㄗ,ㄎㄨˋ ㄗˇ,褲子󠇡,U+8932 U+5B50 U+E01E1,子:IVS+1,
不勝負荷,ㄅㄨˋ ㄕㄥ ㄈㄨˋ ㄏㄜˋ,ㄅㄨˋ ㄕㄥˋ ㄈㄨˋ ㄏㄜˊ,不勝󠇡負荷󠇡,U+4E0D U+52DD U+E01E1 U+8CA0 U+8377 U+E01E1,勝:IVS+1; 荷:IVS+1,
引吭高歌,ㄧㄣˇ ㄏㄤˊ ㄍㄠ ㄍㄜ,ㄧㄣˇ ㄎㄥ ㄍㄠ ㄍㄜ,引吭󠇡高歌,U+5F15 U+542D U+E01E1 U+9AD8 U+6B4C,吭:IVS+1,
怔怔,ㄌㄥˋ ㄌㄥˋ,ㄓㄥ ㄓㄥ,怔󠇡怔󠇡,U+6014 U+E01E1 U+6014 U+E01E1,怔:IVS+1; 怔:IVS+1,
打拍子,ㄉㄚˇ ㄆㄞ ˙ㄗ,ㄉㄚˇ ㄆㄞ ㄗˇ,打拍子󠇡,U+6253 U+62CD U+5B50 U+E01E1,子:IVS+1,
為什麼,ㄨㄟˋ ㄕㄣˊ ˙ㄇㄜ,ㄨㄟˊ ㄕㄣˊ ˙ㄇㄜ,為󠇡什麼,U+70BA U+E01E1 U+4EC0 U+9EBC,為:IVS+1,
諸葛,ㄓㄨ ㄍㄜˊ,ㄓㄨ ㄍㄜˇ,諸葛󠇡,U+8AF8 U+845B U+E01E1,葛:IVS+1,
扁舟,ㄆㄧㄢ ㄓㄡ,ㄅㄧㄢˇ ㄓㄡ,扁󠇡舟,U+6241 U+E01E1 U+821F,扁:IVS+1,
高空彈跳,ㄍㄠ ㄎㄨㄥ ㄊㄢˊ ㄊㄧㄠˋ,ㄍㄠ ㄎㄨㄥ ㄉㄢˋ ㄊㄧㄠˋ,高空彈󠇡跳,U+9AD8 U+7A7A U+5F48 U+E01E1 U+8DF3,彈:IVS+1,
這輩子,ㄓㄜˋ ㄅㄟˋ ˙ㄗ,ㄓㄜˋ ㄅㄟˋ ㄗˇ,這輩子󠇡,U+9019 U+8F29 U+5B50 U+E01E1,子:IVS+1,
小姑娘,ㄒㄧㄠˇ ㄍㄨ ˙ㄋㄧㄤ,ㄒㄧㄠˇ ㄍㄨ ㄋㄧㄤˊ,小姑娘󠇡,U+5C0F U+59D1 U+5A18 U+E01E1,娘:IVS+1,
罐子,ㄍㄨㄢˋ ˙ㄗ,ㄍㄨㄢˋ ㄗˇ,罐子󠇡,U+7F50 U+5B50 U+E01E1,子:IVS+1,
石獅子,ㄕˊ ㄕ ˙ㄗ,ㄕˊ ㄕ ㄗˇ,石獅子󠇡,U+77F3 U+7345 U+5B50 U+E01E1,子:IVS+1,
哭調,ㄎㄨ ㄉㄧㄠˋ,ㄎㄨ ㄊㄧㄠˊ,哭調󠇡,U+54ED U+8ABF U+E01E1,調:IVS+1,
推倒,ㄊㄨㄟ ㄉㄠˇ,ㄊㄨㄟ ㄉㄠˋ,推倒󠇡,U+63A8 U+5012 U+E01E1,倒:IVS+1,
揣度,ㄔㄨㄞˇ ㄉㄨㄛˋ,ㄔㄨㄞˇ ㄉㄨˋ,揣度󠇡,U+63E3 U+5EA6 U+E01E1,度:IVS+1,
盤子,ㄆㄢˊ ˙ㄗ,ㄆㄢˊ ㄗˇ,盤子󠇡,U+76E4 U+5B50 U+E01E1,子:IVS+1,
嘩啦,ㄏㄨㄚ ㄌㄚ,ㄏㄨㄚˊ ˙ㄌㄚ,嘩󠇡啦󠇡,U+5629 U+E01E1 U+5566 U+E01E1,嘩:IVS+1; 啦:IVS+1,
嘩啦啦,ㄏㄨㄚ ㄌㄚ ㄌㄚ,ㄏㄨㄚˊ ˙ㄌㄚ ˙ㄌㄚ,嘩󠇡啦󠇡啦󠇡,U+5629 U+E01E1 U+5566 U+E01E1 U+5566 U+E01E1,嘩:IVS+1; 啦:IVS+1; 啦:IVS+1,
繩子,ㄕㄥˊ ˙ㄗ,ㄕㄥˊ ㄗˇ,繩子󠇡,U+7E69 U+5B50 U+E01E1,子:IVS+1,
雋才,ㄐㄩㄣˋ ㄘㄞˊ,ㄐㄩㄢˋ ㄘㄞˊ,雋󠇡才,U+96CB U+E01E1 U+624D,雋:IVS+1,
劃破,ㄏㄨㄚˊ ㄆㄛˋ,ㄏㄨㄚˋ ㄆㄛˋ,劃󠇡破,U+5283 U+E01E1 U+7834,劃:IVS+1,
蚵田,ㄜˊ ㄊㄧㄢˊ,ㄎㄜ ㄊㄧㄢˊ,蚵󠇡田,U+86B5 U+E01E1 U+7530,蚵:IVS+1,
相挺,ㄒㄧㄤ ㄊㄧㄥˇ,ㄒㄧㄤˋ ㄊㄧㄥˇ,相󠇡挺,U+76F8 U+E01E1 U+633A,相:IVS+1,
傾囊相助,ㄑㄧㄥ ㄋㄤˊ ㄒㄧㄤ ㄓㄨˋ,ㄑㄧㄥ ㄋㄤˊ ㄒㄧㄤˋ ㄓㄨˋ,傾囊相󠇡助,U+50BE U+56CA U+76F8 U+E01E1 U+52A9,相:IVS+1,
拜倒,ㄅㄞˋ ㄉㄠˇ,ㄅㄞˋ ㄉㄠˋ,拜倒󠇡,U+62DC U+5012 U+E01E1,倒:IVS+1,
彈簧腿,ㄊㄢˊ ㄏㄨㄤˊ ㄊㄨㄟˇ,ㄉㄢˋ ㄏㄨㄤˊ ㄊㄨㄟˇ,彈󠇡簧腿,U+5F48 U+E01E1 U+7C27 U+817F,彈:IVS+1,
黃暈,ㄏㄨㄤˊ ㄩㄣˋ,ㄏㄨㄤˊ ㄩㄣ,黃暈󠇡,U+9EC3 U+6688 U+E01E1,暈:IVS+1,
瓶子,ㄆㄧㄥˊ ˙ㄗ,ㄆㄧㄥˊ ㄗˇ,瓶子󠇡,U+74F6 U+5B50 U+E01E1,子:IVS+1,
眼珠子,ㄧㄢˇ ㄓㄨ ˙ㄗ,ㄧㄢˇ ㄓㄨ ㄗˇ,眼珠子󠇡,U+773C U+73E0 U+5B50 U+E01E1,子:IVS+1,
卷子,ㄐㄩㄢˋ ˙ㄗ,ㄐㄩㄢˋ ㄗˇ,卷子󠇡,U+5377 U+5B50 U+E01E1,子:IVS+1,
相助,ㄒㄧㄤ ㄓㄨˋ,ㄒㄧㄤˋ ㄓㄨˋ,相󠇡助,U+76F8 U+E01E1 U+52A9,相:IVS+1,
相距,ㄒㄧㄤ ㄐㄩˋ,ㄒㄧㄤˋ ㄐㄩˋ,相󠇡距,U+76F8 U+E01E1 U+8DDD,相:IVS+1,
盛暑,ㄕㄥˋ ㄕㄨˇ,ㄔㄥˊ ㄕㄨˇ,盛󠇡暑,U+76DB U+E01E1 U+6691,盛:IVS+1,
終了,ㄓㄨㄥ ㄌㄧㄠˇ,ㄓㄨㄥ ˙ㄌㄜ,終了󠇡,U+7D42 U+4E86 U+E01E1,了:IVS+1,
園子,ㄩㄢˊ ˙ㄗ,ㄩㄢˊ ㄗˇ,園子󠇡,U+5712 U+5B50 U+E01E1,子:IVS+1,
凳子,ㄉㄥˋ ˙ㄗ,ㄉㄥˋ ㄗˇ,凳子󠇡,U+51F3 U+5B50 U+E01E1,子:IVS+1,
