詞目,簡編本注音,字型目前顯示,差異(字:字型→簡編本(修法)),修法,備註
八家將,ㄅㄚ ㄐㄧㄚ ㄐㄧㄤˋ,ㄅㄚ ㄐㄧㄚ ㄐㄧㄤ,將:ㄐㄧㄤ→ㄐㄧㄤˋ(IVS+1),IVS可修,
巴不得,ㄅㄚ ㄅㄨˋ ˙ㄉㄜ,ㄅㄚ ㄅㄨˋ ㄉㄜˊ,得:ㄉㄜˊ→˙ㄉㄜ(IVS+1),IVS可修,
吧檯,ㄅㄚ ㄊㄞˊ,˙ㄅㄚ ㄊㄞˊ,吧:˙ㄅㄚ→ㄅㄚ(IVS+1),IVS可修,
拔刀相助,ㄅㄚˊ ㄉㄠ ㄒㄧㄤ ㄓㄨˋ,ㄅㄚˊ ㄉㄠ ㄒㄧㄤˋ ㄓㄨˋ,相:ㄒㄧㄤˋ→ㄒㄧㄤ(IVS+1),IVS可修,
靶子,ㄅㄚˇ ˙ㄗ,ㄅㄚˇ ㄗˇ,子:ㄗˇ→˙ㄗ(IVS+1),IVS可修,
爸爸,ㄅㄚˋ ˙ㄅㄚ,ㄅㄚˋ ㄅㄚˋ,爸:ㄅㄚˋ→˙ㄅㄚ(IVS+1),IVS可修,
般若,ㄅㄛ ㄖㄜˇ,ㄅㄢ ㄖㄨㄛˋ,般:ㄅㄢ→ㄅㄛ(IVS+1); 若:ㄖㄨㄛˋ→ㄖㄜˇ(IVS+1),IVS可修,
剝削,ㄅㄛ ㄒㄩㄝˋ,ㄅㄛ ㄒㄧㄠ,削:ㄒㄧㄠ→ㄒㄩㄝˋ(IVS+1),IVS可修,
伯伯,ㄅㄛˊ ˙ㄅㄛ,ㄅㄛˊ ㄅㄛˊ,伯:ㄅㄛˊ→˙ㄅㄛ(IVS+1),IVS可修,
脖子,ㄅㄛˊ ˙ㄗ,ㄅㄛˊ ㄗˇ,子:ㄗˇ→˙ㄗ(IVS+1),IVS可修,
薄荷,ㄅㄛˋ ㄏㄜˊ,ㄅㄛˊ ㄏㄜˊ,薄:ㄅㄛˊ→ㄅㄛˋ(IVS+1),IVS可修,
薄荷腦,ㄅㄛˋ ㄏㄜˊ ㄋㄠˇ,ㄅㄛˊ ㄏㄜˊ ㄋㄠˇ,薄:ㄅㄛˊ→ㄅㄛˋ(IVS+1),IVS可修,
薄荷油,ㄅㄛˋ ㄏㄜˊ ㄧㄡˊ,ㄅㄛˊ ㄏㄜˊ ㄧㄡˊ,薄:ㄅㄛˊ→ㄅㄛˋ(IVS+1),IVS可修,
簸箕,ㄅㄛˋ ㄐㄧ,ㄅㄛˇ ㄐㄧ,簸:ㄅㄛˇ→ㄅㄛˋ(IVS+1),IVS可修,
百發百中,ㄅㄞˇ ㄈㄚ ㄅㄞˇ ㄓㄨㄥˋ,ㄅㄞˇ ㄈㄚ ㄅㄞˇ ㄓㄨㄥ,中:ㄓㄨㄥ→ㄓㄨㄥˋ(IVS+1),IVS可修,
擺架子,ㄅㄞˇ ㄐㄧㄚˋ ˙ㄗ,ㄅㄞˇ ㄐㄧㄚˋ ㄗˇ,子:ㄗˇ→˙ㄗ(IVS+1),IVS可修,
拜碼頭,ㄅㄞˋ ㄇㄚˇ ˙ㄊㄡ,ㄅㄞˋ ㄇㄚˇ ㄊㄡˊ,頭:ㄊㄡˊ→˙ㄊㄡ(IVS+1),IVS可修,
敗興,ㄅㄞˋ ㄒㄧㄥˋ,ㄅㄞˋ ㄒㄧㄥ,興:ㄒㄧㄥ→ㄒㄧㄥˋ(IVS+1),IVS可修,
稗子,ㄅㄞˋ ˙ㄗ,ㄅㄞˋ ㄗˇ,子:ㄗˇ→˙ㄗ(IVS+1),IVS可修,
杯盤狼藉,ㄅㄟ ㄆㄢˊ ㄌㄤˊ ㄐㄧˊ,ㄅㄟ ㄆㄢˊ ㄌㄤˊ ㄐㄧㄝˋ,藉:ㄐㄧㄝˋ→ㄐㄧˊ(IVS+1),IVS可修,
杯葛,ㄅㄟ ㄍㄜˊ,ㄅㄟ ㄍㄜˇ,葛:ㄍㄜˇ→ㄍㄜˊ(IVS+1),IVS可修,
杯子,ㄅㄟ ˙ㄗ,ㄅㄟ ㄗˇ,子:ㄗˇ→˙ㄗ(IVS+1),IVS可修,
背包,ㄅㄟ ㄅㄠ,ㄅㄟˋ ㄅㄠ,背:ㄅㄟˋ→ㄅㄟ(IVS+1),IVS可修,
背負,ㄅㄟ ㄈㄨˋ,ㄅㄟˋ ㄈㄨˋ,背:ㄅㄟˋ→ㄅㄟ(IVS+1),IVS可修,
背帶,ㄅㄟ ㄉㄞˋ,ㄅㄟˋ ㄉㄞˋ,背:ㄅㄟˋ→ㄅㄟ(IVS+1),IVS可修,
背黑鍋,ㄅㄟ ㄏㄟ ㄍㄨㄛ,ㄅㄟˋ ㄏㄟ ㄍㄨㄛ,背:ㄅㄟˋ→ㄅㄟ(IVS+1),IVS可修,
悲不自勝,ㄅㄟ ㄅㄨˋ ㄗˋ ㄕㄥ,ㄅㄟ ㄅㄨˋ ㄗˋ ㄕㄥˋ,勝:ㄕㄥˋ→ㄕㄥ(IVS+1),IVS可修,
悲切,ㄅㄟ ㄑㄧㄝˋ,ㄅㄟ ㄑㄧㄝ,切:ㄑㄧㄝ→ㄑㄧㄝˋ(IVS+1),IVS可修,
倍感親切,ㄅㄟˋ ㄍㄢˇ ㄑㄧㄣ ㄑㄧㄝˋ,ㄅㄟˋ ㄍㄢˇ ㄑㄧㄣ ㄑㄧㄝ,切:ㄑㄧㄝ→ㄑㄧㄝˋ(IVS+1),IVS可修,
輩分,ㄅㄟˋ ㄈㄣˋ,ㄅㄟˋ ㄈㄣ,分:ㄈㄣ→ㄈㄣˋ(IVS+1),IVS可修,
包子,ㄅㄠ ˙ㄗ,ㄅㄠ ㄗˇ,子:ㄗˇ→˙ㄗ(IVS+1),IVS可修,
保險給付,ㄅㄠˇ ㄒㄧㄢˇ ㄐㄧˇ ㄈㄨˋ,ㄅㄠˇ ㄒㄧㄢˇ ㄍㄟˇ ㄈㄨˋ,給:ㄍㄟˇ→ㄐㄧˇ(IVS+1),IVS可修,
寶藏,ㄅㄠˇ ㄗㄤˋ,ㄅㄠˇ ㄘㄤˊ,藏:ㄘㄤˊ→ㄗㄤˋ(IVS+1),IVS可修,
報關行,ㄅㄠˋ ㄍㄨㄢ ㄏㄤˊ,ㄅㄠˋ ㄍㄨㄢ ㄒㄧㄥˊ,行:ㄒㄧㄥˊ→ㄏㄤˊ(IVS+1),IVS可修,
報應,ㄅㄠˋ ㄧㄥˋ,ㄅㄠˋ ㄧㄥ,應:ㄧㄥ→ㄧㄥˋ(IVS+1),IVS可修,
暴虎馮河,ㄅㄠˋ ㄏㄨˇ ㄆㄧㄥˊ ㄏㄜˊ,ㄅㄠˋ ㄏㄨˇ ㄈㄥˊ ㄏㄜˊ,馮:ㄈㄥˊ→ㄆㄧㄥˊ(IVS+1),IVS可修,
扳倒,ㄅㄢ ㄉㄠˇ,ㄅㄢ ㄉㄠˋ,倒:ㄉㄠˋ→ㄉㄠˇ(IVS+1),IVS可修,
班長,ㄅㄢ ㄓㄤˇ,ㄅㄢ ㄔㄤˊ,長:ㄔㄤˊ→ㄓㄤˇ(IVS+1),IVS可修,
班子,ㄅㄢ ˙ㄗ,ㄅㄢ ㄗˇ,子:ㄗˇ→˙ㄗ(IVS+1),IVS可修,
半吊子,ㄅㄢˋ ㄉㄧㄠˋ ˙ㄗ,ㄅㄢˋ ㄉㄧㄠˋ ㄗˇ,子:ㄗˇ→˙ㄗ(IVS+1),IVS可修,
半夜三更,ㄅㄢˋ ㄧㄝˋ ㄙㄢ ㄍㄥ,ㄅㄢˋ ㄧㄝˋ ㄙㄢ ㄍㄥˋ,更:ㄍㄥˋ→ㄍㄥ(IVS+1),IVS可修,
絆倒,ㄅㄢˋ ㄉㄠˇ,ㄅㄢˋ ㄉㄠˋ,倒:ㄉㄠˋ→ㄉㄠˇ(IVS+1),IVS可修,
辦公處,ㄅㄢˋ ㄍㄨㄥ ㄔㄨˋ,ㄅㄢˋ ㄍㄨㄥ ㄔㄨˇ,處:ㄔㄨˇ→ㄔㄨˋ(IVS+1),IVS可修,
辦事處,ㄅㄢˋ ㄕˋ ㄔㄨˋ,ㄅㄢˋ ㄕˋ ㄔㄨˇ,處:ㄔㄨˇ→ㄔㄨˋ(IVS+1),IVS可修,
本分,ㄅㄣˇ ㄈㄣˋ,ㄅㄣˇ ㄈㄣ,分:ㄈㄣ→ㄈㄣˋ(IVS+1),IVS可修,
本行,ㄅㄣˇ ㄏㄤˊ,ㄅㄣˇ ㄒㄧㄥˊ,行:ㄒㄧㄥˊ→ㄏㄤˊ(IVS+1),IVS可修,
棒喝,ㄅㄤˋ ㄏㄜˋ,ㄅㄤˋ ㄏㄜ,喝:ㄏㄜ→ㄏㄜˋ(IVS+1),IVS可修,
棒子,ㄅㄤˋ ˙ㄗ,ㄅㄤˋ ㄗˇ,子:ㄗˇ→˙ㄗ(IVS+1),IVS可修,
繃子,ㄅㄥ ˙ㄗ,ㄅㄥ ㄗˇ,子:ㄗˇ→˙ㄗ(IVS+1),IVS可修,
荸薺,ㄅㄧˊ ㄑㄧˊ,ㄅㄧˊ ㄐㄧˋ,薺:ㄐㄧˋ→ㄑㄧˊ(IVS+1),IVS可修,
鼻子,ㄅㄧˊ ˙ㄗ,ㄅㄧˊ ㄗˇ,子:ㄗˇ→˙ㄗ(IVS+1),IVS可修,
彼長我消,ㄅㄧˇ ㄓㄤˇ ㄨㄛˇ ㄒㄧㄠ,ㄅㄧˇ ㄔㄤˊ ㄨㄛˇ ㄒㄧㄠ,長:ㄔㄤˊ→ㄓㄤˇ(IVS+1),IVS可修,
筆調,ㄅㄧˇ ㄉㄧㄠˋ,ㄅㄧˇ ㄊㄧㄠˊ,調:ㄊㄧㄠˊ→ㄉㄧㄠˋ(IVS+1),IVS可修,
比比皆是,ㄅㄧˋ ㄅㄧˋ ㄐㄧㄝ ㄕˋ,ㄅㄧˇ ㄅㄧˇ ㄐㄧㄝ ㄕˋ,比:ㄅㄧˇ→ㄅㄧˋ(IVS+1); 比:ㄅㄧˇ→ㄅㄧˋ(IVS+1),IVS可修,
比鄰,ㄅㄧˋ ㄌㄧㄣˊ,ㄅㄧˇ ㄌㄧㄣˊ,比:ㄅㄧˇ→ㄅㄧˋ(IVS+1),IVS可修,
比鄰而居,ㄅㄧˋ ㄌㄧㄣˊ ㄦˊ ㄐㄩ,ㄅㄧˇ ㄌㄧㄣˊ ㄦˊ ㄐㄩ,比:ㄅㄧˇ→ㄅㄧˋ(IVS+1),IVS可修,
比肩,ㄅㄧˋ ㄐㄧㄢ,ㄅㄧˇ ㄐㄧㄢ,比:ㄅㄧˇ→ㄅㄧˋ(IVS+1),IVS可修,
蔽塞,ㄅㄧˋ ㄙㄜˋ,ㄅㄧˋ ㄙㄞ,塞:ㄙㄞ→ㄙㄜˋ(IVS+1),IVS可修,
閉塞,ㄅㄧˋ ㄙㄜˋ,ㄅㄧˋ ㄙㄞ,塞:ㄙㄞ→ㄙㄜˋ(IVS+1),IVS可修,
避難,ㄅㄧˋ ㄋㄢˋ,ㄅㄧˋ ㄋㄢˊ,難:ㄋㄢˊ→ㄋㄢˋ(IVS+1),IVS可修,
璧還,ㄅㄧˋ ㄏㄨㄢˊ,ㄅㄧˋ ㄏㄞˊ,還:ㄏㄞˊ→ㄏㄨㄢˊ(IVS+1),IVS可修,
別苗頭,ㄅㄧㄝˊ ㄇㄧㄠˊ ˙ㄊㄡ,ㄅㄧㄝˊ ㄇㄧㄠˊ ㄊㄡˊ,頭:ㄊㄡˊ→˙ㄊㄡ(IVS+1),IVS可修,
標的,ㄅㄧㄠ ㄉㄧˋ,ㄅㄧㄠ ˙ㄉㄜ,的:˙ㄉㄜ→ㄉㄧˋ(IVS+2),IVS可修,
表率,ㄅㄧㄠˇ ㄕㄨㄞˋ,ㄅㄧㄠˇ ㄌㄩˋ,率:ㄌㄩˋ→ㄕㄨㄞˋ(IVS+1),IVS可修,
編著,ㄅㄧㄢ ㄓㄨˋ,ㄅㄧㄢ ˙ㄓㄜ,著:˙ㄓㄜ→ㄓㄨˋ(IVS+1),IVS可修,
扁鑽,ㄅㄧㄢˇ ㄗㄨㄢˋ,ㄅㄧㄢˇ ㄗㄨㄢ,鑽:ㄗㄨㄢ→ㄗㄨㄢˋ(IVS+1),IVS可修,
便溺,ㄅㄧㄢˋ ㄋㄧㄠˋ,ㄅㄧㄢˋ ㄋㄧˋ,溺:ㄋㄧˋ→ㄋㄧㄠˋ(字型無此讀音),字型缺讀音,
辮子,ㄅㄧㄢˋ ˙ㄗ,ㄅㄧㄢˋ ㄗˇ,子:ㄗˇ→˙ㄗ(IVS+1),IVS可修,
變更,ㄅㄧㄢˋ ㄍㄥ,ㄅㄧㄢˋ ㄍㄥˋ,更:ㄍㄥˋ→ㄍㄥ(IVS+1),IVS可修,
并州,ㄅㄧㄥ ㄓㄡ,ㄅㄧㄥˋ ㄓㄡ,并:ㄅㄧㄥˋ→ㄅㄧㄥ(IVS+1),IVS可修,
屏營,ㄅㄧㄥ ㄧㄥˊ,ㄆㄧㄥˊ ㄧㄥˊ,屏:ㄆㄧㄥˊ→ㄅㄧㄥ(字型無此讀音),字型缺讀音,
屏氣凝神,ㄅㄧㄥˇ ㄑㄧˋ ㄋㄧㄥˊ ㄕㄣˊ,ㄆㄧㄥˊ ㄑㄧˋ ㄋㄧㄥˊ ㄕㄣˊ,屏:ㄆㄧㄥˊ→ㄅㄧㄥˇ(IVS+1),IVS可修,
屏息,ㄅㄧㄥˇ ㄒㄧˊ,ㄆㄧㄥˊ ㄒㄧˊ,屏:ㄆㄧㄥˊ→ㄅㄧㄥˇ(IVS+1),IVS可修,
並無不當,ㄅㄧㄥˋ ㄨˊ ㄅㄨˋ ㄉㄤˋ,ㄅㄧㄥˋ ㄨˊ ㄅㄨˋ ㄉㄤ,當:ㄉㄤ→ㄉㄤˋ(IVS+1),IVS可修,
病假,ㄅㄧㄥˋ ㄐㄧㄚˋ,ㄅㄧㄥˋ ㄐㄧㄚˇ,假:ㄐㄧㄚˇ→ㄐㄧㄚˋ(IVS+1),IVS可修,
補給,ㄅㄨˇ ㄐㄧˇ,ㄅㄨˇ ㄍㄟˇ,給:ㄍㄟˇ→ㄐㄧˇ(IVS+1),IVS可修,
補給線,ㄅㄨˇ ㄐㄧˇ ㄒㄧㄢˋ,ㄅㄨˇ ㄍㄟˇ ㄒㄧㄢˋ,給:ㄍㄟˇ→ㄐㄧˇ(IVS+1),IVS可修,
補假,ㄅㄨˇ ㄐㄧㄚˋ,ㄅㄨˇ ㄐㄧㄚˇ,假:ㄐㄧㄚˇ→ㄐㄧㄚˋ(IVS+1),IVS可修,
不搭調,ㄅㄨˋ ㄉㄚ ㄉㄧㄠˋ,ㄅㄨˋ ㄉㄚ ㄊㄧㄠˊ,調:ㄊㄧㄠˊ→ㄉㄧㄠˋ(IVS+1),IVS可修,
不得了,ㄅㄨˋ ㄉㄜˊ ㄌㄧㄠˇ,ㄅㄨˋ ㄉㄜˊ ˙ㄌㄜ,了:˙ㄌㄜ→ㄌㄧㄠˇ(IVS+1),IVS可修,
不倒翁,ㄅㄨˋ ㄉㄠˇ ㄨㄥ,ㄅㄨˋ ㄉㄠˋ ㄨㄥ,倒:ㄉㄠˋ→ㄉㄠˇ(IVS+1),IVS可修,
不當,ㄅㄨˋ ㄉㄤˋ,ㄅㄨˋ ㄉㄤ,當:ㄉㄤ→ㄉㄤˋ(IVS+1),IVS可修,
不了了之,ㄅㄨˋ ㄌㄧㄠˇ ㄌㄧㄠˇ ㄓ,ㄅㄨˋ ˙ㄌㄜ ˙ㄌㄜ ㄓ,了:˙ㄌㄜ→ㄌㄧㄠˇ(IVS+1); 了:˙ㄌㄜ→ㄌㄧㄠˇ(IVS+1),IVS可修,
不了解,ㄅㄨˋ ㄌㄧㄠˇ ㄐㄧㄝˇ,ㄅㄨˋ ˙ㄌㄜ ㄐㄧㄝˇ,了:˙ㄌㄜ→ㄌㄧㄠˇ(IVS+1),IVS可修,
不良分子,ㄅㄨˋ ㄌㄧㄤˊ ㄈㄣˋ ㄗˇ,ㄅㄨˋ ㄌㄧㄤˊ ㄈㄣ ㄗˇ,分:ㄈㄣ→ㄈㄣˋ(IVS+1),IVS可修,
不良少年,ㄅㄨˋ ㄌㄧㄤˊ ㄕㄠˋ ㄋㄧㄢˊ,ㄅㄨˋ ㄌㄧㄤˊ ㄕㄠˇ ㄋㄧㄢˊ,少:ㄕㄠˇ→ㄕㄠˋ(IVS+1),IVS可修,
不顧一切,ㄅㄨˋ ㄍㄨˋ ㄧ ㄑㄧㄝˋ,ㄅㄨˋ ㄍㄨˋ ㄧ ㄑㄧㄝ,切:ㄑㄧㄝ→ㄑㄧㄝˋ(IVS+1),IVS可修,
不堪負荷,ㄅㄨˋ ㄎㄢ ㄈㄨˋ ㄏㄜˋ,ㄅㄨˋ ㄎㄢ ㄈㄨˋ ㄏㄜˊ,荷:ㄏㄜˊ→ㄏㄜˋ(IVS+1),IVS可修,
不好意思,ㄅㄨˋ ㄏㄠˇ ㄧˋ ˙ㄙ,ㄅㄨˋ ㄏㄠˇ ㄧˋ ㄙ,思:ㄙ→˙ㄙ(IVS+2),IVS可修,
不假外出,ㄅㄨˋ ㄐㄧㄚˋ ㄨㄞˋ ㄔㄨ,ㄅㄨˋ ㄐㄧㄚˇ ㄨㄞˋ ㄔㄨ,假:ㄐㄧㄚˇ→ㄐㄧㄚˋ(IVS+1),IVS可修,
不見得,ㄅㄨˋ ㄐㄧㄢˋ ˙ㄉㄜ,ㄅㄨˋ ㄐㄧㄢˋ ㄉㄜˊ,得:ㄉㄜˊ→˙ㄉㄜ(IVS+1),IVS可修,
不見經傳,ㄅㄨˋ ㄐㄧㄢˋ ㄐㄧㄥ ㄓㄨㄢˋ,ㄅㄨˋ ㄐㄧㄢˋ ㄐㄧㄥ ㄔㄨㄢˊ,傳:ㄔㄨㄢˊ→ㄓㄨㄢˋ(IVS+1),IVS可修,
不禁,ㄅㄨˋ ㄐㄧㄣ,ㄅㄨˋ ㄐㄧㄣˋ,禁:ㄐㄧㄣˋ→ㄐㄧㄣ(IVS+1),IVS可修,
不經一事不長一智,ㄅㄨˋ ㄐㄧㄥ ㄧ ㄕˋ ㄅㄨˋ ㄓㄤˇ ㄧ ㄓˋ,ㄅㄨˋ ㄐㄧㄥ ㄧ ㄕˋ ㄅㄨˋ ㄔㄤˊ ㄧ ㄓˋ,長:ㄔㄤˊ→ㄓㄤˇ(IVS+1),IVS可修,
不切實際,ㄅㄨˋ ㄑㄧㄝˋ ㄕˊ ㄐㄧˋ,ㄅㄨˋ ㄑㄧㄝ ㄕˊ ㄐㄧˋ,切:ㄑㄧㄝ→ㄑㄧㄝˋ(IVS+1),IVS可修,
不相干,ㄅㄨˋ ㄒㄧㄤ ㄍㄢ,ㄅㄨˋ ㄒㄧㄤˋ ㄍㄢ,相:ㄒㄧㄤˋ→ㄒㄧㄤ(IVS+1),IVS可修,
不相上下,ㄅㄨˋ ㄒㄧㄤ ㄕㄤˋ ㄒㄧㄚˋ,ㄅㄨˋ ㄒㄧㄤˋ ㄕㄤˋ ㄒㄧㄚˋ,相:ㄒㄧㄤˋ→ㄒㄧㄤ(IVS+1),IVS可修,
不省人事,ㄅㄨˋ ㄒㄧㄥˇ ㄖㄣˊ ㄕˋ,ㄅㄨˋ ㄕㄥˇ ㄖㄣˊ ㄕˋ,省:ㄕㄥˇ→ㄒㄧㄥˇ(IVS+1),IVS可修,
不支倒地,ㄅㄨˋ ㄓ ㄉㄠˇ ㄉㄧˋ,ㄅㄨˋ ㄓ ㄉㄠˋ ㄉㄧˋ,倒:ㄉㄠˋ→ㄉㄠˇ(IVS+1),IVS可修,
不值得,ㄅㄨˋ ㄓˊ ˙ㄉㄜ,ㄅㄨˋ ㄓˊ ㄉㄜˊ,得:ㄉㄜˊ→˙ㄉㄜ(IVS+1),IVS可修,
不著邊際,ㄅㄨˋ ㄓㄨㄛˊ ㄅㄧㄢ ㄐㄧˋ,ㄅㄨˋ ˙ㄓㄜ ㄅㄧㄢ ㄐㄧˋ,著:˙ㄓㄜ→ㄓㄨㄛˊ(IVS+4),IVS可修,
不著痕跡,ㄅㄨˋ ㄓㄨㄛˊ ㄏㄣˊ ㄐㄧ,ㄅㄨˋ ˙ㄓㄜ ㄏㄣˊ ㄐㄧ,著:˙ㄓㄜ→ㄓㄨㄛˊ(IVS+4),IVS可修,
不中用,ㄅㄨˋ ㄓㄨㄥˋ ㄩㄥˋ,ㄅㄨˋ ㄓㄨㄥ ㄩㄥˋ,中:ㄓㄨㄥ→ㄓㄨㄥˋ(IVS+1),IVS可修,
不中聽,ㄅㄨˋ ㄓㄨㄥˋ ㄊㄧㄥ,ㄅㄨˋ ㄓㄨㄥ ㄊㄧㄥ,中:ㄓㄨㄥ→ㄓㄨㄥˋ(IVS+1),IVS可修,
不稱心,ㄅㄨˋ ㄔㄥˋ ㄒㄧㄣ,ㄅㄨˋ ㄔㄥ ㄒㄧㄣ,稱:ㄔㄥ→ㄔㄥˋ(IVS+1),IVS可修,
不勝枚舉,ㄅㄨˋ ㄕㄥ ㄇㄟˊ ㄐㄩˇ,ㄅㄨˋ ㄕㄥˋ ㄇㄟˊ ㄐㄩˇ,勝:ㄕㄥˋ→ㄕㄥ(IVS+1),IVS可修,
不勝酒力,ㄅㄨˋ ㄕㄥ ㄐㄧㄡˇ ㄌㄧˋ,ㄅㄨˋ ㄕㄥˋ ㄐㄧㄡˇ ㄌㄧˋ,勝:ㄕㄥˋ→ㄕㄥ(IVS+1),IVS可修,
不勝其煩,ㄅㄨˋ ㄕㄥ ㄑㄧˊ ㄈㄢˊ,ㄅㄨˋ ㄕㄥˋ ㄑㄧˊ ㄈㄢˊ,勝:ㄕㄥˋ→ㄕㄥ(IVS+1),IVS可修,
不勝其擾,ㄅㄨˋ ㄕㄥ ㄑㄧˊ ㄖㄠˇ,ㄅㄨˋ ㄕㄥˋ ㄑㄧˊ ㄖㄠˇ,勝:ㄕㄥˋ→ㄕㄥ(IVS+1),IVS可修,
不勝唏噓,ㄅㄨˋ ㄕㄥ ㄒㄧ ㄒㄩ,ㄅㄨˋ ㄕㄥˋ ㄒㄧ ㄒㄩ,勝:ㄕㄥˋ→ㄕㄥ(IVS+1),IVS可修,
不安分,ㄅㄨˋ ㄢ ㄈㄣˋ,ㄅㄨˋ ㄢ ㄈㄣ,分:ㄈㄣ→ㄈㄣˋ(IVS+1),IVS可修,
不由得,ㄅㄨˋ ㄧㄡˊ ˙ㄉㄜ,ㄅㄨˋ ㄧㄡˊ ㄉㄜˊ,得:ㄉㄜˊ→˙ㄉㄜ(IVS+1),IVS可修,
布匹,ㄅㄨˋ ㄆㄧˇ,ㄅㄨˋ ㄆㄧ,匹:ㄆㄧ→ㄆㄧˇ(IVS+1),IVS可修,
布疋,ㄅㄨˋ ㄆㄧˇ,ㄅㄨˋ ㄕㄨ,疋:ㄕㄨ→ㄆㄧˇ(字型無此讀音),字型缺讀音,
步調,ㄅㄨˋ ㄉㄧㄠˋ,ㄅㄨˋ ㄊㄧㄠˊ,調:ㄊㄧㄠˊ→ㄉㄧㄠˋ(IVS+1),IVS可修,
部分,ㄅㄨˋ ㄈㄣˋ,ㄅㄨˋ ㄈㄣ,分:ㄈㄣ→ㄈㄣˋ(IVS+1),IVS可修,
部會首長,ㄅㄨˋ ㄏㄨㄟˋ ㄕㄡˇ ㄓㄤˇ,ㄅㄨˋ ㄏㄨㄟˋ ㄕㄡˇ ㄔㄤˊ,長:ㄔㄤˊ→ㄓㄤˇ(IVS+1),IVS可修,
部曲,ㄅㄨˋ ㄑㄩ,ㄅㄨˋ ㄑㄩˇ,曲:ㄑㄩˇ→ㄑㄩ(IVS+1),IVS可修,
部長,ㄅㄨˋ ㄓㄤˇ,ㄅㄨˋ ㄔㄤˊ,長:ㄔㄤˊ→ㄓㄤˇ(IVS+1),IVS可修,
部署,ㄅㄨˋ ㄕㄨˋ,ㄅㄨˋ ㄕㄨˇ,署:ㄕㄨˇ→ㄕㄨˋ(IVS+1),IVS可修,
簿子,ㄅㄨˋ ˙ㄗ,ㄅㄨˋ ㄗˇ,子:ㄗˇ→˙ㄗ(IVS+1),IVS可修,
啪啦,ㄆㄚ ㄌㄚ,ㄆㄚ ˙ㄌㄚ,啦:˙ㄌㄚ→ㄌㄚ(IVS+1),IVS可修,
爬格子,ㄆㄚˊ ㄍㄜˊ ˙ㄗ,ㄆㄚˊ ㄍㄜˊ ㄗˇ,子:ㄗˇ→˙ㄗ(IVS+1),IVS可修,
婆婆,ㄆㄛˊ ˙ㄆㄛ,ㄆㄛˊ ㄆㄛˊ,婆:ㄆㄛˊ→˙ㄆㄛ(IVS+1),IVS可修,
迫切,ㄆㄛˋ ㄑㄧㄝˋ,ㄆㄛˋ ㄑㄧㄝ,切:ㄑㄧㄝ→ㄑㄧㄝˋ(IVS+1),IVS可修,
破鏡重圓,ㄆㄛˋ ㄐㄧㄥˋ ㄔㄨㄥˊ ㄩㄢˊ,ㄆㄛˋ ㄐㄧㄥˋ ㄓㄨㄥˋ ㄩㄢˊ,重:ㄓㄨㄥˋ→ㄔㄨㄥˊ(IVS+1),IVS可修,
破嗓子,ㄆㄛˋ ㄙㄤˇ ˙ㄗ,ㄆㄛˋ ㄙㄤˇ ㄗˇ,子:ㄗˇ→˙ㄗ(IVS+1),IVS可修,
拍子,ㄆㄞ ˙ㄗ,ㄆㄞ ㄗˇ,子:ㄗˇ→˙ㄗ(IVS+1),IVS可修,
排比,ㄆㄞˊ ㄅㄧˋ,ㄆㄞˊ ㄅㄧˇ,比:ㄅㄧˇ→ㄅㄧˋ(IVS+1),IVS可修,
排難解紛,ㄆㄞˊ ㄋㄢˋ ㄐㄧㄝˇ ㄈㄣ,ㄆㄞˊ ㄋㄢˊ ㄐㄧㄝˇ ㄈㄣ,難:ㄋㄢˊ→ㄋㄢˋ(IVS+1),IVS可修,
排行,ㄆㄞˊ ㄏㄤˊ,ㄆㄞˊ ㄒㄧㄥˊ,行:ㄒㄧㄥˊ→ㄏㄤˊ(IVS+1),IVS可修,
排行榜,ㄆㄞˊ ㄏㄤˊ ㄅㄤˇ,ㄆㄞˊ ㄒㄧㄥˊ ㄅㄤˇ,行:ㄒㄧㄥˊ→ㄏㄤˊ(IVS+1),IVS可修,
排山倒海,ㄆㄞˊ ㄕㄢ ㄉㄠˇ ㄏㄞˇ,ㄆㄞˊ ㄕㄢ ㄉㄠˋ ㄏㄞˇ,倒:ㄉㄠˋ→ㄉㄠˇ(IVS+1),IVS可修,
徘徊,ㄆㄞˊ ㄏㄨㄞˊ,ㄆㄞˊ ㄏㄨㄟˊ,徊:ㄏㄨㄟˊ→ㄏㄨㄞˊ(IVS+1),IVS可修,
牌子,ㄆㄞˊ ˙ㄗ,ㄆㄞˊ ㄗˇ,子:ㄗˇ→˙ㄗ(IVS+1),IVS可修,
胚子,ㄆㄟ ˙ㄗ,ㄆㄟ ㄗˇ,子:ㄗˇ→˙ㄗ(IVS+1),IVS可修,
陪都,ㄆㄟˊ ㄉㄨ,ㄆㄟˊ ㄉㄡ,都:ㄉㄡ→ㄉㄨ(IVS+1),IVS可修,
配給,ㄆㄟˋ ㄐㄧˇ,ㄆㄟˋ ㄍㄟˇ,給:ㄍㄟˇ→ㄐㄧˇ(IVS+1),IVS可修,
配角,ㄆㄟˋ ㄐㄩㄝˊ,ㄆㄟˋ ㄐㄧㄠˇ,角:ㄐㄧㄠˇ→ㄐㄩㄝˊ(IVS+1),IVS可修,
配樂,ㄆㄟˋ ㄩㄝˋ,ㄆㄟˋ ㄌㄜˋ,樂:ㄌㄜˋ→ㄩㄝˋ(IVS+1),IVS可修,
拋頭露面,ㄆㄠ ㄊㄡˊ ㄌㄡˋ ㄇㄧㄢˋ,ㄆㄠ ㄊㄡˊ ㄌㄨˋ ㄇㄧㄢˋ,露:ㄌㄨˋ→ㄌㄡˋ(IVS+1),IVS可修,
炮製,ㄆㄠˊ ㄓˋ,ㄆㄠˋ ㄓˋ,炮:ㄆㄠˋ→ㄆㄠˊ(IVS+1),IVS可修,
袍子,ㄆㄠˊ ˙ㄗ,ㄆㄠˊ ㄗˇ,子:ㄗˇ→˙ㄗ(IVS+1),IVS可修,
番禺縣,ㄆㄢ ㄩˊ ㄒㄧㄢˋ,ㄈㄢ ㄩˊ ㄒㄧㄢˋ,番:ㄈㄢ→ㄆㄢ(IVS+1),IVS可修,
般桓,ㄆㄢˊ ㄏㄨㄢˊ,ㄅㄢ ㄏㄨㄢˊ,般:ㄅㄢ→ㄆㄢˊ(IVS+2),IVS可修,
磅礴,ㄆㄤ ㄅㄛˊ,ㄅㄤˋ ㄅㄛˊ,磅:ㄅㄤˋ→ㄆㄤ(IVS+1),IVS可修,
膀胱,ㄆㄤˊ ㄍㄨㄤ,ㄅㄤˇ ㄍㄨㄤ,膀:ㄅㄤˇ→ㄆㄤˊ(IVS+1),IVS可修,
澎湃,ㄆㄥ ㄆㄞˋ,ㄆㄥˊ ㄆㄞˋ,澎:ㄆㄥˊ→ㄆㄥ(IVS+1),IVS可修,
朋比為奸,ㄆㄥˊ ㄅㄧˋ ㄨㄟˊ ㄐㄧㄢ,ㄆㄥˊ ㄅㄧˇ ㄨㄟˊ ㄐㄧㄢ,比:ㄅㄧˇ→ㄅㄧˋ(IVS+1),IVS可修,
碰釘子,ㄆㄥˋ ㄉㄧㄥ ˙ㄗ,ㄆㄥˋ ㄉㄧㄥ ㄗˇ,子:ㄗˇ→˙ㄗ(IVS+1),IVS可修,
碰運氣,ㄆㄥˋ ㄩㄣˋ ˙ㄑㄧ,ㄆㄥˋ ㄩㄣˋ ㄑㄧˋ,氣:ㄑㄧˋ→˙ㄑㄧ(字型無此讀音),字型缺讀音,
匹配,ㄆㄧˇ ㄆㄟˋ,ㄆㄧ ㄆㄟˋ,匹:ㄆㄧ→ㄆㄧˇ(IVS+1),IVS可修,
匹夫,ㄆㄧˇ ㄈㄨ,ㄆㄧ ㄈㄨ,匹:ㄆㄧ→ㄆㄧˇ(IVS+1),IVS可修,
匹夫匹婦,ㄆㄧˇ ㄈㄨ ㄆㄧˇ ㄈㄨˋ,ㄆㄧ ㄈㄨ ㄆㄧ ㄈㄨˋ,匹:ㄆㄧ→ㄆㄧˇ(IVS+1); 匹:ㄆㄧ→ㄆㄧˇ(IVS+1),IVS可修,
匹夫之勇,ㄆㄧˇ ㄈㄨ ㄓ ㄩㄥˇ,ㄆㄧ ㄈㄨ ㄓ ㄩㄥˇ,匹:ㄆㄧ→ㄆㄧˇ(IVS+1),IVS可修,
匹敵,ㄆㄧˇ ㄉㄧˊ,ㄆㄧ ㄉㄧˊ,匹:ㄆㄧ→ㄆㄧˇ(IVS+1),IVS可修,
否極泰來,ㄆㄧˇ ㄐㄧˊ ㄊㄞˋ ㄌㄞˊ,ㄈㄡˇ ㄐㄧˊ ㄊㄞˋ ㄌㄞˊ,否:ㄈㄡˇ→ㄆㄧˇ(IVS+1),IVS可修,
痞子,ㄆㄧˇ ˙ㄗ,ㄆㄧˇ ㄗˇ,子:ㄗˇ→˙ㄗ(IVS+1),IVS可修,
癖好,ㄆㄧˇ ㄏㄠˋ,ㄆㄧˇ ㄏㄠˇ,好:ㄏㄠˇ→ㄏㄠˋ(IVS+1),IVS可修,
撇開,ㄆㄧㄝ ㄎㄞ,ㄆㄧㄝˇ ㄎㄞ,撇:ㄆㄧㄝˇ→ㄆㄧㄝ(IVS+1),IVS可修,
撇清,ㄆㄧㄝ ㄑㄧㄥ,ㄆㄧㄝˇ ㄑㄧㄥ,撇:ㄆㄧㄝˇ→ㄆㄧㄝ(IVS+1),IVS可修,
撇下,ㄆㄧㄝ ㄒㄧㄚˋ,ㄆㄧㄝˇ ㄒㄧㄚˋ,撇:ㄆㄧㄝˇ→ㄆㄧㄝ(IVS+1),IVS可修,
漂泊,ㄆㄧㄠ ㄅㄛˊ,ㄆㄧㄠˋ ㄅㄛˊ,漂:ㄆㄧㄠˋ→ㄆㄧㄠ(IVS+1),IVS可修,
漂萍,ㄆㄧㄠ ㄆㄧㄥˊ,ㄆㄧㄠˋ ㄆㄧㄥˊ,漂:ㄆㄧㄠˋ→ㄆㄧㄠ(IVS+1),IVS可修,
漂浮,ㄆㄧㄠ ㄈㄨˊ,ㄆㄧㄠˋ ㄈㄨˊ,漂:ㄆㄧㄠˋ→ㄆㄧㄠ(IVS+1),IVS可修,
漂流,ㄆㄧㄠ ㄌㄧㄡˊ,ㄆㄧㄠˋ ㄌㄧㄡˊ,漂:ㄆㄧㄠˋ→ㄆㄧㄠ(IVS+1),IVS可修,
漂送,ㄆㄧㄠ ㄙㄨㄥˋ,ㄆㄧㄠˋ ㄙㄨㄥˋ,漂:ㄆㄧㄠˋ→ㄆㄧㄠ(IVS+1),IVS可修,
漂白,ㄆㄧㄠˇ ㄅㄞˊ,ㄆㄧㄠˋ ㄅㄞˊ,漂:ㄆㄧㄠˋ→ㄆㄧㄠˇ(IVS+2),IVS可修,
漂白粉,ㄆㄧㄠˇ ㄅㄞˊ ㄈㄣˇ,ㄆㄧㄠˋ ㄅㄞˊ ㄈㄣˇ,漂:ㄆㄧㄠˋ→ㄆㄧㄠˇ(IVS+2),IVS可修,
偏好,ㄆㄧㄢ ㄏㄠˋ,ㄆㄧㄢ ㄏㄠˇ,好:ㄏㄠˇ→ㄏㄠˋ(IVS+1),IVS可修,
便便,ㄆㄧㄢˊ ㄆㄧㄢˊ,ㄅㄧㄢˋ ㄅㄧㄢˋ,便:ㄅㄧㄢˋ→ㄆㄧㄢˊ(IVS+1); 便:ㄅㄧㄢˋ→ㄆㄧㄢˊ(IVS+1),IVS可修,
片子,ㄆㄧㄢˋ ˙ㄗ,ㄆㄧㄢˋ ㄗˇ,子:ㄗˇ→˙ㄗ(IVS+1),IVS可修,
騙子,ㄆㄧㄢˋ ˙ㄗ,ㄆㄧㄢˋ ㄗˇ,子:ㄗˇ→˙ㄗ(IVS+1),IVS可修,
品行,ㄆㄧㄣˇ ㄒㄧㄥˋ,ㄆㄧㄣˇ ㄒㄧㄥˊ,行:ㄒㄧㄥˊ→ㄒㄧㄥˋ(IVS+2),IVS可修,
評量,ㄆㄧㄥˊ ㄌㄧㄤˊ,ㄆㄧㄥˊ ㄌㄧㄤˋ,量:ㄌㄧㄤˋ→ㄌㄧㄤˊ(IVS+1),IVS可修,
評傳,ㄆㄧㄥˊ ㄓㄨㄢˋ,ㄆㄧㄥˊ ㄔㄨㄢˊ,傳:ㄔㄨㄢˊ→ㄓㄨㄢˋ(IVS+1),IVS可修,
萍水相逢,ㄆㄧㄥˊ ㄕㄨㄟˇ ㄒㄧㄤ ㄈㄥˊ,ㄆㄧㄥˊ ㄕㄨㄟˇ ㄒㄧㄤˋ ㄈㄥˊ,相:ㄒㄧㄤˋ→ㄒㄧㄤ(IVS+1),IVS可修,
暴露,ㄆㄨˋ ㄌㄨˋ,ㄅㄠˋ ㄌㄨˋ,暴:ㄅㄠˋ→ㄆㄨˋ(IVS+1),IVS可修,
鋪子,ㄆㄨˋ ˙ㄗ,ㄆㄨ ㄗˇ,鋪:ㄆㄨ→ㄆㄨˋ(IVS+1); 子:ㄗˇ→˙ㄗ(IVS+1),IVS可修,
鋪位,ㄆㄨˋ ㄨㄟˋ,ㄆㄨ ㄨㄟˋ,鋪:ㄆㄨ→ㄆㄨˋ(IVS+1),IVS可修,
媽媽,ㄇㄚ ˙ㄇㄚ,ㄇㄚ ㄇㄚ,媽:ㄇㄚ→˙ㄇㄚ(IVS+1),IVS可修,
嬤嬤,ㄇㄚ ˙ㄇㄚ,ㄇㄚ ㄇㄚ,嬤:ㄇㄚ→˙ㄇㄚ(IVS+1),IVS可修,
麻將,ㄇㄚˊ ㄐㄧㄤˋ,ㄇㄚˊ ㄐㄧㄤ,將:ㄐㄧㄤ→ㄐㄧㄤˋ(IVS+1),IVS可修,
麻子,ㄇㄚˊ ˙ㄗ,ㄇㄚˊ ㄗˇ,子:ㄗˇ→˙ㄗ(IVS+1),IVS可修,
馬馬虎虎,ㄇㄚˇ ㄇㄚˇ ㄏㄨ ㄏㄨ,ㄇㄚˇ ㄇㄚˇ ㄏㄨˇ ㄏㄨˇ,虎:ㄏㄨˇ→ㄏㄨ(IVS+1); 虎:ㄏㄨˇ→ㄏㄨ(IVS+1),IVS可修,
馬虎,ㄇㄚˇ ㄏㄨ,ㄇㄚˇ ㄏㄨˇ,虎:ㄏㄨˇ→ㄏㄨ(IVS+1),IVS可修,
嗎啡,ㄇㄚˇ ㄈㄟ,˙ㄇㄚ ㄈㄟ,嗎:˙ㄇㄚ→ㄇㄚˇ(IVS+1),IVS可修,
碼頭,ㄇㄚˇ ˙ㄊㄡ,ㄇㄚˇ ㄊㄡˊ,頭:ㄊㄡˊ→˙ㄊㄡ(IVS+1),IVS可修,
碼子,ㄇㄚˇ ˙ㄗ,ㄇㄚˇ ㄗˇ,子:ㄗˇ→˙ㄗ(IVS+1),IVS可修,
螞蚱,ㄇㄚˋ ㄓㄚˋ,ㄇㄚˇ ㄓㄚˋ,螞:ㄇㄚˇ→ㄇㄚˋ(IVS+1),IVS可修,
摸不著,ㄇㄛ ㄅㄨˋ ㄓㄠˊ,ㄇㄛ ㄅㄨˋ ˙ㄓㄜ,著:˙ㄓㄜ→ㄓㄠˊ(IVS+3),IVS可修,
磨難,ㄇㄛˊ ㄋㄢˋ,ㄇㄛˊ ㄋㄢˊ,難:ㄋㄢˊ→ㄋㄢˋ(IVS+1),IVS可修,
魔爪,ㄇㄛˊ ㄓㄠˇ,ㄇㄛˊ ㄓㄨㄚˇ,爪:ㄓㄨㄚˇ→ㄓㄠˇ(IVS+1),IVS可修,
模子,ㄇㄛˊ ˙ㄗ,ㄇㄛˊ ㄗˇ,子:ㄗˇ→˙ㄗ(IVS+1),IVS可修,
抹煞,ㄇㄛˇ ㄕㄚ,ㄇㄛˇ ㄕㄚˋ,煞:ㄕㄚˋ→ㄕㄚ(IVS+1),IVS可修,
万俟,ㄇㄛˋ ㄑㄧˊ,ㄇㄛˋ ㄙˋ,俟:ㄙˋ→ㄑㄧˊ(IVS+1),IVS可修,
末了,ㄇㄛˋ ㄌㄧㄠˇ,ㄇㄛˋ ˙ㄌㄜ,了:˙ㄌㄜ→ㄌㄧㄠˇ(IVS+1),IVS可修,
沒沒無聞,ㄇㄛˋ ㄇㄛˋ ㄨˊ ㄨㄣˊ,ㄇㄟˊ ㄇㄟˊ ㄨˊ ㄨㄣˊ,沒:ㄇㄟˊ→ㄇㄛˋ(IVS+1); 沒:ㄇㄟˊ→ㄇㄛˋ(IVS+1),IVS可修,
沒奈何,ㄇㄛˋ ㄋㄞˋ ㄏㄜˊ,ㄇㄟˊ ㄋㄞˋ ㄏㄜˊ,沒:ㄇㄟˊ→ㄇㄛˋ(IVS+1),IVS可修,
沒落,ㄇㄛˋ ㄌㄨㄛˋ,ㄇㄟˊ ㄌㄨㄛˋ,沒:ㄇㄟˊ→ㄇㄛˋ(IVS+1),IVS可修,
沒齒難忘,ㄇㄛˋ ㄔˇ ㄋㄢˊ ㄨㄤˋ,ㄇㄟˊ ㄔˇ ㄋㄢˊ ㄨㄤˋ,沒:ㄇㄟˊ→ㄇㄛˋ(IVS+1),IVS可修,
沒收,ㄇㄛˋ ㄕㄡ,ㄇㄟˊ ㄕㄡ,沒:ㄇㄟˊ→ㄇㄛˋ(IVS+1),IVS可修,
冒頓,ㄇㄛˋ ㄉㄨˊ,ㄇㄠˋ ㄉㄨㄣˋ,冒:ㄇㄠˋ→ㄇㄛˋ(IVS+1); 頓:ㄉㄨㄣˋ→ㄉㄨˊ(IVS+1),IVS可修,
脈脈,ㄇㄛˋ ㄇㄛˋ,ㄇㄞˋ ㄇㄞˋ,脈:ㄇㄞˋ→ㄇㄛˋ(IVS+1); 脈:ㄇㄞˋ→ㄇㄛˋ(IVS+1),IVS可修,
磨盤,ㄇㄛˋ ㄆㄢˊ,ㄇㄛˊ ㄆㄢˊ,磨:ㄇㄛˊ→ㄇㄛˋ(IVS+1),IVS可修,
磨坊,ㄇㄛˋ ㄈㄤ,ㄇㄛˊ ㄈㄤ,磨:ㄇㄛˊ→ㄇㄛˋ(IVS+1),IVS可修,
埋沒,ㄇㄞˊ ㄇㄛˋ,ㄇㄞˊ ㄇㄟˊ,沒:ㄇㄟˊ→ㄇㄛˋ(IVS+1),IVS可修,
買櫝還珠,ㄇㄞˇ ㄉㄨˊ ㄏㄨㄢˊ ㄓㄨ,ㄇㄞˇ ㄉㄨˊ ㄏㄞˊ ㄓㄨ,還:ㄏㄞˊ→ㄏㄨㄢˊ(IVS+1),IVS可修,
麥子,ㄇㄞˋ ˙ㄗ,ㄇㄞˋ ㄗˇ,子:ㄗˇ→˙ㄗ(IVS+1),IVS可修,
賣關子,ㄇㄞˋ ㄍㄨㄢ ˙ㄗ,ㄇㄞˋ ㄍㄨㄢ ㄗˇ,子:ㄗˇ→˙ㄗ(IVS+1),IVS可修,
沒法子,ㄇㄟˊ ㄈㄚˊ ˙ㄗ,ㄇㄟˊ ㄈㄚˇ ㄗˇ,法:ㄈㄚˇ→ㄈㄚˊ(IVS+1); 子:ㄗˇ→˙ㄗ(IVS+1),IVS可修,
沒空,ㄇㄟˊ ㄎㄨㄥˋ,ㄇㄟˊ ㄎㄨㄥ,空:ㄎㄨㄥ→ㄎㄨㄥˋ(IVS+1),IVS可修,
沒轍,ㄇㄟˊ ㄓㄜˊ,ㄇㄟˊ ㄔㄜˋ,轍:ㄔㄜˋ→ㄓㄜˊ(IVS+1),IVS可修,
沒著落,ㄇㄟˊ ㄓㄨㄛˊ ㄌㄨㄛˋ,ㄇㄟˊ ˙ㄓㄜ ㄌㄨㄛˋ,著:˙ㄓㄜ→ㄓㄨㄛˊ(IVS+4),IVS可修,
沒出息,ㄇㄟˊ ㄔㄨ ˙ㄒㄧ,ㄇㄟˊ ㄔㄨ ㄒㄧˊ,息:ㄒㄧˊ→˙ㄒㄧ(字型無此讀音),字型缺讀音,
沒意思,ㄇㄟˊ ㄧˋ ˙ㄙ,ㄇㄟˊ ㄧˋ ㄙ,思:ㄙ→˙ㄙ(IVS+2),IVS可修,
沒完沒了,ㄇㄟˊ ㄨㄢˊ ㄇㄟˊ ㄌㄧㄠˇ,ㄇㄟˊ ㄨㄢˊ ㄇㄟˊ ˙ㄌㄜ,了:˙ㄌㄜ→ㄌㄧㄠˇ(IVS+1),IVS可修,
梅子,ㄇㄟˊ ˙ㄗ,ㄇㄟˊ ㄗˇ,子:ㄗˇ→˙ㄗ(IVS+1),IVS可修,
美不勝收,ㄇㄟˇ ㄅㄨˋ ㄕㄥ ㄕㄡ,ㄇㄟˇ ㄅㄨˋ ㄕㄥˋ ㄕㄡ,勝:ㄕㄥˋ→ㄕㄥ(IVS+1),IVS可修,
美得冒泡,ㄇㄟˇ ˙ㄉㄜ ㄇㄠˋ ㄆㄠˋ,ㄇㄟˇ ㄉㄜˊ ㄇㄠˋ ㄆㄠˋ,得:ㄉㄜˊ→˙ㄉㄜ(IVS+1),IVS可修,
美人胚子,ㄇㄟˇ ㄖㄣˊ ㄆㄟ ˙ㄗ,ㄇㄟˇ ㄖㄣˊ ㄆㄟ ㄗˇ,子:ㄗˇ→˙ㄗ(IVS+1),IVS可修,
妹妹,ㄇㄟˋ ˙ㄇㄟ,ㄇㄟˋ ㄇㄟˋ,妹:ㄇㄟˋ→˙ㄇㄟ(IVS+1),IVS可修,
茅塞,ㄇㄠˊ ㄙㄜˋ,ㄇㄠˊ ㄙㄞ,塞:ㄙㄞ→ㄙㄜˋ(IVS+1),IVS可修,
茅塞頓開,ㄇㄠˊ ㄙㄜˋ ㄉㄨㄣˋ ㄎㄞ,ㄇㄠˊ ㄙㄞ ㄉㄨㄣˋ ㄎㄞ,塞:ㄙㄞ→ㄙㄜˋ(IVS+1),IVS可修,
茂盛,ㄇㄠˋ ㄕㄥˋ,ㄇㄠˋ ㄔㄥˊ,盛:ㄔㄥˊ→ㄕㄥˋ(IVS+1),IVS可修,
冒險犯難,ㄇㄠˋ ㄒㄧㄢˇ ㄈㄢˋ ㄋㄢˋ,ㄇㄠˋ ㄒㄧㄢˇ ㄈㄢˋ ㄋㄢˊ,難:ㄋㄢˊ→ㄋㄢˋ(IVS+1),IVS可修,
帽子,ㄇㄠˋ ˙ㄗ,ㄇㄠˋ ㄗˇ,子:ㄗˇ→˙ㄗ(IVS+1),IVS可修,
埋怨,ㄇㄢˊ ㄩㄢˋ,ㄇㄞˊ ㄩㄢˋ,埋:ㄇㄞˊ→ㄇㄢˊ(IVS+1),IVS可修,
蔓菁,ㄇㄢˊ ㄐㄧㄥ,ㄇㄢˋ ㄐㄧㄥ,蔓:ㄇㄢˋ→ㄇㄢˊ(IVS+1),IVS可修,
饅頭,ㄇㄢˊ ˙ㄊㄡ,ㄇㄢˊ ㄊㄡˊ,頭:ㄊㄡˊ→˙ㄊㄡ(IVS+1),IVS可修,
蠻橫,ㄇㄢˊ ㄏㄥˋ,ㄇㄢˊ ㄏㄥˊ,橫:ㄏㄥˊ→ㄏㄥˋ(IVS+1),IVS可修,
滿腦子,ㄇㄢˇ ㄋㄠˇ ˙ㄗ,ㄇㄢˇ ㄋㄠˇ ㄗˇ,子:ㄗˇ→˙ㄗ(IVS+1),IVS可修,
漫無目的,ㄇㄢˋ ㄨˊ ㄇㄨˋ ㄉㄧˋ,ㄇㄢˋ ㄨˊ ㄇㄨˋ ˙ㄉㄜ,的:˙ㄉㄜ→ㄉㄧˋ(IVS+2),IVS可修,
謾罵,ㄇㄢˋ ㄇㄚˋ,ㄇㄢˊ ㄇㄚˋ,謾:ㄇㄢˊ→ㄇㄢˋ(IVS+1),IVS可修,
門縫,ㄇㄣˊ ㄈㄥˋ,ㄇㄣˊ ㄈㄥˊ,縫:ㄈㄥˊ→ㄈㄥˋ(IVS+1),IVS可修,
悶悶不樂,ㄇㄣˋ ㄇㄣˋ ㄅㄨˋ ㄌㄜˋ,ㄇㄣ ㄇㄣ ㄅㄨˋ ㄌㄜˋ,悶:ㄇㄣ→ㄇㄣˋ(IVS+1); 悶:ㄇㄣ→ㄇㄣˋ(IVS+1),IVS可修,
悶酒,ㄇㄣˋ ㄐㄧㄡˇ,ㄇㄣ ㄐㄧㄡˇ,悶:ㄇㄣ→ㄇㄣˋ(IVS+1),IVS可修,
忙不迭地,ㄇㄤˊ ㄅㄨˋ ㄉㄧㄝˊ ˙ㄉㄜ,ㄇㄤˊ ㄅㄨˋ ㄉㄧㄝˊ ㄉㄧˋ,地:ㄉㄧˋ→˙ㄉㄜ(IVS+1),IVS可修,
忙得不可開交,ㄇㄤˊ ˙ㄉㄜ ㄅㄨˋ ㄎㄜˇ ㄎㄞ ㄐㄧㄠ,ㄇㄤˊ ㄉㄜˊ ㄅㄨˋ ㄎㄜˇ ㄎㄞ ㄐㄧㄠ,得:ㄉㄜˊ→˙ㄉㄜ(IVS+1),IVS可修,
芒種,ㄇㄤˊ ㄓㄨㄥˋ,ㄇㄤˊ ㄓㄨㄥˇ,種:ㄓㄨㄥˇ→ㄓㄨㄥˋ(IVS+1),IVS可修,
矇蔽,ㄇㄥ ㄅㄧˋ,ㄇㄥˊ ㄅㄧˋ,矇:ㄇㄥˊ→ㄇㄥ(IVS+1),IVS可修,
矇騙,ㄇㄥ ㄆㄧㄢˋ,ㄇㄥˊ ㄆㄧㄢˋ,矇:ㄇㄥˊ→ㄇㄥ(IVS+1),IVS可修,
矇混,ㄇㄥ ㄏㄨㄣˋ,ㄇㄥˊ ㄏㄨㄣˋ,矇:ㄇㄥˊ→ㄇㄥ(IVS+1),IVS可修,
蒙難,ㄇㄥˊ ㄋㄢˋ,ㄇㄥˊ ㄋㄢˊ,難:ㄋㄢˊ→ㄋㄢˋ(IVS+1),IVS可修,
猛將,ㄇㄥˇ ㄐㄧㄤˋ,ㄇㄥˇ ㄐㄧㄤ,將:ㄐㄧㄤ→ㄐㄧㄤˋ(IVS+1),IVS可修,
彌撒,ㄇㄧˊ ㄙㄚ,ㄇㄧˊ ㄙㄚˇ,撒:ㄙㄚˇ→ㄙㄚ(IVS+1),IVS可修,
彌撒曲,ㄇㄧˊ ㄙㄚ ㄑㄩˇ,ㄇㄧˊ ㄙㄚˇ ㄑㄩˇ,撒:ㄙㄚˇ→ㄙㄚ(IVS+1),IVS可修,
靡爛,ㄇㄧˊ ㄌㄢˋ,ㄇㄧˇ ㄌㄢˋ,靡:ㄇㄧˇ→ㄇㄧˊ(字型無此讀音),字型缺讀音,
密切,ㄇㄧˋ ㄑㄧㄝˋ,ㄇㄧˋ ㄑㄧㄝ,切:ㄑㄧㄝ→ㄑㄧㄝˋ(IVS+1),IVS可修,
苗頭,ㄇㄧㄠˊ ˙ㄊㄡ,ㄇㄧㄠˊ ㄊㄡˊ,頭:ㄊㄡˊ→˙ㄊㄡ(IVS+1),IVS可修,
妙處,ㄇㄧㄠˋ ㄔㄨˋ,ㄇㄧㄠˋ ㄔㄨˇ,處:ㄔㄨˇ→ㄔㄨˋ(IVS+1),IVS可修,
免不了,ㄇㄧㄢˇ ㄅㄨˋ ㄌㄧㄠˇ,ㄇㄧㄢˇ ㄅㄨˋ ˙ㄌㄜ,了:˙ㄌㄜ→ㄌㄧㄠˇ(IVS+1),IVS可修,
免得,ㄇㄧㄢˇ ˙ㄉㄜ,ㄇㄧㄢˇ ㄉㄜˊ,得:ㄉㄜˊ→˙ㄉㄜ(IVS+1),IVS可修,
勉強,ㄇㄧㄢˇ ㄑㄧㄤˇ,ㄇㄧㄢˇ ㄑㄧㄤˊ,強:ㄑㄧㄤˊ→ㄑㄧㄤˇ(IVS+1),IVS可修,
面面相覷,ㄇㄧㄢˋ ㄇㄧㄢˋ ㄒㄧㄤ ㄑㄩˋ,ㄇㄧㄢˋ ㄇㄧㄢˋ ㄒㄧㄤˋ ㄑㄩˋ,相:ㄒㄧㄤˋ→ㄒㄧㄤ(IVS+1),IVS可修,
面子,ㄇㄧㄢˋ ˙ㄗ,ㄇㄧㄢˋ ㄗˇ,子:ㄗˇ→˙ㄗ(IVS+1),IVS可修,
民意調查,ㄇㄧㄣˊ ㄧˋ ㄉㄧㄠˋ ㄔㄚˊ,ㄇㄧㄣˊ ㄧˋ ㄊㄧㄠˊ ㄔㄚˊ,調:ㄊㄧㄠˊ→ㄉㄧㄠˋ(IVS+1),IVS可修,
泯沒,ㄇㄧㄣˇ ㄇㄛˋ,ㄇㄧㄣˇ ㄇㄟˊ,沒:ㄇㄟˊ→ㄇㄛˋ(IVS+1),IVS可修,
澠池,ㄇㄧㄣˇ ㄔˊ,ㄕㄥˊ ㄔˊ,澠:ㄕㄥˊ→ㄇㄧㄣˇ(IVS+1),IVS可修,
名不見經傳,ㄇㄧㄥˊ ㄅㄨˋ ㄐㄧㄢˋ ㄐㄧㄥ ㄓㄨㄢˋ,ㄇㄧㄥˊ ㄅㄨˋ ㄐㄧㄢˋ ㄐㄧㄥ ㄔㄨㄢˊ,傳:ㄔㄨㄢˊ→ㄓㄨㄢˋ(IVS+1),IVS可修,
名分,ㄇㄧㄥˊ ㄈㄣˋ,ㄇㄧㄥˊ ㄈㄣ,分:ㄈㄣ→ㄈㄣˋ(IVS+1),IVS可修,
名角,ㄇㄧㄥˊ ㄐㄩㄝˊ,ㄇㄧㄥˊ ㄐㄧㄠˇ,角:ㄐㄧㄠˇ→ㄐㄩㄝˊ(IVS+1),IVS可修,
名著,ㄇㄧㄥˊ ㄓㄨˋ,ㄇㄧㄥˊ ˙ㄓㄜ,著:˙ㄓㄜ→ㄓㄨˋ(IVS+1),IVS可修,
名實相符,ㄇㄧㄥˊ ㄕˊ ㄒㄧㄤ ㄈㄨˊ,ㄇㄧㄥˊ ㄕˊ ㄒㄧㄤˋ ㄈㄨˊ,相:ㄒㄧㄤˋ→ㄒㄧㄤ(IVS+1),IVS可修,
名字,ㄇㄧㄥˊ ˙ㄗ,ㄇㄧㄥˊ ㄗˋ,字:ㄗˋ→˙ㄗ(IVS+1),IVS可修,
命根子,ㄇㄧㄥˋ ㄍㄣ ˙ㄗ,ㄇㄧㄥˋ ㄍㄣ ㄗˇ,子:ㄗˇ→˙ㄗ(IVS+1),IVS可修,
命中,ㄇㄧㄥˋ ㄓㄨㄥˋ,ㄇㄧㄥˋ ㄓㄨㄥ,中:ㄓㄨㄥ→ㄓㄨㄥˋ(IVS+1),IVS可修,
木頭,ㄇㄨˋ ˙ㄊㄡ,ㄇㄨˋ ㄊㄡˊ,頭:ㄊㄡˊ→˙ㄊㄡ(IVS+1),IVS可修,
目不暇給,ㄇㄨˋ ㄅㄨˋ ㄒㄧㄚˊ ㄐㄧˇ,ㄇㄨˋ ㄅㄨˋ ㄒㄧㄚˊ ㄍㄟˇ,給:ㄍㄟˇ→ㄐㄧˇ(IVS+1),IVS可修,
目的,ㄇㄨˋ ㄉㄧˋ,ㄇㄨˋ ˙ㄉㄜ,的:˙ㄉㄜ→ㄉㄧˋ(IVS+2),IVS可修,
目的地,ㄇㄨˋ ㄉㄧˋ ㄉㄧˋ,ㄇㄨˋ ˙ㄉㄜ ㄉㄧˋ,的:˙ㄉㄜ→ㄉㄧˋ(IVS+2),IVS可修,
目空一切,ㄇㄨˋ ㄎㄨㄥ ㄧ ㄑㄧㄝˋ,ㄇㄨˋ ㄎㄨㄥ ㄧ ㄑㄧㄝ,切:ㄑㄧㄝ→ㄑㄧㄝˋ(IVS+1),IVS可修,
目無尊長,ㄇㄨˋ ㄨˊ ㄗㄨㄣ ㄓㄤˇ,ㄇㄨˋ ㄨˊ ㄗㄨㄣ ㄔㄤˊ,長:ㄔㄤˊ→ㄓㄤˇ(IVS+1),IVS可修,
發難,ㄈㄚ ㄋㄢˋ,ㄈㄚ ㄋㄢˊ,難:ㄋㄢˊ→ㄋㄢˋ(IVS+1),IVS可修,
發還,ㄈㄚ ㄏㄨㄢˊ,ㄈㄚ ㄏㄞˊ,還:ㄏㄞˊ→ㄏㄨㄢˊ(IVS+1),IVS可修,
發噱,ㄈㄚ ㄐㄩㄝˊ,ㄈㄚ ㄒㄩㄝ,噱:ㄒㄩㄝ→ㄐㄩㄝˊ(IVS+1),IVS可修,
發人深省,ㄈㄚ ㄖㄣˊ ㄕㄣ ㄒㄧㄥˇ,ㄈㄚ ㄖㄣˊ ㄕㄣ ㄕㄥˇ,省:ㄕㄥˇ→ㄒㄧㄥˇ(IVS+1),IVS可修,
法子,ㄈㄚˊ ˙ㄗ,ㄈㄚˇ ㄗˇ,法:ㄈㄚˇ→ㄈㄚˊ(IVS+1); 子:ㄗˇ→˙ㄗ(IVS+1),IVS可修,
佛頭著糞,ㄈㄛˊ ㄊㄡˊ ㄓㄨㄛˊ ㄈㄣˋ,ㄈㄛˊ ㄊㄡˊ ˙ㄓㄜ ㄈㄣˋ,著:˙ㄓㄜ→ㄓㄨㄛˊ(IVS+4),IVS可修,
妃子,ㄈㄟ ˙ㄗ,ㄈㄟ ㄗˇ,子:ㄗˇ→˙ㄗ(IVS+1),IVS可修,
非難,ㄈㄟ ㄋㄢˋ,ㄈㄟ ㄋㄢˊ,難:ㄋㄢˊ→ㄋㄢˋ(IVS+1),IVS可修,
飛來橫禍,ㄈㄟ ㄌㄞˊ ㄏㄥˋ ㄏㄨㄛˋ,ㄈㄟ ㄌㄞˊ ㄏㄥˊ ㄏㄨㄛˋ,橫:ㄏㄥˊ→ㄏㄥˋ(IVS+1),IVS可修,
菲薄,ㄈㄟˇ ㄅㄛˊ,ㄈㄟ ㄅㄛˊ,菲:ㄈㄟ→ㄈㄟˇ(IVS+1),IVS可修,
費思量,ㄈㄟˋ ㄙ ㄌㄧㄤˊ,ㄈㄟˋ ㄙ ㄌㄧㄤˋ,量:ㄌㄧㄤˋ→ㄌㄧㄤˊ(IVS+1),IVS可修,
痱子,ㄈㄟˋ ˙ㄗ,ㄈㄟˋ ㄗˇ,子:ㄗˇ→˙ㄗ(IVS+1),IVS可修,
痱子粉,ㄈㄟˋ ˙ㄗ ㄈㄣˇ,ㄈㄟˋ ㄗˇ ㄈㄣˇ,子:ㄗˇ→˙ㄗ(IVS+1),IVS可修,
翻跟頭,ㄈㄢ ㄍㄣ ˙ㄊㄡ,ㄈㄢ ㄍㄣ ㄊㄡˊ,頭:ㄊㄡˊ→˙ㄊㄡ(IVS+1),IVS可修,
翻江倒海,ㄈㄢ ㄐㄧㄤ ㄉㄠˇ ㄏㄞˇ,ㄈㄢ ㄐㄧㄤ ㄉㄠˋ ㄏㄞˇ,倒:ㄉㄠˋ→ㄉㄠˇ(IVS+1),IVS可修,
翻箱倒櫃,ㄈㄢ ㄒㄧㄤ ㄉㄠˇ ㄍㄨㄟˋ,ㄈㄢ ㄒㄧㄤ ㄉㄠˋ ㄍㄨㄟˋ,倒:ㄉㄠˋ→ㄉㄠˇ(IVS+1),IVS可修,
煩悶,ㄈㄢˊ ㄇㄣˋ,ㄈㄢˊ ㄇㄣ,悶:ㄇㄣ→ㄇㄣˋ(IVS+1),IVS可修,
繁盛,ㄈㄢˊ ㄕㄥˋ,ㄈㄢˊ ㄔㄥˊ,盛:ㄔㄥˊ→ㄕㄥˋ(IVS+1),IVS可修,
反彈,ㄈㄢˇ ㄊㄢˊ,ㄈㄢˇ ㄉㄢˋ,彈:ㄉㄢˋ→ㄊㄢˊ(IVS+1),IVS可修,
反躬自省,ㄈㄢˇ ㄍㄨㄥ ㄗˋ ㄒㄧㄥˇ,ㄈㄢˇ ㄍㄨㄥ ㄗˋ ㄕㄥˇ,省:ㄕㄥˇ→ㄒㄧㄥˇ(IVS+1),IVS可修,
反間,ㄈㄢˇ ㄐㄧㄢˋ,ㄈㄢˇ ㄐㄧㄢ,間:ㄐㄧㄢ→ㄐㄧㄢˋ(IVS+1),IVS可修,
反切,ㄈㄢˇ ㄑㄧㄝˋ,ㄈㄢˇ ㄑㄧㄝ,切:ㄑㄧㄝ→ㄑㄧㄝˋ(IVS+1),IVS可修,
反省,ㄈㄢˇ ㄒㄧㄥˇ,ㄈㄢˇ ㄕㄥˇ,省:ㄕㄥˇ→ㄒㄧㄥˇ(IVS+1),IVS可修,
反脣相譏,ㄈㄢˇ ㄔㄨㄣˊ ㄒㄧㄤ ㄐㄧ,ㄈㄢˇ ㄔㄨㄣˊ ㄒㄧㄤˋ ㄐㄧ,相:ㄒㄧㄤˋ→ㄒㄧㄤ(IVS+1),IVS可修,
反應,ㄈㄢˇ ㄧㄥˋ,ㄈㄢˇ ㄧㄥ,應:ㄧㄥ→ㄧㄥˋ(IVS+1),IVS可修,
返老還童,ㄈㄢˇ ㄌㄠˇ ㄏㄨㄢˊ ㄊㄨㄥˊ,ㄈㄢˇ ㄌㄠˇ ㄏㄞˊ ㄊㄨㄥˊ,還:ㄏㄞˊ→ㄏㄨㄢˊ(IVS+1),IVS可修,
犯不著,ㄈㄢˋ ㄅㄨˋ ㄓㄠˊ,ㄈㄢˋ ㄅㄨˋ ˙ㄓㄜ,著:˙ㄓㄜ→ㄓㄠˊ(IVS+3),IVS可修,
販子,ㄈㄢˋ ˙ㄗ,ㄈㄢˋ ㄗˇ,子:ㄗˇ→˙ㄗ(IVS+1),IVS可修,
分行,ㄈㄣ ㄏㄤˊ,ㄈㄣ ㄒㄧㄥˊ,行:ㄒㄧㄥˊ→ㄏㄤˊ(IVS+1),IVS可修,
分內,ㄈㄣˋ ㄋㄟˋ,ㄈㄣ ㄋㄟˋ,分:ㄈㄣ→ㄈㄣˋ(IVS+1),IVS可修,
分量,ㄈㄣˋ ㄌㄧㄤˋ,ㄈㄣ ㄌㄧㄤˋ,分:ㄈㄣ→ㄈㄣˋ(IVS+1),IVS可修,
分外,ㄈㄣˋ ㄨㄞˋ,ㄈㄣ ㄨㄞˋ,分:ㄈㄣ→ㄈㄣˋ(IVS+1),IVS可修,
分外眼紅,ㄈㄣˋ ㄨㄞˋ ㄧㄢˇ ㄏㄨㄥˊ,ㄈㄣ ㄨㄞˋ ㄧㄢˇ ㄏㄨㄥˊ,分:ㄈㄣ→ㄈㄣˋ(IVS+1),IVS可修,
方子,ㄈㄤ ˙ㄗ,ㄈㄤ ㄗˇ,子:ㄗˇ→˙ㄗ(IVS+1),IVS可修,
防不勝防,ㄈㄤˊ ㄅㄨˋ ㄕㄥ ㄈㄤˊ,ㄈㄤˊ ㄅㄨˋ ㄕㄥˋ ㄈㄤˊ,勝:ㄕㄥˋ→ㄕㄥ(IVS+1),IVS可修,
房子,ㄈㄤˊ ˙ㄗ,ㄈㄤˊ ㄗˇ,子:ㄗˇ→˙ㄗ(IVS+1),IVS可修,
彷彿,ㄈㄤˇ ㄈㄨˊ,ㄆㄤˊ ㄈㄨˊ,彷:ㄆㄤˊ→ㄈㄤˇ(IVS+1),IVS可修,
放鴿子,ㄈㄤˋ ㄍㄜ ˙ㄗ,ㄈㄤˋ ㄍㄜ ㄗˇ,子:ㄗˇ→˙ㄗ(IVS+1),IVS可修,
放假,ㄈㄤˋ ㄐㄧㄚˋ,ㄈㄤˋ ㄐㄧㄚˇ,假:ㄐㄧㄚˇ→ㄐㄧㄚˋ(IVS+1),IVS可修,
風馬牛不相及,ㄈㄥ ㄇㄚˇ ㄋㄧㄡˊ ㄅㄨˋ ㄒㄧㄤ ㄐㄧˊ,ㄈㄥ ㄇㄚˇ ㄋㄧㄡˊ ㄅㄨˋ ㄒㄧㄤˋ ㄐㄧˊ,相:ㄒㄧㄤˋ→ㄒㄧㄤ(IVS+1),IVS可修,
瘋子,ㄈㄥ ˙ㄗ,ㄈㄥ ㄗˇ,子:ㄗˇ→˙ㄗ(IVS+1),IVS可修,
鋒頭,ㄈㄥ ˙ㄊㄡ,ㄈㄥ ㄊㄡˊ,頭:ㄊㄡˊ→˙ㄊㄡ(IVS+1),IVS可修,
豐盛,ㄈㄥ ㄕㄥˋ,ㄈㄥ ㄔㄥˊ,盛:ㄔㄥˊ→ㄕㄥˋ(IVS+1),IVS可修,
奉調,ㄈㄥˋ ㄉㄧㄠˋ,ㄈㄥˋ ㄊㄧㄠˊ,調:ㄊㄧㄠˊ→ㄉㄧㄠˋ(IVS+1),IVS可修,
奉還,ㄈㄥˋ ㄏㄨㄢˊ,ㄈㄥˋ ㄏㄞˊ,還:ㄏㄞˊ→ㄏㄨㄢˊ(IVS+1),IVS可修,
奉養,ㄈㄥˋ ㄧㄤˋ,ㄈㄥˋ ㄧㄤˇ,養:ㄧㄤˇ→ㄧㄤˋ(IVS+1),IVS可修,
俸給,ㄈㄥˋ ㄐㄧˇ,ㄈㄥˋ ㄍㄟˇ,給:ㄍㄟˇ→ㄐㄧˇ(IVS+1),IVS可修,
鳳冠,ㄈㄥˋ ㄍㄨㄢ,ㄈㄥˋ ㄍㄨㄢˋ,冠:ㄍㄨㄢˋ→ㄍㄨㄢ(IVS+1),IVS可修,
縫隙,ㄈㄥˋ ㄒㄧˋ,ㄈㄥˊ ㄒㄧˋ,縫:ㄈㄥˊ→ㄈㄥˋ(IVS+1),IVS可修,
敷衍了事,ㄈㄨ ㄧㄢˇ ㄌㄧㄠˇ ㄕˋ,ㄈㄨ ㄧㄢˇ ˙ㄌㄜ ㄕˋ,了:˙ㄌㄜ→ㄌㄧㄠˇ(IVS+1),IVS可修,
敷衍塞責,ㄈㄨ ㄧㄢˇ ㄙㄜˋ ㄗㄜˊ,ㄈㄨ ㄧㄢˇ ㄙㄞ ㄗㄜˊ,塞:ㄙㄞ→ㄙㄜˋ(IVS+1),IVS可修,
服務處,ㄈㄨˊ ㄨˋ ㄔㄨˋ,ㄈㄨˊ ㄨˋ ㄔㄨˇ,處:ㄔㄨˇ→ㄔㄨˋ(IVS+1),IVS可修,
福分,ㄈㄨˊ ㄈㄣˋ,ㄈㄨˊ ㄈㄣ,分:ㄈㄣ→ㄈㄣˋ(IVS+1),IVS可修,
斧頭,ㄈㄨˇ ˙ㄊㄡ,ㄈㄨˇ ㄊㄡˊ,頭:ㄊㄡˊ→˙ㄊㄡ(IVS+1),IVS可修,
拊膺切齒,ㄈㄨˇ ㄧㄥ ㄑㄧㄝˋ ㄔˇ,ㄈㄨˇ ㄧㄥ ㄑㄧㄝ ㄔˇ,切:ㄑㄧㄝ→ㄑㄧㄝˋ(IVS+1),IVS可修,
俯首帖耳,ㄈㄨˇ ㄕㄡˇ ㄊㄧㄝ ㄦˇ,ㄈㄨˇ ㄕㄡˇ ㄊㄧㄝˇ ㄦˇ,帖:ㄊㄧㄝˇ→ㄊㄧㄝ(字型無此讀音),字型缺讀音,
附和,ㄈㄨˋ ㄏㄜˋ,ㄈㄨˋ ㄏㄜˊ,和:ㄏㄜˊ→ㄏㄜˋ(IVS+2),IVS可修,
附著,ㄈㄨˋ ㄓㄨㄛˊ,ㄈㄨˋ ˙ㄓㄜ,著:˙ㄓㄜ→ㄓㄨㄛˊ(IVS+4),IVS可修,
負荷,ㄈㄨˋ ㄏㄜˋ,ㄈㄨˋ ㄏㄜˊ,荷:ㄏㄜˊ→ㄏㄜˋ(IVS+1),IVS可修,
負成長,ㄈㄨˋ ㄔㄥˊ ㄓㄤˇ,ㄈㄨˋ ㄔㄥˊ ㄔㄤˊ,長:ㄔㄤˊ→ㄓㄤˇ(IVS+1),IVS可修,
副會長,ㄈㄨˋ ㄏㄨㄟˋ ㄓㄤˇ,ㄈㄨˋ ㄏㄨㄟˋ ㄔㄤˊ,長:ㄔㄤˊ→ㄓㄤˇ(IVS+1),IVS可修,
副署,ㄈㄨˋ ㄕㄨˋ,ㄈㄨˋ ㄕㄨˇ,署:ㄕㄨˇ→ㄕㄨˋ(IVS+1),IVS可修,
富而好禮,ㄈㄨˋ ㄦˊ ㄏㄠˋ ㄌㄧˇ,ㄈㄨˋ ㄦˊ ㄏㄠˇ ㄌㄧˇ,好:ㄏㄠˇ→ㄏㄠˋ(IVS+1),IVS可修,
婦道人家,ㄈㄨˋ ㄉㄠˋ ㄖㄣˊ ˙ㄐㄧㄚ,ㄈㄨˋ ㄉㄠˋ ㄖㄣˊ ㄐㄧㄚ,家:ㄐㄧㄚ→˙ㄐㄧㄚ(字型無此讀音),字型缺讀音,
覆沒,ㄈㄨˋ ㄇㄛˋ,ㄈㄨˋ ㄇㄟˊ,沒:ㄇㄟˊ→ㄇㄛˋ(IVS+1),IVS可修,
答理,ㄉㄚ ㄌㄧˇ,ㄉㄚˊ ㄌㄧˇ,答:ㄉㄚˊ→ㄉㄚ(IVS+1),IVS可修,
答腔,ㄉㄚ ㄑㄧㄤ,ㄉㄚˊ ㄑㄧㄤ,答:ㄉㄚˊ→ㄉㄚ(IVS+1),IVS可修,
答應,ㄉㄚ ㄧㄥˋ,ㄉㄚˊ ㄧㄥ,答:ㄉㄚˊ→ㄉㄚ(IVS+1); 應:ㄧㄥ→ㄧㄥˋ(IVS+1),IVS可修,
答允,ㄉㄚ ㄩㄣˇ,ㄉㄚˊ ㄩㄣˇ,答:ㄉㄚˊ→ㄉㄚ(IVS+1),IVS可修,
搭調,ㄉㄚ ㄉㄧㄠˋ,ㄉㄚ ㄊㄧㄠˊ,調:ㄊㄧㄠˊ→ㄉㄧㄠˋ(IVS+1),IVS可修,
達賴喇嘛,ㄉㄚˊ ㄌㄞˋ ㄌㄚˇ ˙ㄇㄚ,ㄉㄚˊ ㄌㄞˋ ㄌㄚˇ ㄇㄚˊ,嘛:ㄇㄚˊ→˙ㄇㄚ(IVS+1),IVS可修,
打麻將,ㄉㄚˇ ㄇㄚˊ ㄐㄧㄤˋ,ㄉㄚˇ ㄇㄚˊ ㄐㄧㄤ,將:ㄐㄧㄤ→ㄐㄧㄤˋ(IVS+1),IVS可修,
打馬虎眼,ㄉㄚˇ ㄇㄚˇ ㄏㄨ ㄧㄢˇ,ㄉㄚˇ ㄇㄚˇ ㄏㄨˇ ㄧㄢˇ,虎:ㄏㄨˇ→ㄏㄨ(IVS+1),IVS可修,
打倒,ㄉㄚˇ ㄉㄠˇ,ㄉㄚˇ ㄉㄠˋ,倒:ㄉㄠˋ→ㄉㄠˇ(IVS+1),IVS可修,
打地鋪,ㄉㄚˇ ㄉㄧˋ ㄆㄨˋ,ㄉㄚˇ ㄉㄧˋ ㄆㄨ,鋪:ㄆㄨ→ㄆㄨˋ(IVS+1),IVS可修,
打更,ㄉㄚˇ ㄍㄥ,ㄉㄚˇ ㄍㄥˋ,更:ㄍㄥˋ→ㄍㄥ(IVS+1),IVS可修,
打擊樂,ㄉㄚˇ ㄐㄧˊ ㄩㄝˋ,ㄉㄚˇ ㄐㄧˊ ㄌㄜˋ,樂:ㄌㄜˋ→ㄩㄝˋ(IVS+1),IVS可修,
打擊樂器,ㄉㄚˇ ㄐㄧˊ ㄩㄝˋ ㄑㄧˋ,ㄉㄚˇ ㄐㄧˊ ㄌㄜˋ ㄑㄧˋ,樂:ㄌㄜˋ→ㄩㄝˋ(IVS+1),IVS可修,
打轉,ㄉㄚˇ ㄓㄨㄢˋ,ㄉㄚˇ ㄓㄨㄢˇ,轉:ㄓㄨㄢˇ→ㄓㄨㄢˋ(IVS+1),IVS可修,
打中,ㄉㄚˇ ㄓㄨㄥˋ,ㄉㄚˇ ㄓㄨㄥ,中:ㄓㄨㄥ→ㄓㄨㄥˋ(IVS+1),IVS可修,
大脖子,ㄉㄚˋ ㄅㄛˊ ˙ㄗ,ㄉㄚˋ ㄅㄛˊ ㄗˇ,子:ㄗˇ→˙ㄗ(IVS+1),IVS可修,
大半輩子,ㄉㄚˋ ㄅㄢˋ ㄅㄟˋ ˙ㄗ,ㄉㄚˋ ㄅㄢˋ ㄅㄟˋ ㄗˇ,子:ㄗˇ→˙ㄗ(IVS+1),IVS可修,
大不了,ㄉㄚˋ ㄅㄨˋ ㄌㄧㄠˇ,ㄉㄚˋ ㄅㄨˋ ˙ㄌㄜ,了:˙ㄌㄜ→ㄌㄧㄠˇ(IVS+1),IVS可修,
大不相同,ㄉㄚˋ ㄅㄨˋ ㄒㄧㄤ ㄊㄨㄥˊ,ㄉㄚˋ ㄅㄨˋ ㄒㄧㄤˋ ㄊㄨㄥˊ,相:ㄒㄧㄤˋ→ㄒㄧㄤ(IVS+1),IVS可修,
大部分,ㄉㄚˋ ㄅㄨˋ ㄈㄣˋ,ㄉㄚˋ ㄅㄨˋ ㄈㄣ,分:ㄈㄣ→ㄈㄣˋ(IVS+1),IVS可修,
大腹便便,ㄉㄚˋ ㄈㄨˋ ㄆㄧㄢˊ ㄆㄧㄢˊ,ㄉㄚˋ ㄈㄨˋ ㄅㄧㄢˋ ㄅㄧㄢˋ,便:ㄅㄧㄢˋ→ㄆㄧㄢˊ(IVS+1); 便:ㄅㄧㄢˋ→ㄆㄧㄢˊ(IVS+1),IVS可修,
大地重生,ㄉㄚˋ ㄉㄧˋ ㄔㄨㄥˊ ㄕㄥ,ㄉㄚˋ ㄉㄧˋ ㄓㄨㄥˋ ㄕㄥ,重:ㄓㄨㄥˋ→ㄔㄨㄥˊ(IVS+1),IVS可修,
大調,ㄉㄚˋ ㄉㄧㄠˋ,ㄉㄚˋ ㄊㄧㄠˊ,調:ㄊㄧㄠˊ→ㄉㄧㄠˋ(IVS+1),IVS可修,
大肚子,ㄉㄚˋ ㄉㄨˋ ˙ㄗ,ㄉㄚˋ ㄉㄨˋ ㄗˇ,子:ㄗˇ→˙ㄗ(IVS+1),IVS可修,
大難,ㄉㄚˋ ㄋㄢˋ,ㄉㄚˋ ㄋㄢˊ,難:ㄋㄢˊ→ㄋㄢˋ(IVS+1),IVS可修,
大難不死,ㄉㄚˋ ㄋㄢˋ ㄅㄨˋ ㄙˇ,ㄉㄚˋ ㄋㄢˊ ㄅㄨˋ ㄙˇ,難:ㄋㄢˊ→ㄋㄢˋ(IVS+1),IVS可修,
大難臨頭,ㄉㄚˋ ㄋㄢˋ ㄌㄧㄣˊ ㄊㄡˊ,ㄉㄚˋ ㄋㄢˊ ㄌㄧㄣˊ ㄊㄡˊ,難:ㄋㄢˊ→ㄋㄢˋ(IVS+1),IVS可修,
大剌剌,ㄉㄚˋ ㄌㄚˋ ㄌㄚˋ,ㄉㄚˋ ㄌㄚˊ ㄌㄚˊ,剌:ㄌㄚˊ→ㄌㄚˋ(IVS+1); 剌:ㄌㄚˊ→ㄌㄚˋ(IVS+1),IVS可修,
大個子,ㄉㄚˋ ㄍㄜˋ ˙ㄗ,ㄉㄚˋ ㄍㄜˋ ㄗˇ,子:ㄗˇ→˙ㄗ(IVS+1),IVS可修,
大鬍子,ㄉㄚˋ ㄏㄨˊ ˙ㄗ,ㄉㄚˋ ㄏㄨˊ ㄗˇ,子:ㄗˇ→˙ㄗ(IVS+1),IVS可修,
大家長,ㄉㄚˋ ㄐㄧㄚ ㄓㄤˇ,ㄉㄚˋ ㄐㄧㄚ ㄔㄤˊ,長:ㄔㄤˊ→ㄓㄤˇ(IVS+1),IVS可修,
大舅子,ㄉㄚˋ ㄐㄧㄡˋ ˙ㄗ,ㄉㄚˋ ㄐㄧㄡˋ ㄗˇ,子:ㄗˇ→˙ㄗ(IVS+1),IVS可修,
大將,ㄉㄚˋ ㄐㄧㄤˋ,ㄉㄚˋ ㄐㄧㄤ,將:ㄐㄧㄤ→ㄐㄧㄤˋ(IVS+1),IVS可修,
大將之風,ㄉㄚˋ ㄐㄧㄤˋ ㄓ ㄈㄥ,ㄉㄚˋ ㄐㄧㄤ ㄓ ㄈㄥ,將:ㄐㄧㄤ→ㄐㄧㄤˋ(IVS+1),IVS可修,
大相逕庭,ㄉㄚˋ ㄒㄧㄤ ㄐㄧㄥˋ ㄊㄧㄥˊ,ㄉㄚˋ ㄒㄧㄤˋ ㄐㄧㄥˋ ㄊㄧㄥˊ,相:ㄒㄧㄤˋ→ㄒㄧㄤ(IVS+1),IVS可修,
大出風頭,ㄉㄚˋ ㄔㄨ ㄈㄥ ˙ㄊㄡ,ㄉㄚˋ ㄔㄨ ㄈㄥ ㄊㄡˊ,頭:ㄊㄡˊ→˙ㄊㄡ(IVS+1),IVS可修,
大出鋒頭,ㄉㄚˋ ㄔㄨ ㄈㄥ ˙ㄊㄡ,ㄉㄚˋ ㄔㄨ ㄈㄥ ㄊㄡˊ,頭:ㄊㄡˊ→˙ㄊㄡ(IVS+1),IVS可修,
大舌頭,ㄉㄚˋ ㄕㄜˊ ˙ㄊㄡ,ㄉㄚˋ ㄕㄜˊ ㄊㄡˊ,頭:ㄊㄡˊ→˙ㄊㄡ(IVS+1),IVS可修,
大乘經典,ㄉㄚˋ ㄕㄥˋ ㄐㄧㄥ ㄉㄧㄢˇ,ㄉㄚˋ ㄔㄥˊ ㄐㄧㄥ ㄉㄧㄢˇ,乘:ㄔㄥˊ→ㄕㄥˋ(IVS+1),IVS可修,
大災難,ㄉㄚˋ ㄗㄞ ㄋㄢˋ,ㄉㄚˋ ㄗㄞ ㄋㄢˊ,難:ㄋㄢˊ→ㄋㄢˋ(IVS+1),IVS可修,
大而無當,ㄉㄚˋ ㄦˊ ㄨˊ ㄉㄤˋ,ㄉㄚˋ ㄦˊ ㄨˊ ㄉㄤ,當:ㄉㄤ→ㄉㄤˋ(IVS+1),IVS可修,
大有來頭,ㄉㄚˋ ㄧㄡˇ ㄌㄞˊ ˙ㄊㄡ,ㄉㄚˋ ㄧㄡˇ ㄌㄞˊ ㄊㄡˊ,頭:ㄊㄡˊ→˙ㄊㄡ(IVS+1),IVS可修,
大宛,ㄉㄚˋ ㄩㄢ,ㄉㄚˋ ㄨㄢˇ,宛:ㄨㄢˇ→ㄩㄢ(IVS+1),IVS可修,
得當,ㄉㄜˊ ㄉㄤˋ,ㄉㄜˊ ㄉㄤ,當:ㄉㄤ→ㄉㄤˋ(IVS+1),IVS可修,
得心應手,ㄉㄜˊ ㄒㄧㄣ ㄧㄥˋ ㄕㄡˇ,ㄉㄜˊ ㄒㄧㄣ ㄧㄥ ㄕㄡˇ,應:ㄧㄥ→ㄧㄥˋ(IVS+1),IVS可修,
呆子,ㄉㄞ ˙ㄗ,ㄉㄞ ㄗˇ,子:ㄗˇ→˙ㄗ(IVS+1),IVS可修,
大夫,ㄉㄞˋ ㄈㄨ,ㄉㄚˋ ㄈㄨ,大:ㄉㄚˋ→ㄉㄞˋ(IVS+1),IVS可修,
代代相傳,ㄉㄞˋ ㄉㄞˋ ㄒㄧㄤ ㄔㄨㄢˊ,ㄉㄞˋ ㄉㄞˋ ㄒㄧㄤˋ ㄔㄨㄢˊ,相:ㄒㄧㄤˋ→ㄒㄧㄤ(IVS+1),IVS可修,
袋子,ㄉㄞˋ ˙ㄗ,ㄉㄞˋ ㄗˇ,子:ㄗˇ→˙ㄗ(IVS+1),IVS可修,
駘蕩,ㄉㄞˋ ㄉㄤˋ,ㄊㄞˊ ㄉㄤˋ,駘:ㄊㄞˊ→ㄉㄞˋ(IVS+1),IVS可修,
帶子,ㄉㄞˋ ˙ㄗ,ㄉㄞˋ ㄗˇ,子:ㄗˇ→˙ㄗ(IVS+1),IVS可修,
刀子,ㄉㄠ ˙ㄗ,ㄉㄠ ㄗˇ,子:ㄗˇ→˙ㄗ(IVS+1),IVS可修,
倒閉,ㄉㄠˇ ㄅㄧˋ,ㄉㄠˋ ㄅㄧˋ,倒:ㄉㄠˋ→ㄉㄠˇ(IVS+1),IVS可修,
倒斃,ㄉㄠˇ ㄅㄧˋ,ㄉㄠˋ ㄅㄧˋ,倒:ㄉㄠˋ→ㄉㄠˇ(IVS+1),IVS可修,
倒楣,ㄉㄠˇ ㄇㄟˊ,ㄉㄠˋ ㄇㄟˊ,倒:ㄉㄠˋ→ㄉㄠˇ(IVS+1),IVS可修,
倒楣相,ㄉㄠˇ ㄇㄟˊ ㄒㄧㄤˋ,ㄉㄠˋ ㄇㄟˊ ㄒㄧㄤˋ,倒:ㄉㄠˋ→ㄉㄠˇ(IVS+1),IVS可修,
倒霉,ㄉㄠˇ ㄇㄟˊ,ㄉㄠˋ ㄇㄟˊ,倒:ㄉㄠˋ→ㄉㄠˇ(IVS+1),IVS可修,
倒店,ㄉㄠˇ ㄉㄧㄢˋ,ㄉㄠˋ ㄉㄧㄢˋ,倒:ㄉㄠˋ→ㄉㄠˇ(IVS+1),IVS可修,
倒塌,ㄉㄠˇ ㄊㄚ,ㄉㄠˋ ㄊㄚ,倒:ㄉㄠˋ→ㄉㄠˇ(IVS+1),IVS可修,
倒頭就睡,ㄉㄠˇ ㄊㄡˊ ㄐㄧㄡˋ ㄕㄨㄟˋ,ㄉㄠˋ ㄊㄡˊ ㄐㄧㄡˋ ㄕㄨㄟˋ,倒:ㄉㄠˋ→ㄉㄠˇ(IVS+1),IVS可修,
倒坍,ㄉㄠˇ ㄊㄢ,ㄉㄠˋ ㄊㄢ,倒:ㄉㄠˋ→ㄉㄠˇ(IVS+1),IVS可修,
倒戈,ㄉㄠˇ ㄍㄜ,ㄉㄠˋ ㄍㄜ,倒:ㄉㄠˋ→ㄉㄠˇ(IVS+1),IVS可修,
倒閣,ㄉㄠˇ ㄍㄜˊ,ㄉㄠˋ ㄍㄜˊ,倒:ㄉㄠˋ→ㄉㄠˇ(IVS+1),IVS可修,
倒會,ㄉㄠˇ ㄏㄨㄟˋ,ㄉㄠˋ ㄏㄨㄟˋ,倒:ㄉㄠˋ→ㄉㄠˇ(IVS+1),IVS可修,
倒債,ㄉㄠˇ ㄓㄞˋ,ㄉㄠˋ ㄓㄞˋ,倒:ㄉㄠˋ→ㄉㄠˇ(IVS+1),IVS可修,
倒帳,ㄉㄠˇ ㄓㄤˋ,ㄉㄠˋ ㄓㄤˋ,倒:ㄉㄠˋ→ㄉㄠˇ(IVS+1),IVS可修,
倒嗓,ㄉㄠˇ ㄙㄤˇ,ㄉㄠˋ ㄙㄤˇ,倒:ㄉㄠˋ→ㄉㄠˇ(IVS+1),IVS可修,
倒胃,ㄉㄠˇ ㄨㄟˋ,ㄉㄠˋ ㄨㄟˋ,倒:ㄉㄠˋ→ㄉㄠˇ(IVS+1),IVS可修,
倒胃口,ㄉㄠˇ ㄨㄟˋ ㄎㄡˇ,ㄉㄠˋ ㄨㄟˋ ㄎㄡˇ,倒:ㄉㄠˋ→ㄉㄠˇ(IVS+1),IVS可修,
倒運,ㄉㄠˇ ㄩㄣˋ,ㄉㄠˋ ㄩㄣˋ,倒:ㄉㄠˋ→ㄉㄠˇ(IVS+1),IVS可修,
到處,ㄉㄠˋ ㄔㄨˋ,ㄉㄠˋ ㄔㄨˇ,處:ㄔㄨˇ→ㄔㄨˋ(IVS+1),IVS可修,
倒數,ㄉㄠˋ ㄕㄨˇ,ㄉㄠˋ ㄕㄨˋ,數:ㄕㄨˋ→ㄕㄨˇ(IVS+1),IVS可修,
倒數計時,ㄉㄠˋ ㄕㄨˇ ㄐㄧˋ ㄕˊ,ㄉㄠˋ ㄕㄨˋ ㄐㄧˋ ㄕˊ,數:ㄕㄨˋ→ㄕㄨˇ(IVS+1),IVS可修,
道觀,ㄉㄠˋ ㄍㄨㄢˋ,ㄉㄠˋ ㄍㄨㄢ,觀:ㄍㄨㄢ→ㄍㄨㄢˋ(IVS+1),IVS可修,
道行,ㄉㄠˋ ㄒㄧㄥˋ,ㄉㄠˋ ㄒㄧㄥˊ,行:ㄒㄧㄥˊ→ㄒㄧㄥˋ(IVS+2),IVS可修,
道長,ㄉㄠˋ ㄓㄤˇ,ㄉㄠˋ ㄔㄤˊ,長:ㄔㄤˊ→ㄓㄤˇ(IVS+1),IVS可修,
道藏,ㄉㄠˋ ㄗㄤˋ,ㄉㄠˋ ㄘㄤˊ,藏:ㄘㄤˊ→ㄗㄤˋ(IVS+1),IVS可修,
稻子,ㄉㄠˋ ˙ㄗ,ㄉㄠˋ ㄗˇ,子:ㄗˇ→˙ㄗ(IVS+1),IVS可修,
斗杓,ㄉㄡˇ ㄅㄧㄠ,ㄉㄡˇ ㄕㄠˊ,杓:ㄕㄠˊ→ㄅㄧㄠ(IVS+1),IVS可修,
豆子,ㄉㄡˋ ˙ㄗ,ㄉㄡˋ ㄗˇ,子:ㄗˇ→˙ㄗ(IVS+1),IVS可修,
痘子,ㄉㄡˋ ˙ㄗ,ㄉㄡˋ ㄗˇ,子:ㄗˇ→˙ㄗ(IVS+1),IVS可修,
單調,ㄉㄢ ㄉㄧㄠˋ,ㄉㄢ ㄊㄧㄠˊ,調:ㄊㄧㄠˊ→ㄉㄧㄠˋ(IVS+1),IVS可修,
單相思,ㄉㄢ ㄒㄧㄤ ㄙ,ㄉㄢ ㄒㄧㄤˋ ㄙ,相:ㄒㄧㄤˋ→ㄒㄧㄤ(IVS+1),IVS可修,
單子,ㄉㄢ ˙ㄗ,ㄉㄢ ㄗˇ,子:ㄗˇ→˙ㄗ(IVS+1),IVS可修,
儋縣,ㄉㄢ ㄒㄧㄢˋ,ㄉㄢˋ ㄒㄧㄢˋ,儋:ㄉㄢˋ→ㄉㄢ(IVS+1),IVS可修,
撢子,ㄉㄢˇ ˙ㄗ,ㄉㄢˇ ㄗˇ,子:ㄗˇ→˙ㄗ(IVS+1),IVS可修,
膽子,ㄉㄢˇ ˙ㄗ,ㄉㄢˇ ㄗˇ,子:ㄗˇ→˙ㄗ(IVS+1),IVS可修,
旦角,ㄉㄢˋ ㄐㄩㄝˊ,ㄉㄢˋ ㄐㄧㄠˇ,角:ㄐㄧㄠˇ→ㄐㄩㄝˊ(IVS+1),IVS可修,
蛋卷,ㄉㄢˋ ㄐㄩㄢˇ,ㄉㄢˋ ㄐㄩㄢˋ,卷:ㄐㄩㄢˋ→ㄐㄩㄢˇ(IVS+1),IVS可修,
擔擔麵,ㄉㄢˋ ㄉㄢˋ ㄇㄧㄢˋ,ㄉㄢ ㄉㄢ ㄇㄧㄢˋ,擔:ㄉㄢ→ㄉㄢˋ(IVS+1); 擔:ㄉㄢ→ㄉㄢˋ(IVS+1),IVS可修,
擔子,ㄉㄢˋ ˙ㄗ,ㄉㄢ ㄗˇ,擔:ㄉㄢ→ㄉㄢˋ(IVS+1); 子:ㄗˇ→˙ㄗ(IVS+1),IVS可修,
擔仔麵,ㄉㄢˋ ㄗˇ ㄇㄧㄢˋ,ㄉㄢ ㄗˇ ㄇㄧㄢˋ,擔:ㄉㄢ→ㄉㄢˋ(IVS+1),IVS可修,
當頭棒喝,ㄉㄤ ㄊㄡˊ ㄅㄤˋ ㄏㄜˋ,ㄉㄤ ㄊㄡˊ ㄅㄤˋ ㄏㄜ,喝:ㄏㄜ→ㄏㄜˋ(IVS+1),IVS可修,
當差,ㄉㄤ ㄔㄞ,ㄉㄤ ㄔㄚ,差:ㄔㄚ→ㄔㄞ(IVS+1),IVS可修,
當票,ㄉㄤˋ ㄆㄧㄠˋ,ㄉㄤ ㄆㄧㄠˋ,當:ㄉㄤ→ㄉㄤˋ(IVS+1),IVS可修,
當鋪,ㄉㄤˋ ㄆㄨˋ,ㄉㄤ ㄆㄨ,當:ㄉㄤ→ㄉㄤˋ(IVS+1); 鋪:ㄆㄨ→ㄆㄨˋ(IVS+1),IVS可修,
當掉,ㄉㄤˋ ㄉㄧㄠˋ,ㄉㄤ ㄉㄧㄠˋ,當:ㄉㄤ→ㄉㄤˋ(IVS+1),IVS可修,
當機,ㄉㄤˋ ㄐㄧ,ㄉㄤ ㄐㄧ,當:ㄉㄤ→ㄉㄤˋ(IVS+1),IVS可修,
當真,ㄉㄤˋ ㄓㄣ,ㄉㄤ ㄓㄣ,當:ㄉㄤ→ㄉㄤˋ(IVS+1),IVS可修,
當成,ㄉㄤˋ ㄔㄥˊ,ㄉㄤ ㄔㄥˊ,當:ㄉㄤ→ㄉㄤˋ(IVS+1),IVS可修,
當作,ㄉㄤˋ ㄗㄨㄛˋ,ㄉㄤ ㄗㄨㄛˋ,當:ㄉㄤ→ㄉㄤˋ(IVS+1),IVS可修,
當做,ㄉㄤˋ ㄗㄨㄛˋ,ㄉㄤ ㄗㄨㄛˋ,當:ㄉㄤ→ㄉㄤˋ(IVS+1),IVS可修,
戥子,ㄉㄥˇ ˙ㄗ,ㄉㄥˇ ㄗˇ,子:ㄗˇ→˙ㄗ(IVS+1),IVS可修,
低調,ㄉㄧ ㄉㄧㄠˋ,ㄉㄧ ㄊㄧㄠˊ,調:ㄊㄧㄠˊ→ㄉㄧㄠˋ(IVS+1),IVS可修,
滴答,ㄉㄧ ㄉㄚ,ㄉㄧ ㄉㄚˊ,答:ㄉㄚˊ→ㄉㄚ(IVS+1),IVS可修,
滴滴答答,ㄉㄧ ㄉㄧ ㄉㄚ ㄉㄚ,ㄉㄧ ㄉㄧ ㄉㄚˊ ㄉㄚˊ,答:ㄉㄚˊ→ㄉㄚ(IVS+1); 答:ㄉㄚˊ→ㄉㄚ(IVS+1),IVS可修,
的當,ㄉㄧˊ ㄉㄤˋ,˙ㄉㄜ ㄉㄤ,的:˙ㄉㄜ→ㄉㄧˊ(IVS+1); 當:ㄉㄤ→ㄉㄤˋ(IVS+1),IVS可修,
的確,ㄉㄧˊ ㄑㄩㄝˋ,˙ㄉㄜ ㄑㄩㄝˋ,的:˙ㄉㄜ→ㄉㄧˊ(IVS+1),IVS可修,
笛子,ㄉㄧˊ ˙ㄗ,ㄉㄧˊ ㄗˇ,子:ㄗˇ→˙ㄗ(IVS+1),IVS可修,
嫡長子,ㄉㄧˊ ㄓㄤˇ ㄗˇ,ㄉㄧˊ ㄔㄤˊ ㄗˇ,長:ㄔㄤˊ→ㄓㄤˇ(IVS+1),IVS可修,
底下,ㄉㄧˇ ˙ㄒㄧㄚ,ㄉㄧˇ ㄒㄧㄚˋ,下:ㄒㄧㄚˋ→˙ㄒㄧㄚ(字型無此讀音),字型缺讀音,
底子,ㄉㄧˇ ˙ㄗ,ㄉㄧˇ ㄗˇ,子:ㄗˇ→˙ㄗ(IVS+1),IVS可修,
地藏王菩薩,ㄉㄧˋ ㄗㄤˋ ㄨㄤˊ ㄆㄨˊ ㄙㄚˋ,ㄉㄧˋ ㄘㄤˊ ㄨㄤˊ ㄆㄨˊ ㄙㄚˋ,藏:ㄘㄤˊ→ㄗㄤˋ(IVS+1),IVS可修,
弟弟,ㄉㄧˋ ˙ㄉㄧ,ㄉㄧˋ ㄉㄧˋ,弟:ㄉㄧˋ→˙ㄉㄧ(IVS+1),IVS可修,
帝都,ㄉㄧˋ ㄉㄨ,ㄉㄧˋ ㄉㄡ,都:ㄉㄡ→ㄉㄨ(IVS+1),IVS可修,
遞解,ㄉㄧˋ ㄐㄧㄝˋ,ㄉㄧˋ ㄐㄧㄝˇ,解:ㄐㄧㄝˇ→ㄐㄧㄝˋ(IVS+1),IVS可修,
跌倒,ㄉㄧㄝˊ ㄉㄠˇ,ㄉㄧㄝˊ ㄉㄠˋ,倒:ㄉㄠˋ→ㄉㄠˇ(IVS+1),IVS可修,
碟式煞車,ㄉㄧㄝˊ ㄕˋ ㄕㄚ ㄔㄜ,ㄉㄧㄝˊ ㄕˋ ㄕㄚˋ ㄔㄜ,煞:ㄕㄚˋ→ㄕㄚ(IVS+1),IVS可修,
碟煞,ㄉㄧㄝˊ ㄕㄚ,ㄉㄧㄝˊ ㄕㄚˋ,煞:ㄕㄚˋ→ㄕㄚ(IVS+1),IVS可修,
碟子,ㄉㄧㄝˊ ˙ㄗ,ㄉㄧㄝˊ ㄗˇ,子:ㄗˇ→˙ㄗ(IVS+1),IVS可修,
弔膀子,ㄉㄧㄠˋ ㄅㄤˋ ˙ㄗ,ㄉㄧㄠˋ ㄅㄤˇ ㄗˇ,膀:ㄅㄤˇ→ㄅㄤˋ(IVS+3); 子:ㄗˇ→˙ㄗ(IVS+1),IVS可修,
吊嗓子,ㄉㄧㄠˋ ㄙㄤˇ ˙ㄗ,ㄉㄧㄠˋ ㄙㄤˇ ㄗˇ,子:ㄗˇ→˙ㄗ(IVS+1),IVS可修,
調撥,ㄉㄧㄠˋ ㄅㄛ,ㄊㄧㄠˊ ㄅㄛ,調:ㄊㄧㄠˊ→ㄉㄧㄠˋ(IVS+1),IVS可修,
調撥車道,ㄉㄧㄠˋ ㄅㄛ ㄔㄜ ㄉㄠˋ,ㄊㄧㄠˊ ㄅㄛ ㄔㄜ ㄉㄠˋ,調:ㄊㄧㄠˊ→ㄉㄧㄠˋ(IVS+1),IVS可修,
調包,ㄉㄧㄠˋ ㄅㄠ,ㄊㄧㄠˊ ㄅㄠ,調:ㄊㄧㄠˊ→ㄉㄧㄠˋ(IVS+1),IVS可修,
調兵遣將,ㄉㄧㄠˋ ㄅㄧㄥ ㄑㄧㄢˇ ㄐㄧㄤˋ,ㄊㄧㄠˊ ㄅㄧㄥ ㄑㄧㄢˇ ㄐㄧㄤ,調:ㄊㄧㄠˊ→ㄉㄧㄠˋ(IVS+1); 將:ㄐㄧㄤ→ㄐㄧㄤˋ(IVS+1),IVS可修,
調派,ㄉㄧㄠˋ ㄆㄞˋ,ㄊㄧㄠˊ ㄆㄞˋ,調:ㄊㄧㄠˊ→ㄉㄧㄠˋ(IVS+1),IVS可修,
調調,ㄉㄧㄠˋ ㄉㄧㄠˋ,ㄊㄧㄠˊ ㄊㄧㄠˊ,調:ㄊㄧㄠˊ→ㄉㄧㄠˋ(IVS+1); 調:ㄊㄧㄠˊ→ㄉㄧㄠˋ(IVS+1),IVS可修,
調度,ㄉㄧㄠˋ ㄉㄨˋ,ㄊㄧㄠˊ ㄉㄨˋ,調:ㄊㄧㄠˊ→ㄉㄧㄠˋ(IVS+1),IVS可修,
調度室,ㄉㄧㄠˋ ㄉㄨˋ ㄕˋ,ㄊㄧㄠˊ ㄉㄨˋ ㄕˋ,調:ㄊㄧㄠˊ→ㄉㄧㄠˋ(IVS+1),IVS可修,
調動,ㄉㄧㄠˋ ㄉㄨㄥˋ,ㄊㄧㄠˊ ㄉㄨㄥˋ,調:ㄊㄧㄠˊ→ㄉㄧㄠˋ(IVS+1),IVS可修,
調頭寸,ㄉㄧㄠˋ ㄊㄡˊ ㄘㄨㄣˋ,ㄊㄧㄠˊ ㄊㄡˊ ㄘㄨㄣˋ,調:ㄊㄧㄠˊ→ㄉㄧㄠˋ(IVS+1),IVS可修,
調課,ㄉㄧㄠˋ ㄎㄜˋ,ㄊㄧㄠˊ ㄎㄜˋ,調:ㄊㄧㄠˊ→ㄉㄧㄠˋ(IVS+1),IVS可修,
調開,ㄉㄧㄠˋ ㄎㄞ,ㄊㄧㄠˊ ㄎㄞ,調:ㄊㄧㄠˊ→ㄉㄧㄠˋ(IVS+1),IVS可修,
調號,ㄉㄧㄠˋ ㄏㄠˋ,ㄊㄧㄠˊ ㄏㄠˋ,調:ㄊㄧㄠˊ→ㄉㄧㄠˋ(IVS+1),IVS可修,
調虎離山,ㄉㄧㄠˋ ㄏㄨˇ ㄌㄧˊ ㄕㄢ,ㄊㄧㄠˊ ㄏㄨˇ ㄌㄧˊ ㄕㄢ,調:ㄊㄧㄠˊ→ㄉㄧㄠˋ(IVS+1),IVS可修,
調換,ㄉㄧㄠˋ ㄏㄨㄢˋ,ㄊㄧㄠˊ ㄏㄨㄢˋ,調:ㄊㄧㄠˊ→ㄉㄧㄠˋ(IVS+1),IVS可修,
調集,ㄉㄧㄠˋ ㄐㄧˊ,ㄊㄧㄠˊ ㄐㄧˊ,調:ㄊㄧㄠˊ→ㄉㄧㄠˋ(IVS+1),IVS可修,
調遣,ㄉㄧㄠˋ ㄑㄧㄢˇ,ㄊㄧㄠˊ ㄑㄧㄢˇ,調:ㄊㄧㄠˊ→ㄉㄧㄠˋ(IVS+1),IVS可修,
調校,ㄉㄧㄠˋ ㄒㄧㄠˋ,ㄊㄧㄠˊ ㄒㄧㄠˋ,調:ㄊㄧㄠˊ→ㄉㄧㄠˋ(IVS+1),IVS可修,
調職,ㄉㄧㄠˋ ㄓˊ,ㄊㄧㄠˊ ㄓˊ,調:ㄊㄧㄠˊ→ㄉㄧㄠˋ(IVS+1),IVS可修,
調駐,ㄉㄧㄠˋ ㄓㄨˋ,ㄊㄧㄠˊ ㄓㄨˋ,調:ㄊㄧㄠˊ→ㄉㄧㄠˋ(IVS+1),IVS可修,
調轉,ㄉㄧㄠˋ ㄓㄨㄢˇ,ㄊㄧㄠˊ ㄓㄨㄢˇ,調:ㄊㄧㄠˊ→ㄉㄧㄠˋ(IVS+1),IVS可修,
調查,ㄉㄧㄠˋ ㄔㄚˊ,ㄊㄧㄠˊ ㄔㄚˊ,調:ㄊㄧㄠˊ→ㄉㄧㄠˋ(IVS+1),IVS可修,
調查表,ㄉㄧㄠˋ ㄔㄚˊ ㄅㄧㄠˇ,ㄊㄧㄠˊ ㄔㄚˊ ㄅㄧㄠˇ,調:ㄊㄧㄠˊ→ㄉㄧㄠˋ(IVS+1),IVS可修,
調查員,ㄉㄧㄠˋ ㄔㄚˊ ㄩㄢˊ,ㄊㄧㄠˊ ㄔㄚˊ ㄩㄢˊ,調:ㄊㄧㄠˊ→ㄉㄧㄠˋ(IVS+1),IVS可修,
調車場,ㄉㄧㄠˋ ㄔㄜ ㄔㄤˇ,ㄊㄧㄠˊ ㄔㄜ ㄔㄤˇ,調:ㄊㄧㄠˊ→ㄉㄧㄠˋ(IVS+1),IVS可修,
調差,ㄉㄧㄠˋ ㄔㄞ,ㄊㄧㄠˊ ㄔㄚ,調:ㄊㄧㄠˊ→ㄉㄧㄠˋ(IVS+1); 差:ㄔㄚ→ㄔㄞ(IVS+1),IVS可修,
調人,ㄉㄧㄠˋ ㄖㄣˊ,ㄊㄧㄠˊ ㄖㄣˊ,調:ㄊㄧㄠˊ→ㄉㄧㄠˋ(IVS+1),IVS可修,
調任,ㄉㄧㄠˋ ㄖㄣˋ,ㄊㄧㄠˊ ㄖㄣˋ,調:ㄊㄧㄠˊ→ㄉㄧㄠˋ(IVS+1),IVS可修,
調子,ㄉㄧㄠˋ ˙ㄗ,ㄊㄧㄠˊ ㄗˇ,調:ㄊㄧㄠˊ→ㄉㄧㄠˋ(IVS+1); 子:ㄗˇ→˙ㄗ(IVS+1),IVS可修,
調閱,ㄉㄧㄠˋ ㄩㄝˋ,ㄊㄧㄠˊ ㄩㄝˋ,調:ㄊㄧㄠˊ→ㄉㄧㄠˋ(IVS+1),IVS可修,
調用,ㄉㄧㄠˋ ㄩㄥˋ,ㄊㄧㄠˊ ㄩㄥˋ,調:ㄊㄧㄠˊ→ㄉㄧㄠˋ(IVS+1),IVS可修,
丟三落四,ㄉㄧㄡ ㄙㄢ ㄌㄚˋ ㄙˋ,ㄉㄧㄡ ㄙㄢ ㄌㄨㄛˋ ㄙˋ,落:ㄌㄨㄛˋ→ㄌㄚˋ(IVS+1),IVS可修,
顛倒,ㄉㄧㄢ ㄉㄠˇ,ㄉㄧㄢ ㄉㄠˋ,倒:ㄉㄠˋ→ㄉㄠˇ(IVS+1),IVS可修,
顛倒是非,ㄉㄧㄢ ㄉㄠˇ ㄕˋ ㄈㄟ,ㄉㄧㄢ ㄉㄠˋ ㄕˋ ㄈㄟ,倒:ㄉㄠˋ→ㄉㄠˇ(IVS+1),IVS可修,
顛顛倒倒,ㄉㄧㄢ ㄉㄧㄢ ㄉㄠˇ ㄉㄠˇ,ㄉㄧㄢ ㄉㄧㄢ ㄉㄠˋ ㄉㄠˋ,倒:ㄉㄠˋ→ㄉㄠˇ(IVS+1); 倒:ㄉㄠˋ→ㄉㄠˇ(IVS+1),IVS可修,
顛三倒四,ㄉㄧㄢ ㄙㄢ ㄉㄠˇ ㄙˋ,ㄉㄧㄢ ㄙㄢ ㄉㄠˋ ㄙˋ,倒:ㄉㄠˋ→ㄉㄠˇ(IVS+1),IVS可修,
典當,ㄉㄧㄢˇ ㄉㄤˋ,ㄉㄧㄢˇ ㄉㄤ,當:ㄉㄤ→ㄉㄤˋ(IVS+1),IVS可修,
典獄長,ㄉㄧㄢˇ ㄩˋ ㄓㄤˇ,ㄉㄧㄢˇ ㄩˋ ㄔㄤˊ,長:ㄔㄤˊ→ㄓㄤˇ(IVS+1),IVS可修,
點將錄,ㄉㄧㄢˇ ㄐㄧㄤˋ ㄌㄨˋ,ㄉㄧㄢˇ ㄐㄧㄤ ㄌㄨˋ,將:ㄐㄧㄤ→ㄐㄧㄤˋ(IVS+1),IVS可修,
點著,ㄉㄧㄢˇ ㄓㄠˊ,ㄉㄧㄢˇ ˙ㄓㄜ,著:˙ㄓㄜ→ㄓㄠˊ(IVS+3),IVS可修,
點子,ㄉㄧㄢˇ ˙ㄗ,ㄉㄧㄢˇ ㄗˇ,子:ㄗˇ→˙ㄗ(IVS+1),IVS可修,
店鋪,ㄉㄧㄢˋ ㄆㄨˋ,ㄉㄧㄢˋ ㄆㄨ,鋪:ㄆㄨ→ㄆㄨˋ(IVS+1),IVS可修,
店長,ㄉㄧㄢˋ ㄓㄤˇ,ㄉㄧㄢˋ ㄔㄤˊ,長:ㄔㄤˊ→ㄓㄤˇ(IVS+1),IVS可修,
電腦合成樂,ㄉㄧㄢˋ ㄋㄠˇ ㄏㄜˊ ㄔㄥˊ ㄩㄝˋ,ㄉㄧㄢˋ ㄋㄠˇ ㄏㄜˊ ㄔㄥˊ ㄌㄜˋ,樂:ㄌㄜˋ→ㄩㄝˋ(IVS+1),IVS可修,
電腦音樂,ㄉㄧㄢˋ ㄋㄠˇ ㄧㄣ ㄩㄝˋ,ㄉㄧㄢˋ ㄋㄠˇ ㄧㄣ ㄌㄜˋ,樂:ㄌㄜˋ→ㄩㄝˋ(IVS+1),IVS可修,
電荷,ㄉㄧㄢˋ ㄏㄜˋ,ㄉㄧㄢˋ ㄏㄜˊ,荷:ㄏㄜˊ→ㄏㄜˋ(IVS+1),IVS可修,
電鑽,ㄉㄧㄢˋ ㄗㄨㄢˋ,ㄉㄧㄢˋ ㄗㄨㄢ,鑽:ㄗㄨㄢ→ㄗㄨㄢˋ(IVS+1),IVS可修,
墊子,ㄉㄧㄢˋ ˙ㄗ,ㄉㄧㄢˋ ㄗˇ,子:ㄗˇ→˙ㄗ(IVS+1),IVS可修,
釘子,ㄉㄧㄥ ˙ㄗ,ㄉㄧㄥ ㄗˇ,子:ㄗˇ→˙ㄗ(IVS+1),IVS可修,
耵聹,ㄉㄧㄥˇ ㄋㄧㄥˊ,ㄊㄧㄥ ㄋㄧㄥˊ,耵:ㄊㄧㄥ→ㄉㄧㄥˇ(IVS+1),IVS可修,
頂上功夫,ㄉㄧㄥˇ ㄕㄤˋ ㄍㄨㄥ ˙ㄈㄨ,ㄉㄧㄥˇ ㄕㄤˋ ㄍㄨㄥ ㄈㄨ,夫:ㄈㄨ→˙ㄈㄨ(字型無此讀音),字型缺讀音,
鼎力相助,ㄉㄧㄥˇ ㄌㄧˋ ㄒㄧㄤ ㄓㄨˋ,ㄉㄧㄥˇ ㄌㄧˋ ㄒㄧㄤˋ ㄓㄨˋ,相:ㄒㄧㄤˋ→ㄒㄧㄤ(IVS+1),IVS可修,
鼎盛,ㄉㄧㄥˇ ㄕㄥˋ,ㄉㄧㄥˇ ㄔㄥˊ,盛:ㄔㄥˊ→ㄕㄥˋ(IVS+1),IVS可修,
定都,ㄉㄧㄥˋ ㄉㄨ,ㄉㄧㄥˋ ㄉㄡ,都:ㄉㄡ→ㄉㄨ(IVS+1),IVS可修,
定省,ㄉㄧㄥˋ ㄒㄧㄥˇ,ㄉㄧㄥˋ ㄕㄥˇ,省:ㄕㄥˇ→ㄒㄧㄥˇ(IVS+1),IVS可修,
釘書機,ㄉㄧㄥˋ ㄕㄨ ㄐㄧ,ㄉㄧㄥ ㄕㄨ ㄐㄧ,釘:ㄉㄧㄥ→ㄉㄧㄥˋ(IVS+1),IVS可修,
都馬調,ㄉㄨ ㄇㄚˇ ㄉㄧㄠˋ,ㄉㄡ ㄇㄚˇ ㄊㄧㄠˊ,都:ㄉㄡ→ㄉㄨ(IVS+1); 調:ㄊㄧㄠˊ→ㄉㄧㄠˋ(IVS+1),IVS可修,
都會,ㄉㄨ ㄏㄨㄟˋ,ㄉㄡ ㄏㄨㄟˋ,都:ㄉㄡ→ㄉㄨ(IVS+1),IVS可修,
都城,ㄉㄨ ㄔㄥˊ,ㄉㄡ ㄔㄥˊ,都:ㄉㄡ→ㄉㄨ(IVS+1),IVS可修,
都市,ㄉㄨ ㄕˋ,ㄉㄡ ㄕˋ,都:ㄉㄡ→ㄉㄨ(IVS+1),IVS可修,
都市病,ㄉㄨ ㄕˋ ㄅㄧㄥˋ,ㄉㄡ ㄕˋ ㄅㄧㄥˋ,都:ㄉㄡ→ㄉㄨ(IVS+1),IVS可修,
都市化,ㄉㄨ ㄕˋ ㄏㄨㄚˋ,ㄉㄡ ㄕˋ ㄏㄨㄚˋ,都:ㄉㄡ→ㄉㄨ(IVS+1),IVS可修,
都市計畫,ㄉㄨ ㄕˋ ㄐㄧˋ ㄏㄨㄚˋ,ㄉㄡ ㄕˋ ㄐㄧˋ ㄏㄨㄚˋ,都:ㄉㄡ→ㄉㄨ(IVS+1),IVS可修,
嘟囔,ㄉㄨ ㄋㄤ,ㄉㄨ ˙ㄋㄤ,囔:˙ㄋㄤ→ㄋㄤ(字型無此讀音),字型缺讀音,
肚子,ㄉㄨˋ ˙ㄗ,ㄉㄨˋ ㄗˇ,子:ㄗˇ→˙ㄗ(IVS+1),IVS可修,多義詞
堵塞,ㄉㄨˇ ㄙㄜˋ,ㄉㄨˇ ㄙㄞ,塞:ㄙㄞ→ㄙㄜˋ(IVS+1),IVS可修,
杜塞,ㄉㄨˋ ㄙㄜˋ,ㄉㄨˋ ㄙㄞ,塞:ㄙㄞ→ㄙㄜˋ(IVS+1),IVS可修,
度假,ㄉㄨˋ ㄐㄧㄚˋ,ㄉㄨˋ ㄐㄧㄚˇ,假:ㄐㄧㄚˇ→ㄐㄧㄚˋ(IVS+1),IVS可修,
度假勝地,ㄉㄨˋ ㄐㄧㄚˋ ㄕㄥˋ ㄉㄧˋ,ㄉㄨˋ ㄐㄧㄚˇ ㄕㄥˋ ㄉㄧˋ,假:ㄐㄧㄚˇ→ㄐㄧㄚˋ(IVS+1),IVS可修,
度假村,ㄉㄨˋ ㄐㄧㄚˋ ㄘㄨㄣ,ㄉㄨˋ ㄐㄧㄚˇ ㄘㄨㄣ,假:ㄐㄧㄚˇ→ㄐㄧㄚˋ(IVS+1),IVS可修,
多難,ㄉㄨㄛ ㄋㄢˋ,ㄉㄨㄛ ㄋㄢˊ,難:ㄋㄢˊ→ㄋㄢˋ(IVS+1),IVS可修,
多難興邦,ㄉㄨㄛ ㄋㄢˋ ㄒㄧㄥ ㄅㄤ,ㄉㄨㄛ ㄋㄢˊ ㄒㄧㄥ ㄅㄤ,難:ㄋㄢˊ→ㄋㄢˋ(IVS+1),IVS可修,
多重,ㄉㄨㄛ ㄔㄨㄥˊ,ㄉㄨㄛ ㄓㄨㄥˋ,重:ㄓㄨㄥˋ→ㄔㄨㄥˊ(IVS+1),IVS可修,
多重性格,ㄉㄨㄛ ㄔㄨㄥˊ ㄒㄧㄥˋ ㄍㄜˊ,ㄉㄨㄛ ㄓㄨㄥˋ ㄒㄧㄥˋ ㄍㄜˊ,重:ㄓㄨㄥˋ→ㄔㄨㄥˊ(IVS+1),IVS可修,
多重人格,ㄉㄨㄛ ㄔㄨㄥˊ ㄖㄣˊ ㄍㄜˊ,ㄉㄨㄛ ㄓㄨㄥˋ ㄖㄣˊ ㄍㄜˊ,重:ㄓㄨㄥˋ→ㄔㄨㄥˊ(IVS+1),IVS可修,
多災多難,ㄉㄨㄛ ㄗㄞ ㄉㄨㄛ ㄋㄢˋ,ㄉㄨㄛ ㄗㄞ ㄉㄨㄛ ㄋㄢˊ,難:ㄋㄢˊ→ㄋㄢˋ(IVS+1),IVS可修,
躲不了,ㄉㄨㄛˇ ㄅㄨˋ ㄌㄧㄠˇ,ㄉㄨㄛˇ ㄅㄨˋ ˙ㄌㄜ,了:˙ㄌㄜ→ㄌㄧㄠˇ(IVS+1),IVS可修,
隊長,ㄉㄨㄟˋ ㄓㄤˇ,ㄉㄨㄟˋ ㄔㄤˊ,長:ㄔㄤˊ→ㄓㄤˇ(IVS+1),IVS可修,
對調,ㄉㄨㄟˋ ㄉㄧㄠˋ,ㄉㄨㄟˋ ㄊㄧㄠˊ,調:ㄊㄧㄠˊ→ㄉㄧㄠˋ(IVS+1),IVS可修,
對牛彈琴,ㄉㄨㄟˋ ㄋㄧㄡˊ ㄊㄢˊ ㄑㄧㄣˊ,ㄉㄨㄟˋ ㄋㄧㄡˊ ㄉㄢˋ ㄑㄧㄣˊ,彈:ㄉㄢˋ→ㄊㄢˊ(IVS+1),IVS可修,
對稱,ㄉㄨㄟˋ ㄔㄥˋ,ㄉㄨㄟˋ ㄔㄥ,稱:ㄔㄥ→ㄔㄥˋ(IVS+1),IVS可修,
對子,ㄉㄨㄟˋ ˙ㄗ,ㄉㄨㄟˋ ㄗˇ,子:ㄗˇ→˙ㄗ(IVS+1),IVS可修,
對應,ㄉㄨㄟˋ ㄧㄥˋ,ㄉㄨㄟˋ ㄧㄥ,應:ㄧㄥ→ㄧㄥˋ(IVS+1),IVS可修,
端盤子,ㄉㄨㄢ ㄆㄢˊ ˙ㄗ,ㄉㄨㄢ ㄆㄢˊ ㄗˇ,子:ㄗˇ→˙ㄗ(IVS+1),IVS可修,
端的,ㄉㄨㄢ ㄉㄧˋ,ㄉㄨㄢ ˙ㄉㄜ,的:˙ㄉㄜ→ㄉㄧˋ(IVS+2),IVS可修,
端架子,ㄉㄨㄢ ㄐㄧㄚˋ ˙ㄗ,ㄉㄨㄢ ㄐㄧㄚˋ ㄗˇ,子:ㄗˇ→˙ㄗ(IVS+1),IVS可修,
短兵相接,ㄉㄨㄢˇ ㄅㄧㄥ ㄒㄧㄤ ㄐㄧㄝ,ㄉㄨㄢˇ ㄅㄧㄥ ㄒㄧㄤˋ ㄐㄧㄝ,相:ㄒㄧㄤˋ→ㄒㄧㄤ(IVS+1),IVS可修,
短處,ㄉㄨㄢˇ ㄔㄨˋ,ㄉㄨㄢˇ ㄔㄨˇ,處:ㄔㄨˇ→ㄔㄨˋ(IVS+1),IVS可修,
燉煌,ㄉㄨㄣ ㄏㄨㄤˊ,ㄉㄨㄣˋ ㄏㄨㄤˊ,燉:ㄉㄨㄣˋ→ㄉㄨㄣ(IVS+1),IVS可修,
東倒西歪,ㄉㄨㄥ ㄉㄠˇ ㄒㄧ ㄨㄞ,ㄉㄨㄥ ㄉㄠˋ ㄒㄧ ㄨㄞ,倒:ㄉㄠˋ→ㄉㄠˇ(IVS+1),IVS可修,
東都,ㄉㄨㄥ ㄉㄨ,ㄉㄨㄥ ㄉㄡ,都:ㄉㄡ→ㄉㄨ(IVS+1),IVS可修,
東鱗西爪,ㄉㄨㄥ ㄌㄧㄣˊ ㄒㄧ ㄓㄠˇ,ㄉㄨㄥ ㄌㄧㄣˊ ㄒㄧ ㄓㄨㄚˇ,爪:ㄓㄨㄚˇ→ㄓㄠˇ(IVS+1),IVS可修,
東莞縣,ㄉㄨㄥ ㄍㄨㄢˇ ㄒㄧㄢˋ,ㄉㄨㄥ ㄨㄢˇ ㄒㄧㄢˋ,莞:ㄨㄢˇ→ㄍㄨㄢˇ(IVS+1),IVS可修,
東家,ㄉㄨㄥ ˙ㄐㄧㄚ,ㄉㄨㄥ ㄐㄧㄚ,家:ㄐㄧㄚ→˙ㄐㄧㄚ(字型無此讀音),字型缺讀音,
東轉西晃,ㄉㄨㄥ ㄓㄨㄢˋ ㄒㄧ ㄏㄨㄤˋ,ㄉㄨㄥ ㄓㄨㄢˇ ㄒㄧ ㄏㄨㄤˋ,轉:ㄓㄨㄢˇ→ㄓㄨㄢˋ(IVS+1),IVS可修,
董事長,ㄉㄨㄥˇ ㄕˋ ㄓㄤˇ,ㄉㄨㄥˇ ㄕˋ ㄔㄤˊ,長:ㄔㄤˊ→ㄓㄤˇ(IVS+1),IVS可修,
恫嚇,ㄉㄨㄥˋ ㄏㄜˋ,ㄉㄨㄥˋ ㄒㄧㄚˋ,嚇:ㄒㄧㄚˋ→ㄏㄜˋ(IVS+1),IVS可修,
動彈不得,ㄉㄨㄥˋ ㄊㄢˊ ㄅㄨˋ ㄉㄜˊ,ㄉㄨㄥˋ ㄉㄢˋ ㄅㄨˋ ㄉㄜˊ,彈:ㄉㄢˋ→ㄊㄢˊ(IVS+1),IVS可修,
他倆,ㄊㄚ ㄌㄧㄚˇ,ㄊㄚ ㄌㄧㄤˇ,倆:ㄌㄧㄤˇ→ㄌㄧㄚˇ(IVS+1),IVS可修,
他處,ㄊㄚ ㄔㄨˋ,ㄊㄚ ㄔㄨˇ,處:ㄔㄨˇ→ㄔㄨˋ(IVS+1),IVS可修,
拓碑,ㄊㄚˋ ㄅㄟ,ㄊㄨㄛˋ ㄅㄟ,拓:ㄊㄨㄛˋ→ㄊㄚˋ(IVS+1),IVS可修,
拓本,ㄊㄚˋ ㄅㄣˇ,ㄊㄨㄛˋ ㄅㄣˇ,拓:ㄊㄨㄛˋ→ㄊㄚˋ(IVS+1),IVS可修,
拓片,ㄊㄚˋ ㄆㄧㄢˋ,ㄊㄨㄛˋ ㄆㄧㄢˋ,拓:ㄊㄨㄛˋ→ㄊㄚˋ(IVS+1),IVS可修,
拓印,ㄊㄚˋ ㄧㄣˋ,ㄊㄨㄛˋ ㄧㄣˋ,拓:ㄊㄨㄛˋ→ㄊㄚˋ(IVS+1),IVS可修,
檯子,ㄊㄞˊ ˙ㄗ,ㄊㄞˊ ㄗˇ,子:ㄗˇ→˙ㄗ(IVS+1),IVS可修,
太平盛世,ㄊㄞˋ ㄆㄧㄥˊ ㄕㄥˋ ㄕˋ,ㄊㄞˋ ㄆㄧㄥˊ ㄔㄥˊ ㄕˋ,盛:ㄔㄥˊ→ㄕㄥˋ(IVS+1),IVS可修,
太太,ㄊㄞˋ ˙ㄊㄞ,ㄊㄞˋ ㄊㄞˋ,太:ㄊㄞˋ→˙ㄊㄞ(IVS+1),IVS可修,
太監,ㄊㄞˋ ㄐㄧㄢˋ,ㄊㄞˋ ㄐㄧㄢ,監:ㄐㄧㄢ→ㄐㄧㄢˋ(IVS+1),IVS可修,
叨光,ㄊㄠ ㄍㄨㄤ,ㄉㄠ ㄍㄨㄤ,叨:ㄉㄠ→ㄊㄠ(IVS+1),IVS可修,
叨擾,ㄊㄠ ㄖㄠˇ,ㄉㄠ ㄖㄠˇ,叨:ㄉㄠ→ㄊㄠ(IVS+1),IVS可修,
桃子,ㄊㄠˊ ˙ㄗ,ㄊㄠˊ ㄗˇ,子:ㄗˇ→˙ㄗ(IVS+1),IVS可修,
逃難,ㄊㄠˊ ㄋㄢˋ,ㄊㄠˊ ㄋㄢˊ,難:ㄋㄢˊ→ㄋㄢˋ(IVS+1),IVS可修,
討便宜,ㄊㄠˇ ㄆㄧㄢˊ ㄧˊ,ㄊㄠˇ ㄅㄧㄢˋ ㄧˊ,便:ㄅㄧㄢˋ→ㄆㄧㄢˊ(IVS+1),IVS可修,
討價還價,ㄊㄠˇ ㄐㄧㄚˋ ㄏㄨㄢˊ ㄐㄧㄚˋ,ㄊㄠˇ ㄐㄧㄚˋ ㄏㄞˊ ㄐㄧㄚˋ,還:ㄏㄞˊ→ㄏㄨㄢˊ(IVS+1),IVS可修,
偷空,ㄊㄡ ㄎㄨㄥˋ,ㄊㄡ ㄎㄨㄥ,空:ㄎㄨㄥ→ㄎㄨㄥˋ(IVS+1),IVS可修,
偷雞不著蝕把米,ㄊㄡ ㄐㄧ ㄅㄨˋ ㄓㄠˊ ㄕˊ ㄅㄚˇ ㄇㄧˇ,ㄊㄡ ㄐㄧ ㄅㄨˋ ˙ㄓㄜ ㄕˊ ㄅㄚˇ ㄇㄧˇ,著:˙ㄓㄜ→ㄓㄠˊ(IVS+3),IVS可修,
投機分子,ㄊㄡˊ ㄐㄧ ㄈㄣˋ ㄗˇ,ㄊㄡˊ ㄐㄧ ㄈㄣ ㄗˇ,分:ㄈㄣ→ㄈㄣˋ(IVS+1),IVS可修,
投其所好,ㄊㄡˊ ㄑㄧˊ ㄙㄨㄛˇ ㄏㄠˋ,ㄊㄡˊ ㄑㄧˊ ㄙㄨㄛˇ ㄏㄠˇ,好:ㄏㄠˇ→ㄏㄠˋ(IVS+1),IVS可修,
投降,ㄊㄡˊ ㄒㄧㄤˊ,ㄊㄡˊ ㄐㄧㄤˋ,降:ㄐㄧㄤˋ→ㄒㄧㄤˊ(IVS+1),IVS可修,
骰子,ㄊㄡˊ ˙ㄗ,ㄊㄡˊ ㄗˇ,子:ㄗˇ→˙ㄗ(IVS+1),IVS可修,
頭子,ㄊㄡˊ ˙ㄗ,ㄊㄡˊ ㄗˇ,子:ㄗˇ→˙ㄗ(IVS+1),IVS可修,
貪便宜,ㄊㄢ ㄆㄧㄢˊ ㄧˊ,ㄊㄢ ㄅㄧㄢˋ ㄧˊ,便:ㄅㄧㄢˋ→ㄆㄧㄢˊ(IVS+1),IVS可修,
貪小便宜,ㄊㄢ ㄒㄧㄠˇ ㄆㄧㄢˊ ㄧˊ,ㄊㄢ ㄒㄧㄠˇ ㄅㄧㄢˋ ㄧˊ,便:ㄅㄧㄢˋ→ㄆㄧㄢˊ(IVS+1),IVS可修,
攤還,ㄊㄢ ㄏㄨㄢˊ,ㄊㄢ ㄏㄞˊ,還:ㄏㄞˊ→ㄏㄨㄢˊ(IVS+1),IVS可修,
攤子,ㄊㄢ ˙ㄗ,ㄊㄢ ㄗˇ,子:ㄗˇ→˙ㄗ(IVS+1),IVS可修,
癱倒,ㄊㄢ ㄉㄠˇ,ㄊㄢ ㄉㄠˋ,倒:ㄉㄠˋ→ㄉㄠˇ(IVS+1),IVS可修,
罈子,ㄊㄢˊ ˙ㄗ,ㄊㄢˊ ㄗˇ,子:ㄗˇ→˙ㄗ(IVS+1),IVS可修,
談生意,ㄊㄢˊ ㄕㄥ ˙ㄧ,ㄊㄢˊ ㄕㄥ ㄧˋ,意:ㄧˋ→˙ㄧ(字型無此讀音),字型缺讀音,
彈跳,ㄊㄢˊ ㄊㄧㄠˋ,ㄉㄢˋ ㄊㄧㄠˋ,彈:ㄉㄢˋ→ㄊㄢˊ(IVS+1),IVS可修,
彈塗魚,ㄊㄢˊ ㄊㄨˊ ㄩˊ,ㄉㄢˋ ㄊㄨˊ ㄩˊ,彈:ㄉㄢˋ→ㄊㄢˊ(IVS+1),IVS可修,
彈腿,ㄊㄢˊ ㄊㄨㄟˇ,ㄉㄢˋ ㄊㄨㄟˇ,彈:ㄉㄢˋ→ㄊㄢˊ(IVS+1),IVS可修,
彈力,ㄊㄢˊ ㄌㄧˋ,ㄉㄢˋ ㄌㄧˋ,彈:ㄉㄢˋ→ㄊㄢˊ(IVS+1),IVS可修,
彈劾,ㄊㄢˊ ㄏㄜˊ,ㄉㄢˋ ㄏㄜˊ,彈:ㄉㄢˋ→ㄊㄢˊ(IVS+1),IVS可修,
彈簧,ㄊㄢˊ ㄏㄨㄤˊ,ㄉㄢˋ ㄏㄨㄤˊ,彈:ㄉㄢˋ→ㄊㄢˊ(IVS+1),IVS可修,
彈簧床,ㄊㄢˊ ㄏㄨㄤˊ ㄔㄨㄤˊ,ㄉㄢˋ ㄏㄨㄤˊ ㄔㄨㄤˊ,彈:ㄉㄢˋ→ㄊㄢˊ(IVS+1),IVS可修,
彈性,ㄊㄢˊ ㄒㄧㄥˋ,ㄉㄢˋ ㄒㄧㄥˋ,彈:ㄉㄢˋ→ㄊㄢˊ(IVS+1),IVS可修,
彈性疲乏,ㄊㄢˊ ㄒㄧㄥˋ ㄆㄧˊ ㄈㄚˊ,ㄉㄢˋ ㄒㄧㄥˋ ㄆㄧˊ ㄈㄚˊ,彈:ㄉㄢˋ→ㄊㄢˊ(IVS+1),IVS可修,
彈性放假,ㄊㄢˊ ㄒㄧㄥˋ ㄈㄤˋ ㄐㄧㄚˋ,ㄉㄢˋ ㄒㄧㄥˋ ㄈㄤˋ ㄐㄧㄚˇ,彈:ㄉㄢˋ→ㄊㄢˊ(IVS+1); 假:ㄐㄧㄚˇ→ㄐㄧㄚˋ(IVS+1),IVS可修,
彈性工時,ㄊㄢˊ ㄒㄧㄥˋ ㄍㄨㄥ ㄕˊ,ㄉㄢˋ ㄒㄧㄥˋ ㄍㄨㄥ ㄕˊ,彈:ㄉㄢˋ→ㄊㄢˊ(IVS+1),IVS可修,
彈性上班,ㄊㄢˊ ㄒㄧㄥˋ ㄕㄤˋ ㄅㄢ,ㄉㄢˋ ㄒㄧㄥˋ ㄕㄤˋ ㄅㄢ,彈:ㄉㄢˋ→ㄊㄢˊ(IVS+1),IVS可修,
彈指,ㄊㄢˊ ㄓˇ,ㄉㄢˋ ㄓˇ,彈:ㄉㄢˋ→ㄊㄢˊ(IVS+1),IVS可修,
彈唱,ㄊㄢˊ ㄔㄤˋ,ㄉㄢˋ ㄔㄤˋ,彈:ㄉㄢˋ→ㄊㄢˊ(IVS+1),IVS可修,
彈奏,ㄊㄢˊ ㄗㄡˋ,ㄉㄢˋ ㄗㄡˋ,彈:ㄉㄢˋ→ㄊㄢˊ(IVS+1),IVS可修,
彈詞,ㄊㄢˊ ㄘˊ,ㄉㄢˋ ㄘˊ,彈:ㄉㄢˋ→ㄊㄢˊ(IVS+1),IVS可修,
坦率,ㄊㄢˇ ㄕㄨㄞˋ,ㄊㄢˇ ㄌㄩˋ,率:ㄌㄩˋ→ㄕㄨㄞˋ(IVS+1),IVS可修,
毯子,ㄊㄢˇ ˙ㄗ,ㄊㄢˇ ㄗˇ,子:ㄗˇ→˙ㄗ(IVS+1),IVS可修,
探子,ㄊㄢˋ ˙ㄗ,ㄊㄢˋ ㄗˇ,子:ㄗˇ→˙ㄗ(IVS+1),IVS可修,
唐三藏,ㄊㄤˊ ㄙㄢ ㄗㄤˋ,ㄊㄤˊ ㄙㄢ ㄘㄤˊ,藏:ㄘㄤˊ→ㄗㄤˋ(IVS+1),IVS可修,
搪塞,ㄊㄤˊ ㄙㄜˋ,ㄊㄤˊ ㄙㄞ,塞:ㄙㄞ→ㄙㄜˋ(IVS+1),IVS可修,
糖分,ㄊㄤˊ ㄈㄣˋ,ㄊㄤˊ ㄈㄣ,分:ㄈㄣ→ㄈㄣˋ(IVS+1),IVS可修,
螳臂當車,ㄊㄤˊ ㄅㄧˋ ㄉㄤˇ ㄔㄜ,ㄊㄤˊ ㄅㄧˋ ㄉㄤ ㄔㄜ,當:ㄉㄤ→ㄉㄤˇ(字型無此讀音),字型缺讀音,
踢毽子,ㄊㄧ ㄐㄧㄢˋ ˙ㄗ,ㄊㄧ ㄐㄧㄢˋ ㄗˇ,子:ㄗˇ→˙ㄗ(IVS+1),IVS可修,
梯子,ㄊㄧ ˙ㄗ,ㄊㄧ ㄗˇ,子:ㄗˇ→˙ㄗ(IVS+1),IVS可修,
提得起放得下,ㄊㄧˊ ˙ㄉㄜ ㄑㄧˇ ㄈㄤˋ ˙ㄉㄜ ㄒㄧㄚˋ,ㄊㄧˊ ㄉㄜˊ ㄑㄧˇ ㄈㄤˋ ㄉㄜˊ ㄒㄧㄚˋ,得:ㄉㄜˊ→˙ㄉㄜ(IVS+1); 得:ㄉㄜˊ→˙ㄉㄜ(IVS+1),IVS可修,
題署,ㄊㄧˊ ㄕㄨˋ,ㄊㄧˊ ㄕㄨˇ,署:ㄕㄨˇ→ㄕㄨˋ(IVS+1),IVS可修,
啼飢號寒,ㄊㄧˊ ㄐㄧ ㄏㄠˊ ㄏㄢˊ,ㄊㄧˊ ㄐㄧ ㄏㄠˋ ㄏㄢˊ,號:ㄏㄠˋ→ㄏㄠˊ(IVS+1),IVS可修,
剃頭擔子,ㄊㄧˋ ㄊㄡˊ ㄉㄢˋ ˙ㄗ,ㄊㄧˋ ㄊㄡˊ ㄉㄢ ㄗˇ,擔:ㄉㄢ→ㄉㄢˋ(IVS+1); 子:ㄗˇ→˙ㄗ(IVS+1),IVS可修,
涕泗縱橫,ㄊㄧˋ ㄙˋ ㄗㄨㄥ ㄏㄥˊ,ㄊㄧˋ ㄙˋ ㄗㄨㄥˋ ㄏㄥˊ,縱:ㄗㄨㄥˋ→ㄗㄨㄥ(IVS+1),IVS可修,
屜子,ㄊㄧˋ ˙ㄗ,ㄊㄧˋ ㄗˇ,子:ㄗˇ→˙ㄗ(IVS+1),IVS可修,
貼切,ㄊㄧㄝ ㄑㄧㄝˋ,ㄊㄧㄝ ㄑㄧㄝ,切:ㄑㄧㄝ→ㄑㄧㄝˋ(IVS+1),IVS可修,
帖子,ㄊㄧㄝˇ ˙ㄗ,ㄊㄧㄝˇ ㄗˇ,子:ㄗˇ→˙ㄗ(IVS+1),IVS可修,
挑肥揀瘦,ㄊㄧㄠ ㄈㄟˊ ㄐㄧㄢˇ ㄕㄡˋ,ㄊㄧㄠˇ ㄈㄟˊ ㄐㄧㄢˇ ㄕㄡˋ,挑:ㄊㄧㄠˇ→ㄊㄧㄠ(IVS+1),IVS可修,
挑夫,ㄊㄧㄠ ㄈㄨ,ㄊㄧㄠˇ ㄈㄨ,挑:ㄊㄧㄠˇ→ㄊㄧㄠ(IVS+1),IVS可修,
挑大梁,ㄊㄧㄠ ㄉㄚˋ ㄌㄧㄤˊ,ㄊㄧㄠˇ ㄉㄚˋ ㄌㄧㄤˊ,挑:ㄊㄧㄠˇ→ㄊㄧㄠ(IVS+1),IVS可修,
挑剔,ㄊㄧㄠ ㄊㄧ,ㄊㄧㄠˇ ㄊㄧ,挑:ㄊㄧㄠˇ→ㄊㄧㄠ(IVS+1),IVS可修,
挑高,ㄊㄧㄠ ㄍㄠ,ㄊㄧㄠˇ ㄍㄠ,挑:ㄊㄧㄠˇ→ㄊㄧㄠ(IVS+1),IVS可修,
挑揀,ㄊㄧㄠ ㄐㄧㄢˇ,ㄊㄧㄠˇ ㄐㄧㄢˇ,挑:ㄊㄧㄠˇ→ㄊㄧㄠ(IVS+1),IVS可修,
挑選,ㄊㄧㄠ ㄒㄩㄢˇ,ㄊㄧㄠˇ ㄒㄩㄢˇ,挑:ㄊㄧㄠˇ→ㄊㄧㄠ(IVS+1),IVS可修,
挑食,ㄊㄧㄠ ㄕˊ,ㄊㄧㄠˇ ㄕˊ,挑:ㄊㄧㄠˇ→ㄊㄧㄠ(IVS+1),IVS可修,
挑嘴,ㄊㄧㄠ ㄗㄨㄟˇ,ㄊㄧㄠˇ ㄗㄨㄟˇ,挑:ㄊㄧㄠˇ→ㄊㄧㄠ(IVS+1),IVS可修,
挑三揀四,ㄊㄧㄠ ㄙㄢ ㄐㄧㄢˇ ㄙˋ,ㄊㄧㄠˇ ㄙㄢ ㄐㄧㄢˇ ㄙˋ,挑:ㄊㄧㄠˇ→ㄊㄧㄠ(IVS+1),IVS可修,
條子,ㄊㄧㄠˊ ˙ㄗ,ㄊㄧㄠˊ ㄗˇ,子:ㄗˇ→˙ㄗ(IVS+1),IVS可修,
挑撥離間,ㄊㄧㄠˇ ㄅㄛ ㄌㄧˊ ㄐㄧㄢˋ,ㄊㄧㄠˇ ㄅㄛ ㄌㄧˊ ㄐㄧㄢ,間:ㄐㄧㄢ→ㄐㄧㄢˋ(IVS+1),IVS可修,
跳房子,ㄊㄧㄠˋ ㄈㄤˊ ˙ㄗ,ㄊㄧㄠˋ ㄈㄤˊ ㄗˇ,子:ㄗˇ→˙ㄗ(IVS+1),IVS可修,
跳踉,ㄊㄧㄠˋ ㄌㄧㄤˊ,ㄊㄧㄠˋ ㄌㄧㄤˋ,踉:ㄌㄧㄤˋ→ㄌㄧㄤˊ(IVS+1),IVS可修,
跳行,ㄊㄧㄠˋ ㄏㄤˊ,ㄊㄧㄠˋ ㄒㄧㄥˊ,行:ㄒㄧㄥˊ→ㄏㄤˊ(IVS+1),IVS可修,
天分,ㄊㄧㄢ ㄈㄣˋ,ㄊㄧㄢ ㄈㄣ,分:ㄈㄣ→ㄈㄣˋ(IVS+1),IVS可修,
天秤,ㄊㄧㄢ ㄆㄧㄥˊ,ㄊㄧㄢ ㄔㄥˋ,秤:ㄔㄥˋ→ㄆㄧㄥˊ(IVS+1),IVS可修,
天秤座,ㄊㄧㄢ ㄆㄧㄥˊ ㄗㄨㄛˋ,ㄊㄧㄢ ㄔㄥˋ ㄗㄨㄛˋ,秤:ㄔㄥˋ→ㄆㄧㄥˊ(IVS+1),IVS可修,
天衣無縫,ㄊㄧㄢ ㄧ ㄨˊ ㄈㄥˋ,ㄊㄧㄢ ㄧ ㄨˊ ㄈㄥˊ,縫:ㄈㄥˊ→ㄈㄥˋ(IVS+1),IVS可修,
天涯若比鄰,ㄊㄧㄢ ㄧㄚˊ ㄖㄨㄛˋ ㄅㄧˋ ㄌㄧㄣˊ,ㄊㄧㄢ ㄧㄚˊ ㄖㄨㄛˋ ㄅㄧˇ ㄌㄧㄣˊ,比:ㄅㄧˇ→ㄅㄧˋ(IVS+1),IVS可修,
甜頭,ㄊㄧㄢˊ ˙ㄊㄡ,ㄊㄧㄢˊ ㄊㄡˊ,頭:ㄊㄡˊ→˙ㄊㄡ(IVS+1),IVS可修,
填空,ㄊㄧㄢˊ ㄎㄨㄥˋ,ㄊㄧㄢˊ ㄎㄨㄥ,空:ㄎㄨㄥ→ㄎㄨㄥˋ(IVS+1),IVS可修,
填塞,ㄊㄧㄢˊ ㄙㄜˋ,ㄊㄧㄢˊ ㄙㄞ,塞:ㄙㄞ→ㄙㄜˋ(IVS+1),IVS可修,
靦顏事仇,ㄊㄧㄢˇ ㄧㄢˊ ㄕˋ ㄔㄡˊ,ㄇㄧㄢˇ ㄧㄢˊ ㄕˋ ㄔㄡˊ,靦:ㄇㄧㄢˇ→ㄊㄧㄢˇ(IVS+1),IVS可修,
聽差,ㄊㄧㄥ ㄔㄞ,ㄊㄧㄥ ㄔㄚ,差:ㄔㄚ→ㄔㄞ(IVS+1),IVS可修,
鋌而走險,ㄊㄧㄥˇ ㄦˊ ㄗㄡˇ ㄒㄧㄢˇ,ㄉㄧㄥˋ ㄦˊ ㄗㄡˇ ㄒㄧㄢˇ,鋌:ㄉㄧㄥˋ→ㄊㄧㄥˇ(IVS+1),IVS可修,
聽憑,ㄊㄧㄥˋ ㄆㄧㄥˊ,ㄊㄧㄥ ㄆㄧㄥˊ,聽:ㄊㄧㄥ→ㄊㄧㄥˋ(IVS+1),IVS可修,
聽天由命,ㄊㄧㄥˋ ㄊㄧㄢ ㄧㄡˊ ㄇㄧㄥˋ,ㄊㄧㄥ ㄊㄧㄢ ㄧㄡˊ ㄇㄧㄥˋ,聽:ㄊㄧㄥ→ㄊㄧㄥˋ(IVS+1),IVS可修,
聽其自然,ㄊㄧㄥˋ ㄑㄧˊ ㄗˋ ㄖㄢˊ,ㄊㄧㄥ ㄑㄧˊ ㄗˋ ㄖㄢˊ,聽:ㄊㄧㄥ→ㄊㄧㄥˋ(IVS+1),IVS可修,
聽任,ㄊㄧㄥˋ ㄖㄣˋ,ㄊㄧㄥ ㄖㄣˋ,聽:ㄊㄧㄥ→ㄊㄧㄥˋ(IVS+1),IVS可修,
圖窮匕見,ㄊㄨˊ ㄑㄩㄥˊ ㄅㄧˇ ㄒㄧㄢˋ,ㄊㄨˊ ㄑㄩㄥˊ ㄅㄧˇ ㄐㄧㄢˋ,見:ㄐㄧㄢˋ→ㄒㄧㄢˋ(字型無此讀音),字型缺讀音,
土包子,ㄊㄨˇ ㄅㄠ ˙ㄗ,ㄊㄨˇ ㄅㄠ ㄗˇ,子:ㄗˇ→˙ㄗ(IVS+1),IVS可修,
土地重劃,ㄊㄨˇ ㄉㄧˋ ㄔㄨㄥˊ ㄏㄨㄚˋ,ㄊㄨˇ ㄉㄧˋ ㄓㄨㄥˋ ㄏㄨㄚˋ,重:ㄓㄨㄥˋ→ㄔㄨㄥˊ(IVS+1),IVS可修,
土著,ㄊㄨˇ ㄓㄨˋ,ㄊㄨˇ ˙ㄓㄜ,著:˙ㄓㄜ→ㄓㄨˋ(IVS+1),IVS可修,
土生土長,ㄊㄨˇ ㄕㄥ ㄊㄨˇ ㄓㄤˇ,ㄊㄨˇ ㄕㄥ ㄊㄨˇ ㄔㄤˊ,長:ㄔㄤˊ→ㄓㄤˇ(IVS+1),IVS可修,
吐血,ㄊㄨˋ ㄒㄧㄝˇ,ㄊㄨˇ ㄒㄧㄝˇ,吐:ㄊㄨˇ→ㄊㄨˋ(IVS+1),IVS可修,
兔子,ㄊㄨˋ ˙ㄗ,ㄊㄨˋ ㄗˇ,子:ㄗˇ→˙ㄗ(IVS+1),IVS可修,
兔崽子,ㄊㄨˋ ㄗㄞˇ ˙ㄗ,ㄊㄨˋ ㄗㄞˇ ㄗˇ,子:ㄗˇ→˙ㄗ(IVS+1),IVS可修,
駝子,ㄊㄨㄛˊ ˙ㄗ,ㄊㄨㄛˊ ㄗˇ,子:ㄗˇ→˙ㄗ(IVS+1),IVS可修,
妥當,ㄊㄨㄛˇ ㄉㄤˋ,ㄊㄨㄛˇ ㄉㄤ,當:ㄉㄤ→ㄉㄤˋ(IVS+1),IVS可修,
推磨,ㄊㄨㄟ ㄇㄛˋ,ㄊㄨㄟ ㄇㄛˊ,磨:ㄇㄛˊ→ㄇㄛˋ(IVS+1),IVS可修,
推諉塞責,ㄊㄨㄟ ㄨㄟˇ ㄙㄜˋ ㄗㄜˊ,ㄊㄨㄟ ㄨㄟˇ ㄙㄞ ㄗㄜˊ,塞:ㄙㄞ→ㄙㄜˋ(IVS+1),IVS可修,
頹喪,ㄊㄨㄟˊ ㄙㄤˋ,ㄊㄨㄟˊ ㄙㄤ,喪:ㄙㄤ→ㄙㄤˋ(IVS+1),IVS可修,
退還,ㄊㄨㄟˋ ㄏㄨㄢˊ,ㄊㄨㄟˋ ㄏㄞˊ,還:ㄏㄞˊ→ㄏㄨㄢˊ(IVS+1),IVS可修,
團團轉,ㄊㄨㄢˊ ㄊㄨㄢˊ ㄓㄨㄢˋ,ㄊㄨㄢˊ ㄊㄨㄢˊ ㄓㄨㄢˇ,轉:ㄓㄨㄢˇ→ㄓㄨㄢˋ(IVS+1),IVS可修,
團長,ㄊㄨㄢˊ ㄓㄤˇ,ㄊㄨㄢˊ ㄔㄤˊ,長:ㄔㄤˊ→ㄓㄤˇ(IVS+1),IVS可修,
吞沒,ㄊㄨㄣ ㄇㄛˋ,ㄊㄨㄣ ㄇㄟˊ,沒:ㄇㄟˊ→ㄇㄛˋ(IVS+1),IVS可修,
同病相憐,ㄊㄨㄥˊ ㄅㄧㄥˋ ㄒㄧㄤ ㄌㄧㄢˊ,ㄊㄨㄥˊ ㄅㄧㄥˋ ㄒㄧㄤˋ ㄌㄧㄢˊ,相:ㄒㄧㄤˋ→ㄒㄧㄤ(IVS+1),IVS可修,
同類相聚,ㄊㄨㄥˊ ㄌㄟˋ ㄒㄧㄤ ㄐㄩˋ,ㄊㄨㄥˊ ㄌㄟˋ ㄒㄧㄤˋ ㄐㄩˋ,相:ㄒㄧㄤˋ→ㄒㄧㄤ(IVS+1),IVS可修,
同好,ㄊㄨㄥˊ ㄏㄠˋ,ㄊㄨㄥˊ ㄏㄠˇ,好:ㄏㄠˇ→ㄏㄠˋ(IVS+1),IVS可修,
銅臭,ㄊㄨㄥˊ ㄒㄧㄡˋ,ㄊㄨㄥˊ ㄔㄡˋ,臭:ㄔㄡˋ→ㄒㄧㄡˋ(IVS+1),IVS可修,
捅漏子,ㄊㄨㄥˇ ㄌㄡˋ ˙ㄗ,ㄊㄨㄥˇ ㄌㄡˋ ㄗˇ,子:ㄗˇ→˙ㄗ(IVS+1),IVS可修,
桶子,ㄊㄨㄥˇ ˙ㄗ,ㄊㄨㄥˇ ㄗˇ,子:ㄗˇ→˙ㄗ(IVS+1),IVS可修,
統率,ㄊㄨㄥˇ ㄕㄨㄞˋ,ㄊㄨㄥˇ ㄌㄩˋ,率:ㄌㄩˋ→ㄕㄨㄞˋ(IVS+1),IVS可修,
痛處,ㄊㄨㄥˋ ㄔㄨˋ,ㄊㄨㄥˋ ㄔㄨˇ,處:ㄔㄨˇ→ㄔㄨˋ(IVS+1),IVS可修,
痛惡,ㄊㄨㄥˋ ㄨˋ,ㄊㄨㄥˋ ㄜˋ,惡:ㄜˋ→ㄨˋ(IVS+1),IVS可修,
南無,ㄋㄚˊ ㄇㄛˊ,ㄋㄢˊ ㄨˊ,南:ㄋㄢˊ→ㄋㄚˊ(IVS+1); 無:ㄨˊ→ㄇㄛˊ(IVS+1),IVS可修,
拿翹,ㄋㄚˊ ㄑㄧㄠˊ,ㄋㄚˊ ㄑㄧㄠˋ,翹:ㄑㄧㄠˋ→ㄑㄧㄠˊ(IVS+1),IVS可修,
拿腔拿調,ㄋㄚˊ ㄑㄧㄤ ㄋㄚˊ ㄉㄧㄠˋ,ㄋㄚˊ ㄑㄧㄤ ㄋㄚˊ ㄊㄧㄠˊ,調:ㄊㄧㄠˊ→ㄉㄧㄠˋ(IVS+1),IVS可修,
那怕,ㄋㄚˇ ㄆㄚˋ,ㄋㄚˋ ㄆㄚˋ,那:ㄋㄚˋ→ㄋㄚˇ(IVS+1),IVS可修,
哪門子,ㄋㄚˇ ㄇㄣˊ ˙ㄗ,ㄋㄚˇ ㄇㄣˊ ㄗˇ,子:ㄗˇ→˙ㄗ(IVS+1),IVS可修,
納悶,ㄋㄚˋ ㄇㄣˋ,ㄋㄚˋ ㄇㄣ,悶:ㄇㄣ→ㄇㄣˋ(IVS+1),IVS可修,
奶奶,ㄋㄞˇ ˙ㄋㄞ,ㄋㄞˇ ㄋㄞˇ,奶:ㄋㄞˇ→˙ㄋㄞ(IVS+1),IVS可修,
耐著性子,ㄋㄞˋ ˙ㄓㄜ ㄒㄧㄥˋ ˙ㄗ,ㄋㄞˋ ˙ㄓㄜ ㄒㄧㄥˋ ㄗˇ,子:ㄗˇ→˙ㄗ(IVS+1),IVS可修,
內行,ㄋㄟˋ ㄏㄤˊ,ㄋㄟˋ ㄒㄧㄥˊ,行:ㄒㄧㄥˊ→ㄏㄤˊ(IVS+1),IVS可修,
內心深處,ㄋㄟˋ ㄒㄧㄣ ㄕㄣ ㄔㄨˋ,ㄋㄟˋ ㄒㄧㄣ ㄕㄣ ㄔㄨˇ,處:ㄔㄨˇ→ㄔㄨˋ(IVS+1),IVS可修,
內省,ㄋㄟˋ ㄒㄧㄥˇ,ㄋㄟˋ ㄕㄥˇ,省:ㄕㄥˇ→ㄒㄧㄥˇ(IVS+1),IVS可修,
內應,ㄋㄟˋ ㄧㄥˋ,ㄋㄟˋ ㄧㄥ,應:ㄧㄥ→ㄧㄥˋ(IVS+1),IVS可修,
腦血管栓塞,ㄋㄠˇ ㄒㄧㄝˇ ㄍㄨㄢˇ ㄕㄨㄢ ㄙㄜˋ,ㄋㄠˇ ㄒㄧㄝˇ ㄍㄨㄢˇ ㄕㄨㄢ ㄙㄞ,塞:ㄙㄞ→ㄙㄜˋ(IVS+1),IVS可修,
腦子,ㄋㄠˇ ˙ㄗ,ㄋㄠˇ ㄗˇ,子:ㄗˇ→˙ㄗ(IVS+1),IVS可修,
男配角,ㄋㄢˊ ㄆㄟˋ ㄐㄩㄝˊ,ㄋㄢˊ ㄆㄟˋ ㄐㄧㄠˇ,角:ㄐㄧㄠˇ→ㄐㄩㄝˊ(IVS+1),IVS可修,
男孩子,ㄋㄢˊ ㄏㄞˊ ˙ㄗ,ㄋㄢˊ ㄏㄞˊ ㄗˇ,子:ㄗˇ→˙ㄗ(IVS+1),IVS可修,
男主角,ㄋㄢˊ ㄓㄨˇ ㄐㄩㄝˊ,ㄋㄢˊ ㄓㄨˇ ㄐㄧㄠˇ,角:ㄐㄧㄠˇ→ㄐㄩㄝˊ(IVS+1),IVS可修,
南腔北調,ㄋㄢˊ ㄑㄧㄤ ㄅㄟˇ ㄉㄧㄠˋ,ㄋㄢˊ ㄑㄧㄤ ㄅㄟˇ ㄊㄧㄠˊ,調:ㄊㄧㄠˊ→ㄉㄧㄠˋ(IVS+1),IVS可修,
難不倒,ㄋㄢˊ ㄅㄨˋ ㄉㄠˇ,ㄋㄢˊ ㄅㄨˋ ㄉㄠˋ,倒:ㄉㄠˋ→ㄉㄠˇ(IVS+1),IVS可修,
難胞,ㄋㄢˋ ㄅㄠ,ㄋㄢˊ ㄅㄠ,難:ㄋㄢˊ→ㄋㄢˋ(IVS+1),IVS可修,
難民,ㄋㄢˋ ㄇㄧㄣˊ,ㄋㄢˊ ㄇㄧㄣˊ,難:ㄋㄢˊ→ㄋㄢˋ(IVS+1),IVS可修,
難民營,ㄋㄢˋ ㄇㄧㄣˊ ㄧㄥˊ,ㄋㄢˊ ㄇㄧㄣˊ ㄧㄥˊ,難:ㄋㄢˊ→ㄋㄢˋ(IVS+1),IVS可修,
泥潦,ㄋㄧˊ ㄌㄠˋ,ㄋㄧˊ ㄌㄧㄠˊ,潦:ㄌㄧㄠˊ→ㄌㄠˋ(IVS+1),IVS可修,
呢喃,ㄋㄧˊ ㄋㄢˊ,˙ㄋㄜ ㄋㄢˊ,呢:˙ㄋㄜ→ㄋㄧˊ(IVS+1),IVS可修,
呢絨,ㄋㄧˊ ㄖㄨㄥˊ,˙ㄋㄜ ㄖㄨㄥˊ,呢:˙ㄋㄜ→ㄋㄧˊ(IVS+1),IVS可修,
泥古不化,ㄋㄧˋ ㄍㄨˇ ㄅㄨˋ ㄏㄨㄚˋ,ㄋㄧˊ ㄍㄨˇ ㄅㄨˋ ㄏㄨㄚˋ,泥:ㄋㄧˊ→ㄋㄧˋ(IVS+1),IVS可修,
裊娜,ㄋㄧㄠˇ ㄋㄨㄛˊ,ㄋㄧㄠˇ ㄋㄚˋ,娜:ㄋㄚˋ→ㄋㄨㄛˊ(IVS+1),IVS可修,
嫋娜,ㄋㄧㄠˇ ㄋㄨㄛˊ,ㄋㄧㄠˇ ㄋㄚˋ,娜:ㄋㄚˋ→ㄋㄨㄛˊ(IVS+1),IVS可修,
牛鼻子,ㄋㄧㄡˊ ㄅㄧˊ ˙ㄗ,ㄋㄧㄡˊ ㄅㄧˊ ㄗˇ,子:ㄗˇ→˙ㄗ(IVS+1),IVS可修,
牛仔,ㄋㄧㄡˊ ㄗㄞˇ,ㄋㄧㄡˊ ㄗˇ,仔:ㄗˇ→ㄗㄞˇ(IVS+1),IVS可修,
牛仔褲,ㄋㄧㄡˊ ㄗㄞˇ ㄎㄨˋ,ㄋㄧㄡˊ ㄗˇ ㄎㄨˋ,仔:ㄗˇ→ㄗㄞˇ(IVS+1),IVS可修,
牛仔裝,ㄋㄧㄡˊ ㄗㄞˇ ㄓㄨㄤ,ㄋㄧㄡˊ ㄗˇ ㄓㄨㄤ,仔:ㄗˇ→ㄗㄞˇ(IVS+1),IVS可修,
扭曲,ㄋㄧㄡˇ ㄑㄩ,ㄋㄧㄡˇ ㄑㄩˇ,曲:ㄑㄩˇ→ㄑㄩ(IVS+1),IVS可修,
扭轉乾坤,ㄋㄧㄡˇ ㄓㄨㄢˇ ㄑㄧㄢˊ ㄎㄨㄣ,ㄋㄧㄡˇ ㄓㄨㄢˇ ㄍㄢ ㄎㄨㄣ,乾:ㄍㄢ→ㄑㄧㄢˊ(IVS+1),IVS可修,
年分,ㄋㄧㄢˊ ㄈㄣˋ,ㄋㄧㄢˊ ㄈㄣ,分:ㄈㄣ→ㄈㄣˋ(IVS+1),IVS可修,
年假,ㄋㄧㄢˊ ㄐㄧㄚˋ,ㄋㄧㄢˊ ㄐㄧㄚˇ,假:ㄐㄧㄚˇ→ㄐㄧㄚˋ(IVS+1),IVS可修,
年輕氣盛,ㄋㄧㄢˊ ㄑㄧㄥ ㄑㄧˋ ㄕㄥˋ,ㄋㄧㄢˊ ㄑㄧㄥ ㄑㄧˋ ㄔㄥˊ,盛:ㄔㄥˊ→ㄕㄥˋ(IVS+1),IVS可修,
年長,ㄋㄧㄢˊ ㄓㄤˇ,ㄋㄧㄢˊ ㄔㄤˊ,長:ㄔㄤˊ→ㄓㄤˇ(IVS+1),IVS可修,
年少,ㄋㄧㄢˊ ㄕㄠˋ,ㄋㄧㄢˊ ㄕㄠˇ,少:ㄕㄠˇ→ㄕㄠˋ(IVS+1),IVS可修,
年少得志,ㄋㄧㄢˊ ㄕㄠˋ ㄉㄜˊ ㄓˋ,ㄋㄧㄢˊ ㄕㄠˇ ㄉㄜˊ ㄓˋ,少:ㄕㄠˇ→ㄕㄠˋ(IVS+1),IVS可修,
年少氣盛,ㄋㄧㄢˊ ㄕㄠˋ ㄑㄧˋ ㄕㄥˋ,ㄋㄧㄢˊ ㄕㄠˇ ㄑㄧˋ ㄔㄥˊ,少:ㄕㄠˇ→ㄕㄠˋ(IVS+1); 盛:ㄔㄥˊ→ㄕㄥˋ(IVS+1),IVS可修,
黏答答,ㄋㄧㄢˊ ㄉㄚ ㄉㄚ,ㄋㄧㄢˊ ㄉㄚˊ ㄉㄚˊ,答:ㄉㄚˊ→ㄉㄚ(IVS+1); 答:ㄉㄚˊ→ㄉㄚ(IVS+1),IVS可修,
黏著劑,ㄋㄧㄢˊ ㄓㄨㄛˊ ㄐㄧˋ,ㄋㄧㄢˊ ˙ㄓㄜ ㄐㄧˋ,著:˙ㄓㄜ→ㄓㄨㄛˊ(IVS+4),IVS可修,
碾子,ㄋㄧㄢˇ ˙ㄗ,ㄋㄧㄢˇ ㄗˇ,子:ㄗˇ→˙ㄗ(IVS+1),IVS可修,
念頭,ㄋㄧㄢˋ ˙ㄊㄡ,ㄋㄧㄢˋ ㄊㄡˊ,頭:ㄊㄡˊ→˙ㄊㄡ(IVS+1),IVS可修,
娘娘,ㄋㄧㄤˊ ˙ㄋㄧㄤ,ㄋㄧㄤˊ ㄋㄧㄤˊ,娘:ㄋㄧㄤˊ→˙ㄋㄧㄤ(IVS+1),IVS可修,
怒目相向,ㄋㄨˋ ㄇㄨˋ ㄒㄧㄤ ㄒㄧㄤˋ,ㄋㄨˋ ㄇㄨˋ ㄒㄧㄤˋ ㄒㄧㄤˋ,相:ㄒㄧㄤˋ→ㄒㄧㄤ(IVS+1),IVS可修,
怒髮衝冠,ㄋㄨˋ ㄈㄚˇ ㄔㄨㄥ ㄍㄨㄢ,ㄋㄨˋ ㄈㄚˇ ㄔㄨㄥ ㄍㄨㄢˋ,冠:ㄍㄨㄢˋ→ㄍㄨㄢ(IVS+1),IVS可修,
怒號,ㄋㄨˋ ㄏㄠˊ,ㄋㄨˋ ㄏㄠˋ,號:ㄏㄠˋ→ㄏㄠˊ(IVS+1),IVS可修,
哪吒,ㄋㄨㄛˊ ㄓㄚˋ,ㄋㄚˇ ㄓㄚˋ,哪:ㄋㄚˇ→ㄋㄨㄛˊ(IVS+2),IVS可修,
暖調,ㄋㄨㄢˇ ㄉㄧㄠˋ,ㄋㄨㄢˇ ㄊㄧㄠˊ,調:ㄊㄧㄠˊ→ㄉㄧㄠˋ(IVS+1),IVS可修,
暖和,ㄋㄨㄢˇ ˙ㄏㄨㄛ,ㄋㄨㄢˇ ㄏㄜˊ,和:ㄏㄜˊ→˙ㄏㄨㄛ(IVS+4),IVS可修,
暖色調,ㄋㄨㄢˇ ㄙㄜˋ ㄉㄧㄠˋ,ㄋㄨㄢˇ ㄙㄜˋ ㄊㄧㄠˊ,調:ㄊㄧㄠˊ→ㄉㄧㄠˋ(IVS+1),IVS可修,
農地重劃,ㄋㄨㄥˊ ㄉㄧˋ ㄔㄨㄥˊ ㄏㄨㄚˋ,ㄋㄨㄥˊ ㄉㄧˋ ㄓㄨㄥˋ ㄏㄨㄚˋ,重:ㄓㄨㄥˋ→ㄔㄨㄥˊ(IVS+1),IVS可修,
弄倒,ㄋㄨㄥˋ ㄉㄠˇ,ㄋㄨㄥˋ ㄉㄠˋ,倒:ㄉㄠˋ→ㄉㄠˇ(IVS+1),IVS可修,
女大不中留,ㄋㄩˇ ㄉㄚˋ ㄅㄨˋ ㄓㄨㄥˋ ㄌㄧㄡˊ,ㄋㄩˇ ㄉㄚˋ ㄅㄨˋ ㄓㄨㄥ ㄌㄧㄡˊ,中:ㄓㄨㄥ→ㄓㄨㄥˋ(IVS+1),IVS可修,
女紅,ㄋㄩˇ ㄍㄨㄥ,ㄋㄩˇ ㄏㄨㄥˊ,紅:ㄏㄨㄥˊ→ㄍㄨㄥ(IVS+1),IVS可修,
女孩子,ㄋㄩˇ ㄏㄞˊ ˙ㄗ,ㄋㄩˇ ㄏㄞˊ ㄗˇ,子:ㄗˇ→˙ㄗ(IVS+1),IVS可修,
女將,ㄋㄩˇ ㄐㄧㄤˋ,ㄋㄩˇ ㄐㄧㄤ,將:ㄐㄧㄤ→ㄐㄧㄤˋ(IVS+1),IVS可修,
女主角,ㄋㄩˇ ㄓㄨˇ ㄐㄩㄝˊ,ㄋㄩˇ ㄓㄨˇ ㄐㄧㄠˇ,角:ㄐㄧㄠˇ→ㄐㄩㄝˊ(IVS+1),IVS可修,
拉倒,ㄌㄚ ㄉㄠˇ,ㄌㄚ ㄉㄠˋ,倒:ㄉㄠˋ→ㄉㄠˇ(IVS+1),IVS可修,
拉肚子,ㄌㄚ ㄉㄨˋ ˙ㄗ,ㄌㄚ ㄉㄨˋ ㄗˇ,子:ㄗˇ→˙ㄗ(IVS+1),IVS可修,
拉生意,ㄌㄚ ㄕㄥ ˙ㄧ,ㄌㄚ ㄕㄥ ㄧˋ,意:ㄧˋ→˙ㄧ(字型無此讀音),字型缺讀音,
啦啦隊,ㄌㄚ ㄌㄚ ㄉㄨㄟˋ,˙ㄌㄚ ˙ㄌㄚ ㄉㄨㄟˋ,啦:˙ㄌㄚ→ㄌㄚ(IVS+1); 啦:˙ㄌㄚ→ㄌㄚ(IVS+1),IVS可修,
邋遢,ㄌㄚ ㄊㄚˋ,ㄌㄚˊ ㄊㄚˋ,邋:ㄌㄚˊ→ㄌㄚ(IVS+2),IVS可修,
喇嘛,ㄌㄚˇ ˙ㄇㄚ,ㄌㄚˇ ㄇㄚˊ,嘛:ㄇㄚˊ→˙ㄇㄚ(IVS+1),IVS可修,
勒死,ㄌㄟ ㄙˇ,ㄌㄜˋ ㄙˇ,勒:ㄌㄜˋ→ㄌㄟ(IVS+1),IVS可修,
樂善好施,ㄌㄜˋ ㄕㄢˋ ㄏㄠˋ ㄕ,ㄌㄜˋ ㄕㄢˋ ㄏㄠˇ ㄕ,好:ㄏㄠˇ→ㄏㄠˋ(IVS+1),IVS可修,
樂子,ㄌㄜˋ ˙ㄗ,ㄌㄜˋ ㄗˇ,子:ㄗˇ→˙ㄗ(IVS+1),IVS可修,
來得及,ㄌㄞˊ ˙ㄉㄜ ㄐㄧˊ,ㄌㄞˊ ㄉㄜˊ ㄐㄧˊ,得:ㄉㄜˊ→˙ㄉㄜ(IVS+1),IVS可修,
來頭,ㄌㄞˊ ˙ㄊㄡ,ㄌㄞˊ ㄊㄡˊ,頭:ㄊㄡˊ→˙ㄊㄡ(IVS+1),IVS可修,
來處,ㄌㄞˊ ㄔㄨˋ,ㄌㄞˊ ㄔㄨˇ,處:ㄔㄨˇ→ㄔㄨˋ(IVS+1),IVS可修,
癩蝦蟆,ㄌㄞˋ ㄏㄚˊ ㄇㄚˊ,ㄌㄞˋ ㄒㄧㄚ ㄇㄚˊ,蝦:ㄒㄧㄚ→ㄏㄚˊ(IVS+1),IVS可修,
癩蝦蟆想吃天鵝肉,ㄌㄞˋ ㄏㄚˊ ㄇㄚˊ ㄒㄧㄤˇ ㄔ ㄊㄧㄢ ㄜˊ ㄖㄡˋ,ㄌㄞˋ ㄒㄧㄚ ㄇㄚˊ ㄒㄧㄤˇ ㄔ ㄊㄧㄢ ㄜˊ ㄖㄡˋ,蝦:ㄒㄧㄚ→ㄏㄚˊ(IVS+1),IVS可修,
累犯,ㄌㄟˇ ㄈㄢˋ,ㄌㄟˋ ㄈㄢˋ,累:ㄌㄟˋ→ㄌㄟˇ(IVS+1),IVS可修,
累累,ㄌㄟˇ ㄌㄟˇ,ㄌㄟˋ ㄌㄟˋ,累:ㄌㄟˋ→ㄌㄟˇ(IVS+1); 累:ㄌㄟˋ→ㄌㄟˇ(IVS+1),IVS可修,
累積,ㄌㄟˇ ㄐㄧ,ㄌㄟˋ ㄐㄧ,累:ㄌㄟˋ→ㄌㄟˇ(IVS+1),IVS可修,
累計,ㄌㄟˇ ㄐㄧˋ,ㄌㄟˋ ㄐㄧˋ,累:ㄌㄟˋ→ㄌㄟˇ(IVS+1),IVS可修,
累加,ㄌㄟˇ ㄐㄧㄚ,ㄌㄟˋ ㄐㄧㄚ,累:ㄌㄟˋ→ㄌㄟˇ(IVS+1),IVS可修,
累進,ㄌㄟˇ ㄐㄧㄣˋ,ㄌㄟˋ ㄐㄧㄣˋ,累:ㄌㄟˋ→ㄌㄟˇ(IVS+1),IVS可修,
累進稅,ㄌㄟˇ ㄐㄧㄣˋ ㄕㄨㄟˋ,ㄌㄟˋ ㄐㄧㄣˋ ㄕㄨㄟˋ,累:ㄌㄟˋ→ㄌㄟˇ(IVS+1),IVS可修,
累贅,ㄌㄟˇ ㄓㄨㄟˋ,ㄌㄟˋ ㄓㄨㄟˋ,累:ㄌㄟˋ→ㄌㄟˇ(IVS+1),IVS可修,
累次三番,ㄌㄟˇ ㄘˋ ㄙㄢ ㄈㄢ,ㄌㄟˋ ㄘˋ ㄙㄢ ㄈㄢ,累:ㄌㄟˋ→ㄌㄟˇ(IVS+1),IVS可修,
撈什子,ㄌㄠˊ ㄕˊ ˙ㄗ,ㄌㄠ ㄕㄣˊ ㄗˇ,撈:ㄌㄠ→ㄌㄠˊ(IVS+1); 什:ㄕㄣˊ→ㄕˊ(IVS+1); 子:ㄗˇ→˙ㄗ(IVS+1),IVS可修,
老本行,ㄌㄠˇ ㄅㄣˇ ㄏㄤˊ,ㄌㄠˇ ㄅㄣˇ ㄒㄧㄥˊ,行:ㄒㄧㄥˊ→ㄏㄤˊ(IVS+1),IVS可修,
老婆子,ㄌㄠˇ ㄆㄛˊ ˙ㄗ,ㄌㄠˇ ㄆㄛˊ ㄗˇ,子:ㄗˇ→˙ㄗ(IVS+1),IVS可修,
老媽子,ㄌㄠˇ ㄇㄚ ˙ㄗ,ㄌㄠˇ ㄇㄚ ㄗˇ,子:ㄗˇ→˙ㄗ(IVS+1),IVS可修,
老調重彈,ㄌㄠˇ ㄉㄧㄠˋ ㄔㄨㄥˊ ㄊㄢˊ,ㄌㄠˇ ㄊㄧㄠˊ ㄓㄨㄥˋ ㄉㄢˋ,調:ㄊㄧㄠˊ→ㄉㄧㄠˋ(IVS+1); 重:ㄓㄨㄥˋ→ㄔㄨㄥˊ(IVS+1); 彈:ㄉㄢˋ→ㄊㄢˊ(IVS+1),IVS可修,
老太太,ㄌㄠˇ ㄊㄞˋ ˙ㄊㄞ,ㄌㄠˇ ㄊㄞˋ ㄊㄞˋ,太:ㄊㄞˋ→˙ㄊㄞ(IVS+1),IVS可修,
老奶奶,ㄌㄠˇ ㄋㄞˇ ˙ㄋㄞ,ㄌㄠˇ ㄋㄞˇ ㄋㄞˇ,奶:ㄋㄞˇ→˙ㄋㄞ(IVS+1),IVS可修,
老淚縱橫,ㄌㄠˇ ㄌㄟˋ ㄗㄨㄥ ㄏㄥˊ,ㄌㄠˇ ㄌㄟˋ ㄗㄨㄥˋ ㄏㄥˊ,縱:ㄗㄨㄥˋ→ㄗㄨㄥ(IVS+1),IVS可修,
老老少少,ㄌㄠˇ ㄌㄠˇ ㄕㄠˋ ㄕㄠˋ,ㄌㄠˇ ㄌㄠˇ ㄕㄠˇ ㄕㄠˇ,少:ㄕㄠˇ→ㄕㄠˋ(IVS+1); 少:ㄕㄠˇ→ㄕㄠˋ(IVS+1),IVS可修,
老骨頭,ㄌㄠˇ ㄍㄨˊ ˙ㄊㄡ,ㄌㄠˇ ㄍㄨˇ ㄊㄡˊ,骨:ㄍㄨˇ→ㄍㄨˊ(IVS+2); 頭:ㄊㄡˊ→˙ㄊㄡ(IVS+1),IVS可修,
老公公,ㄌㄠˇ ㄍㄨㄥ ˙ㄍㄨㄥ,ㄌㄠˇ ㄍㄨㄥ ㄍㄨㄥ,公:ㄍㄨㄥ→˙ㄍㄨㄥ(字型無此讀音),字型缺讀音,
老將,ㄌㄠˇ ㄐㄧㄤˋ,ㄌㄠˇ ㄐㄧㄤ,將:ㄐㄧㄤ→ㄐㄧㄤˋ(IVS+1),IVS可修,
老少咸宜,ㄌㄠˇ ㄕㄠˋ ㄒㄧㄢˊ ㄧˊ,ㄌㄠˇ ㄕㄠˇ ㄒㄧㄢˊ ㄧˊ,少:ㄕㄠˇ→ㄕㄠˋ(IVS+1),IVS可修,
老人家,ㄌㄠˇ ㄖㄣˊ ˙ㄐㄧㄚ,ㄌㄠˇ ㄖㄣˊ ㄐㄧㄚ,家:ㄐㄧㄚ→˙ㄐㄧㄚ(字型無此讀音),字型缺讀音,
老字號,ㄌㄠˇ ㄗˋ ˙ㄏㄠ,ㄌㄠˇ ㄗˋ ㄏㄠˋ,號:ㄏㄠˋ→˙ㄏㄠ(字型無此讀音),字型缺讀音,
老子,ㄌㄠˇ ˙ㄗ,ㄌㄠˇ ㄗˇ,子:ㄗˇ→˙ㄗ(IVS+1),IVS可修,
老死不相往來,ㄌㄠˇ ㄙˇ ㄅㄨˋ ㄒㄧㄤ ㄨㄤˇ ㄌㄞˊ,ㄌㄠˇ ㄙˇ ㄅㄨˋ ㄒㄧㄤˋ ㄨㄤˇ ㄌㄞˊ,相:ㄒㄧㄤˋ→ㄒㄧㄤ(IVS+1),IVS可修,
老爺爺,ㄌㄠˇ ㄧㄝˊ ˙ㄧㄝ,ㄌㄠˇ ㄧㄝˊ ㄧㄝˊ,爺:ㄧㄝˊ→˙ㄧㄝ(IVS+1),IVS可修,
老樣子,ㄌㄠˇ ㄧㄤˋ ˙ㄗ,ㄌㄠˇ ㄧㄤˋ ㄗˇ,子:ㄗˇ→˙ㄗ(IVS+1),IVS可修,
姥姥,ㄌㄠˇ ˙ㄌㄠ,ㄌㄠˇ ㄌㄠˇ,姥:ㄌㄠˇ→˙ㄌㄠ(IVS+1),IVS可修,
絡子,ㄌㄠˋ ˙ㄗ,ㄌㄨㄛˋ ㄗˇ,絡:ㄌㄨㄛˋ→ㄌㄠˋ(IVS+1); 子:ㄗˇ→˙ㄗ(IVS+1),IVS可修,
勞軍,ㄌㄠˋ ㄐㄩㄣ,ㄌㄠˊ ㄐㄩㄣ,勞:ㄌㄠˊ→ㄌㄠˋ(IVS+1),IVS可修,
嘍囉,ㄌㄡˊ ㄌㄨㄛˊ,ㄌㄡˊ ㄌㄨㄛ,囉:ㄌㄨㄛ→ㄌㄨㄛˊ(IVS+1),IVS可修,
簍子,ㄌㄡˇ ˙ㄗ,ㄌㄡˇ ㄗˇ,子:ㄗˇ→˙ㄗ(IVS+1),IVS可修,
露白,ㄌㄡˋ ㄅㄞˊ,ㄌㄨˋ ㄅㄞˊ,露:ㄌㄨˋ→ㄌㄡˋ(IVS+1),IVS可修,
露馬腳,ㄌㄡˋ ㄇㄚˇ ㄐㄧㄠˇ,ㄌㄨˋ ㄇㄚˇ ㄐㄧㄠˇ,露:ㄌㄨˋ→ㄌㄡˋ(IVS+1),IVS可修,
露面,ㄌㄡˋ ㄇㄧㄢˋ,ㄌㄨˋ ㄇㄧㄢˋ,露:ㄌㄨˋ→ㄌㄡˋ(IVS+1),IVS可修,
露頭角,ㄌㄡˋ ㄊㄡˊ ㄐㄧㄠˇ,ㄌㄨˋ ㄊㄡˊ ㄐㄧㄠˇ,露:ㄌㄨˋ→ㄌㄡˋ(IVS+1),IVS可修,
露臉,ㄌㄡˋ ㄌㄧㄢˇ,ㄌㄨˋ ㄌㄧㄢˇ,露:ㄌㄨˋ→ㄌㄡˋ(IVS+1),IVS可修,
露出,ㄌㄡˋ ㄔㄨ,ㄌㄨˋ ㄔㄨ,露:ㄌㄨˋ→ㄌㄡˋ(IVS+1),IVS可修,
露出馬腳,ㄌㄡˋ ㄔㄨ ㄇㄚˇ ㄐㄧㄠˇ,ㄌㄨˋ ㄔㄨ ㄇㄚˇ ㄐㄧㄠˇ,露:ㄌㄨˋ→ㄌㄡˋ(IVS+1),IVS可修,
露一手,ㄌㄡˋ ㄧ ㄕㄡˇ,ㄌㄨˋ ㄧ ㄕㄡˇ,露:ㄌㄨˋ→ㄌㄡˋ(IVS+1),IVS可修,
藍調,ㄌㄢˊ ㄉㄧㄠˋ,ㄌㄢˊ ㄊㄧㄠˊ,調:ㄊㄧㄠˊ→ㄉㄧㄠˋ(IVS+1),IVS可修,
籃子,ㄌㄢˊ ˙ㄗ,ㄌㄢˊ ㄗˇ,子:ㄗˇ→˙ㄗ(IVS+1),IVS可修,
懶骨頭,ㄌㄢˇ ㄍㄨˊ ˙ㄊㄡ,ㄌㄢˇ ㄍㄨˇ ㄊㄡˊ,骨:ㄍㄨˇ→ㄍㄨˊ(IVS+2); 頭:ㄊㄡˊ→˙ㄊㄡ(IVS+1),IVS可修,
懶散,ㄌㄢˇ ㄙㄢˇ,ㄌㄢˇ ㄙㄢˋ,散:ㄙㄢˋ→ㄙㄢˇ(IVS+1),IVS可修,
爛攤子,ㄌㄢˋ ㄊㄢ ˙ㄗ,ㄌㄢˋ ㄊㄢ ㄗˇ,子:ㄗˇ→˙ㄗ(IVS+1),IVS可修,
狼藉,ㄌㄤˊ ㄐㄧˊ,ㄌㄤˊ ㄐㄧㄝˋ,藉:ㄐㄧㄝˋ→ㄐㄧˊ(IVS+1),IVS可修,
榔頭,ㄌㄤˊ ˙ㄊㄡ,ㄌㄤˊ ㄊㄡˊ,頭:ㄊㄡˊ→˙ㄊㄡ(IVS+1),IVS可修,
浪頭,ㄌㄤˋ ˙ㄊㄡ,ㄌㄤˋ ㄊㄡˊ,頭:ㄊㄡˊ→˙ㄊㄡ(IVS+1),IVS可修,
怔住,ㄌㄥˋ ㄓㄨˋ,ㄓㄥ ㄓㄨˋ,怔:ㄓㄥ→ㄌㄥˋ(IVS+1),IVS可修,
哩哩囉囉,ㄌㄧ ㄌㄧ ㄌㄨㄛ ㄌㄨㄛ,ㄌㄧˇ ㄌㄧˇ ㄌㄨㄛ ㄌㄨㄛ,哩:ㄌㄧˇ→ㄌㄧ(IVS+2); 哩:ㄌㄧˇ→ㄌㄧ(IVS+2),IVS可修,
哩嚕,ㄌㄧ ㄌㄨ,ㄌㄧˇ ㄌㄨ,哩:ㄌㄧˇ→ㄌㄧ(IVS+2),IVS可修,
梨子,ㄌㄧˊ ˙ㄗ,ㄌㄧˊ ㄗˇ,子:ㄗˇ→˙ㄗ(IVS+1),IVS可修,
離間,ㄌㄧˊ ㄐㄧㄢˋ,ㄌㄧˊ ㄐㄧㄢ,間:ㄐㄧㄢ→ㄐㄧㄢˋ(IVS+1),IVS可修,
罹難,ㄌㄧˊ ㄋㄢˋ,ㄌㄧˊ ㄋㄢˊ,難:ㄋㄢˊ→ㄋㄢˋ(IVS+1),IVS可修,
李子,ㄌㄧˇ ˙ㄗ,ㄌㄧˇ ㄗˇ,子:ㄗˇ→˙ㄗ(IVS+1),IVS可修,
里長,ㄌㄧˇ ㄓㄤˇ,ㄌㄧˇ ㄔㄤˊ,長:ㄔㄤˊ→ㄓㄤˇ(IVS+1),IVS可修,
理事長,ㄌㄧˇ ㄕˋ ㄓㄤˇ,ㄌㄧˇ ㄕˋ ㄔㄤˊ,長:ㄔㄤˊ→ㄓㄤˇ(IVS+1),IVS可修,
裡頭,ㄌㄧˇ ˙ㄊㄡ,ㄌㄧˇ ㄊㄡˊ,頭:ㄊㄡˊ→˙ㄊㄡ(IVS+1),IVS可修,
裡子,ㄌㄧˇ ˙ㄗ,ㄌㄧˇ ㄗˇ,子:ㄗˇ→˙ㄗ(IVS+1),IVS可修,
裡應外合,ㄌㄧˇ ㄧㄥˋ ㄨㄞˋ ㄏㄜˊ,ㄌㄧˇ ㄧㄥ ㄨㄞˋ ㄏㄜˊ,應:ㄧㄥ→ㄧㄥˋ(IVS+1),IVS可修,
禮樂,ㄌㄧˇ ㄩㄝˋ,ㄌㄧˇ ㄌㄜˋ,樂:ㄌㄜˋ→ㄩㄝˋ(IVS+1),IVS可修,
力有未逮,ㄌㄧˋ ㄧㄡˇ ㄨㄟˋ ㄉㄞˋ,ㄌㄧˋ ㄧㄡˇ ㄨㄟˋ ㄉㄞˇ,逮:ㄉㄞˇ→ㄉㄞˋ(IVS+1),IVS可修,
例假,ㄌㄧˋ ㄐㄧㄚˋ,ㄌㄧˋ ㄐㄧㄚˇ,假:ㄐㄧㄚˇ→ㄐㄧㄚˋ(IVS+1),IVS可修,
例假日,ㄌㄧˋ ㄐㄧㄚˋ ㄖˋ,ㄌㄧˋ ㄐㄧㄚˇ ㄖˋ,假:ㄐㄧㄚˇ→ㄐㄧㄚˋ(IVS+1),IVS可修,
例子,ㄌㄧˋ ˙ㄗ,ㄌㄧˋ ㄗˇ,子:ㄗˇ→˙ㄗ(IVS+1),IVS可修,
栗子,ㄌㄧˋ ˙ㄗ,ㄌㄧˋ ㄗˇ,子:ㄗˇ→˙ㄗ(IVS+1),IVS可修,
麗都,ㄌㄧˋ ㄉㄨ,ㄌㄧˋ ㄉㄡ,都:ㄉㄡ→ㄉㄨ(IVS+1),IVS可修,
列傳,ㄌㄧㄝˋ ㄓㄨㄢˋ,ㄌㄧㄝˋ ㄔㄨㄢˊ,傳:ㄔㄨㄢˊ→ㄓㄨㄢˋ(IVS+1),IVS可修,
裂縫,ㄌㄧㄝˋ ㄈㄥˋ,ㄌㄧㄝˋ ㄈㄥˊ,縫:ㄈㄥˊ→ㄈㄥˋ(IVS+1),IVS可修,
邋邋,ㄌㄧㄝˋ ㄌㄧㄝˋ,ㄌㄚˊ ㄌㄚˊ,邋:ㄌㄚˊ→ㄌㄧㄝˋ(IVS+1); 邋:ㄌㄚˊ→ㄌㄧㄝˋ(IVS+1),IVS可修,
寥寥可數,ㄌㄧㄠˊ ㄌㄧㄠˊ ㄎㄜˇ ㄕㄨˇ,ㄌㄧㄠˊ ㄌㄧㄠˊ ㄎㄜˇ ㄕㄨˋ,數:ㄕㄨˋ→ㄕㄨˇ(IVS+1),IVS可修,
潦倒,ㄌㄧㄠˊ ㄉㄠˇ,ㄌㄧㄠˊ ㄉㄠˋ,倒:ㄉㄠˋ→ㄉㄠˇ(IVS+1),IVS可修,
了不得,ㄌㄧㄠˇ ㄅㄨˋ ˙ㄉㄜ,˙ㄌㄜ ㄅㄨˋ ㄉㄜˊ,了:˙ㄌㄜ→ㄌㄧㄠˇ(IVS+1); 得:ㄉㄜˊ→˙ㄉㄜ(IVS+1),IVS可修,
了不起,ㄌㄧㄠˇ ㄅㄨˋ ㄑㄧˇ,˙ㄌㄜ ㄅㄨˋ ㄑㄧˇ,了:˙ㄌㄜ→ㄌㄧㄠˇ(IVS+1),IVS可修,
了得,ㄌㄧㄠˇ ˙ㄉㄜ,˙ㄌㄜ ㄉㄜˊ,了:˙ㄌㄜ→ㄌㄧㄠˇ(IVS+1); 得:ㄉㄜˊ→˙ㄉㄜ(IVS+1),IVS可修,
了當,ㄌㄧㄠˇ ㄉㄤˋ,˙ㄌㄜ ㄉㄤ,了:˙ㄌㄜ→ㄌㄧㄠˇ(IVS+1); 當:ㄉㄤ→ㄉㄤˋ(IVS+1),IVS可修,
了斷,ㄌㄧㄠˇ ㄉㄨㄢˋ,˙ㄌㄜ ㄉㄨㄢˋ,了:˙ㄌㄜ→ㄌㄧㄠˇ(IVS+1),IVS可修,
了了,ㄌㄧㄠˇ ㄌㄧㄠˇ,˙ㄌㄜ ˙ㄌㄜ,了:˙ㄌㄜ→ㄌㄧㄠˇ(IVS+1); 了:˙ㄌㄜ→ㄌㄧㄠˇ(IVS+1),IVS可修,
了結,ㄌㄧㄠˇ ㄐㄧㄝˊ,˙ㄌㄜ ㄐㄧㄝˊ,了:˙ㄌㄜ→ㄌㄧㄠˇ(IVS+1),IVS可修,
了解,ㄌㄧㄠˇ ㄐㄧㄝˇ,˙ㄌㄜ ㄐㄧㄝˇ,了:˙ㄌㄜ→ㄌㄧㄠˇ(IVS+1),IVS可修,
了卻,ㄌㄧㄠˇ ㄑㄩㄝˋ,˙ㄌㄜ ㄑㄩㄝˋ,了:˙ㄌㄜ→ㄌㄧㄠˇ(IVS+1),IVS可修,
了事,ㄌㄧㄠˇ ㄕˋ,˙ㄌㄜ ㄕˋ,了:˙ㄌㄜ→ㄌㄧㄠˇ(IVS+1),IVS可修,
了然,ㄌㄧㄠˇ ㄖㄢˊ,˙ㄌㄜ ㄖㄢˊ,了:˙ㄌㄜ→ㄌㄧㄠˇ(IVS+1),IVS可修,
了案,ㄌㄧㄠˇ ㄢˋ,˙ㄌㄜ ㄢˋ,了:˙ㄌㄜ→ㄌㄧㄠˇ(IVS+1),IVS可修,
了無新意,ㄌㄧㄠˇ ㄨˊ ㄒㄧㄣ ㄧˋ,˙ㄌㄜ ㄨˊ ㄒㄧㄣ ㄧˋ,了:˙ㄌㄜ→ㄌㄧㄠˇ(IVS+1),IVS可修,
了無生趣,ㄌㄧㄠˇ ㄨˊ ㄕㄥ ㄑㄩˋ,˙ㄌㄜ ㄨˊ ㄕㄥ ㄑㄩˋ,了:˙ㄌㄜ→ㄌㄧㄠˇ(IVS+1),IVS可修,
了悟,ㄌㄧㄠˇ ㄨˋ,˙ㄌㄜ ㄨˋ,了:˙ㄌㄜ→ㄌㄧㄠˇ(IVS+1),IVS可修,
料中,ㄌㄧㄠˋ ㄓㄨㄥˋ,ㄌㄧㄠˋ ㄓㄨㄥ,中:ㄓㄨㄥ→ㄓㄨㄥˋ(IVS+1),IVS可修,
料子,ㄌㄧㄠˋ ˙ㄗ,ㄌㄧㄠˋ ㄗˇ,子:ㄗˇ→˙ㄗ(IVS+1),IVS可修,
撂倒,ㄌㄧㄠˋ ㄉㄠˇ,ㄌㄧㄠˋ ㄉㄠˋ,倒:ㄉㄠˋ→ㄉㄠˇ(IVS+1),IVS可修,
瞭望,ㄌㄧㄠˋ ㄨㄤˋ,ㄌㄧㄠˇ ㄨㄤˋ,瞭:ㄌㄧㄠˇ→ㄌㄧㄠˋ(IVS+1),IVS可修,
瞭望臺,ㄌㄧㄠˋ ㄨㄤˋ ㄊㄞˊ,ㄌㄧㄠˇ ㄨㄤˋ ㄊㄞˊ,瞭:ㄌㄧㄠˇ→ㄌㄧㄠˋ(IVS+1),IVS可修,
流氓,ㄌㄧㄡˊ ㄇㄤˊ,ㄌㄧㄡˊ ㄇㄥˊ,氓:ㄇㄥˊ→ㄇㄤˊ(IVS+1),IVS可修,
六畜,ㄌㄧㄡˋ ㄔㄨˋ,ㄌㄧㄡˋ ㄒㄩˋ,畜:ㄒㄩˋ→ㄔㄨˋ(IVS+1),IVS可修,
蹓躂,ㄌㄧㄡˋ ㄉㄚ,ㄌㄧㄡˋ ㄊㄚˋ,躂:ㄊㄚˋ→ㄉㄚ(IVS+1),IVS可修,
連篇累牘,ㄌㄧㄢˊ ㄆㄧㄢ ㄌㄟˇ ㄉㄨˊ,ㄌㄧㄢˊ ㄆㄧㄢ ㄌㄟˋ ㄉㄨˊ,累:ㄌㄟˋ→ㄌㄟˇ(IVS+1),IVS可修,
連續假日,ㄌㄧㄢˊ ㄒㄩˋ ㄐㄧㄚˋ ㄖˋ,ㄌㄧㄢˊ ㄒㄩˋ ㄐㄧㄚˇ ㄖˋ,假:ㄐㄧㄚˇ→ㄐㄧㄚˋ(IVS+1),IVS可修,
連長,ㄌㄧㄢˊ ㄓㄤˇ,ㄌㄧㄢˊ ㄔㄤˊ,長:ㄔㄤˊ→ㄓㄤˇ(IVS+1),IVS可修,
連署,ㄌㄧㄢˊ ㄕㄨˋ,ㄌㄧㄢˊ ㄕㄨˇ,署:ㄕㄨˇ→ㄕㄨˋ(IVS+1),IVS可修,
連鎖反應,ㄌㄧㄢˊ ㄙㄨㄛˇ ㄈㄢˇ ㄧㄥˋ,ㄌㄧㄢˊ ㄙㄨㄛˇ ㄈㄢˇ ㄧㄥ,應:ㄧㄥ→ㄧㄥˋ(IVS+1),IVS可修,
蓮花落,ㄌㄧㄢˊ ㄏㄨㄚ ㄌㄠˋ,ㄌㄧㄢˊ ㄏㄨㄚ ㄌㄨㄛˋ,落:ㄌㄨㄛˋ→ㄌㄠˋ(IVS+2),IVS可修,
聯屬,ㄌㄧㄢˊ ㄓㄨˇ,ㄌㄧㄢˊ ㄕㄨˇ,屬:ㄕㄨˇ→ㄓㄨˇ(IVS+1),IVS可修,
臉紅脖子粗,ㄌㄧㄢˇ ㄏㄨㄥˊ ㄅㄛˊ ˙ㄗ ㄘㄨ,ㄌㄧㄢˇ ㄏㄨㄥˊ ㄅㄛˊ ㄗˇ ㄘㄨ,子:ㄗˇ→˙ㄗ(IVS+1),IVS可修,
鍊子,ㄌㄧㄢˋ ˙ㄗ,ㄌㄧㄢˋ ㄗˇ,子:ㄗˇ→˙ㄗ(IVS+1),IVS可修,
鏈子,ㄌㄧㄢˋ ˙ㄗ,ㄌㄧㄢˋ ㄗˇ,子:ㄗˇ→˙ㄗ(IVS+1),IVS可修,
鄰長,ㄌㄧㄣˊ ㄓㄤˇ,ㄌㄧㄣˊ ㄔㄤˊ,長:ㄔㄤˊ→ㄓㄤˇ(IVS+1),IVS可修,
鱗次櫛比,ㄌㄧㄣˊ ㄘˋ ㄐㄧㄝˊ ㄅㄧˋ,ㄌㄧㄣˊ ㄘˋ ㄐㄧㄝˊ ㄅㄧˇ,比:ㄅㄧˇ→ㄅㄧˋ(IVS+1),IVS可修,
臨機應變,ㄌㄧㄣˊ ㄐㄧ ㄧㄥˋ ㄅㄧㄢˋ,ㄌㄧㄣˊ ㄐㄧ ㄧㄥ ㄅㄧㄢˋ,應:ㄧㄥ→ㄧㄥˋ(IVS+1),IVS可修,
良將,ㄌㄧㄤˊ ㄐㄧㄤˋ,ㄌㄧㄤˊ ㄐㄧㄤ,將:ㄐㄧㄤ→ㄐㄧㄤˋ(IVS+1),IVS可修,
量杯,ㄌㄧㄤˊ ㄅㄟ,ㄌㄧㄤˋ ㄅㄟ,量:ㄌㄧㄤˋ→ㄌㄧㄤˊ(IVS+1),IVS可修,
量度,ㄌㄧㄤˊ ㄉㄨㄛˋ,ㄌㄧㄤˋ ㄉㄨˋ,量:ㄌㄧㄤˋ→ㄌㄧㄤˊ(IVS+1); 度:ㄉㄨˋ→ㄉㄨㄛˋ(IVS+1),IVS可修,
量筒,ㄌㄧㄤˊ ㄊㄨㄥˇ,ㄌㄧㄤˋ ㄊㄨㄥˇ,量:ㄌㄧㄤˋ→ㄌㄧㄤˊ(IVS+1),IVS可修,
量角器,ㄌㄧㄤˊ ㄐㄧㄠˇ ㄑㄧˋ,ㄌㄧㄤˋ ㄐㄧㄠˇ ㄑㄧˋ,量:ㄌㄧㄤˋ→ㄌㄧㄤˊ(IVS+1),IVS可修,
量測,ㄌㄧㄤˊ ㄘㄜˋ,ㄌㄧㄤˋ ㄘㄜˋ,量:ㄌㄧㄤˋ→ㄌㄧㄤˊ(IVS+1),IVS可修,
兩把刷子,ㄌㄧㄤˇ ㄅㄚˇ ㄕㄨㄚ ˙ㄗ,ㄌㄧㄤˇ ㄅㄚˇ ㄕㄨㄚ ㄗˇ,子:ㄗˇ→˙ㄗ(IVS+1),IVS可修,
兩邊倒,ㄌㄧㄤˇ ㄅㄧㄢ ㄉㄠˇ,ㄌㄧㄤˇ ㄅㄧㄢ ㄉㄠˋ,倒:ㄉㄠˋ→ㄉㄠˇ(IVS+1),IVS可修,
兩不相欠,ㄌㄧㄤˇ ㄅㄨˋ ㄒㄧㄤ ㄑㄧㄢˋ,ㄌㄧㄤˇ ㄅㄨˋ ㄒㄧㄤˋ ㄑㄧㄢˋ,相:ㄒㄧㄤˋ→ㄒㄧㄤ(IVS+1),IVS可修,
兩口子,ㄌㄧㄤˇ ㄎㄡˇ ˙ㄗ,ㄌㄧㄤˇ ㄎㄡˇ ㄗˇ,子:ㄗˇ→˙ㄗ(IVS+1),IVS可修,
兩虎相爭,ㄌㄧㄤˇ ㄏㄨˇ ㄒㄧㄤ ㄓㄥ,ㄌㄧㄤˇ ㄏㄨˇ ㄒㄧㄤˋ ㄓㄥ,相:ㄒㄧㄤˋ→ㄒㄧㄤ(IVS+1),IVS可修,
兩情相悅,ㄌㄧㄤˇ ㄑㄧㄥˊ ㄒㄧㄤ ㄩㄝˋ,ㄌㄧㄤˇ ㄑㄧㄥˊ ㄒㄧㄤˋ ㄩㄝˋ,相:ㄒㄧㄤˋ→ㄒㄧㄤ(IVS+1),IVS可修,
兩下子,ㄌㄧㄤˇ ㄒㄧㄚˋ ˙ㄗ,ㄌㄧㄤˇ ㄒㄧㄚˋ ㄗˇ,子:ㄗˇ→˙ㄗ(IVS+1),IVS可修,
兩相情願,ㄌㄧㄤˇ ㄒㄧㄤ ㄑㄧㄥˊ ㄩㄢˋ,ㄌㄧㄤˇ ㄒㄧㄤˋ ㄑㄧㄥˊ ㄩㄢˋ,相:ㄒㄧㄤˋ→ㄒㄧㄤ(IVS+1),IVS可修,
聆樂,ㄌㄧㄥˊ ㄩㄝˋ,ㄌㄧㄥˊ ㄌㄜˋ,樂:ㄌㄜˋ→ㄩㄝˋ(IVS+1),IVS可修,
零零散散,ㄌㄧㄥˊ ㄌㄧㄥˊ ㄙㄢˇ ㄙㄢˇ,ㄌㄧㄥˊ ㄌㄧㄥˊ ㄙㄢˋ ㄙㄢˋ,散:ㄙㄢˋ→ㄙㄢˇ(IVS+1); 散:ㄙㄢˋ→ㄙㄢˇ(IVS+1),IVS可修,
零散,ㄌㄧㄥˊ ㄙㄢˇ,ㄌㄧㄥˊ ㄙㄢˋ,散:ㄙㄢˋ→ㄙㄢˇ(IVS+1),IVS可修,
靈犀相通,ㄌㄧㄥˊ ㄒㄧ ㄒㄧㄤ ㄊㄨㄥ,ㄌㄧㄥˊ ㄒㄧ ㄒㄧㄤˋ ㄊㄨㄥ,相:ㄒㄧㄤˋ→ㄒㄧㄤ(IVS+1),IVS可修,
靈長目,ㄌㄧㄥˊ ㄓㄤˇ ㄇㄨˋ,ㄌㄧㄥˊ ㄔㄤˊ ㄇㄨˋ,長:ㄔㄤˊ→ㄓㄤˇ(IVS+1),IVS可修,
領子,ㄌㄧㄥˇ ˙ㄗ,ㄌㄧㄥˇ ㄗˇ,子:ㄗˇ→˙ㄗ(IVS+1),IVS可修,
另眼相看,ㄌㄧㄥˋ ㄧㄢˇ ㄒㄧㄤ ㄎㄢˋ,ㄌㄧㄥˋ ㄧㄢˇ ㄒㄧㄤˋ ㄎㄢˋ,相:ㄒㄧㄤˋ→ㄒㄧㄤ(IVS+1),IVS可修,
路子,ㄌㄨˋ ˙ㄗ,ㄌㄨˋ ㄗˇ,子:ㄗˇ→˙ㄗ(IVS+1),IVS可修,
蓼蓼,ㄌㄨˋ ㄌㄨˋ,ㄌㄧㄠˇ ㄌㄧㄠˇ,蓼:ㄌㄧㄠˇ→ㄌㄨˋ(IVS+1); 蓼:ㄌㄧㄠˇ→ㄌㄨˋ(IVS+1),IVS可修,
螺絲起子,ㄌㄨㄛˊ ㄙ ㄑㄧˇ ˙ㄗ,ㄌㄨㄛˊ ㄙ ㄑㄧˇ ㄗˇ,子:ㄗˇ→˙ㄗ(IVS+1),IVS可修,
落魄,ㄌㄨㄛˋ ㄊㄨㄛˋ,ㄌㄨㄛˋ ㄆㄛˋ,魄:ㄆㄛˋ→ㄊㄨㄛˋ(IVS+1),IVS可修,
落難,ㄌㄨㄛˋ ㄋㄢˋ,ㄌㄨㄛˋ ㄋㄢˊ,難:ㄋㄢˊ→ㄋㄢˋ(IVS+1),IVS可修,
漯河,ㄌㄨㄛˋ ㄏㄜˊ,ㄊㄚˋ ㄏㄜˊ,漯:ㄊㄚˋ→ㄌㄨㄛˋ(IVS+1),IVS可修,
亂子,ㄌㄨㄢˋ ˙ㄗ,ㄌㄨㄢˋ ㄗˇ,子:ㄗˇ→˙ㄗ(IVS+1),IVS可修,
淪喪,ㄌㄨㄣˊ ㄙㄤˋ,ㄌㄨㄣˊ ㄙㄤ,喪:ㄙㄤ→ㄙㄤˋ(IVS+1),IVS可修,
論孟,ㄌㄨㄣˊ ㄇㄥˋ,ㄌㄨㄣˋ ㄇㄥˋ,論:ㄌㄨㄣˋ→ㄌㄨㄣˊ(IVS+1),IVS可修,
論語,ㄌㄨㄣˊ ㄩˇ,ㄌㄨㄣˋ ㄩˇ,論:ㄌㄨㄣˋ→ㄌㄨㄣˊ(IVS+1),IVS可修,
輪調,ㄌㄨㄣˊ ㄉㄧㄠˋ,ㄌㄨㄣˊ ㄊㄧㄠˊ,調:ㄊㄧㄠˊ→ㄉㄧㄠˋ(IVS+1),IVS可修,
輪子,ㄌㄨㄣˊ ˙ㄗ,ㄌㄨㄣˊ ㄗˇ,子:ㄗˇ→˙ㄗ(IVS+1),IVS可修,
論調,ㄌㄨㄣˋ ㄉㄧㄠˋ,ㄌㄨㄣˋ ㄊㄧㄠˊ,調:ㄊㄧㄠˊ→ㄉㄧㄠˋ(IVS+1),IVS可修,
論著,ㄌㄨㄣˋ ㄓㄨˋ,ㄌㄨㄣˋ ˙ㄓㄜ,著:˙ㄓㄜ→ㄓㄨˋ(IVS+1),IVS可修,
隆盛,ㄌㄨㄥˊ ㄕㄥˋ,ㄌㄨㄥˊ ㄔㄥˊ,盛:ㄔㄥˊ→ㄕㄥˋ(IVS+1),IVS可修,
籠子,ㄌㄨㄥˊ ˙ㄗ,ㄌㄨㄥˊ ㄗˇ,子:ㄗˇ→˙ㄗ(IVS+1),IVS可修,
弄堂,ㄌㄨㄥˋ ㄊㄤˊ,ㄋㄨㄥˋ ㄊㄤˊ,弄:ㄋㄨㄥˋ→ㄌㄨㄥˋ(IVS+1),IVS可修,
驢子,ㄌㄩˊ ˙ㄗ,ㄌㄩˊ ㄗˇ,子:ㄗˇ→˙ㄗ(IVS+1),IVS可修,
旅長,ㄌㄩˇ ㄓㄤˇ,ㄌㄩˇ ㄔㄤˊ,長:ㄔㄤˊ→ㄓㄤˇ(IVS+1),IVS可修,
咯咯作響,ㄍㄜ ㄍㄜ ㄗㄨㄛˋ ㄒㄧㄤˇ,˙ㄌㄛ ˙ㄌㄛ ㄗㄨㄛˋ ㄒㄧㄤˇ,咯:˙ㄌㄛ→ㄍㄜ(IVS+1); 咯:˙ㄌㄛ→ㄍㄜ(IVS+1),IVS可修,
哥哥,ㄍㄜ ˙ㄍㄜ,ㄍㄜ ㄍㄜ,哥:ㄍㄜ→˙ㄍㄜ(IVS+1),IVS可修,
鴿子,ㄍㄜ ˙ㄗ,ㄍㄜ ㄗˇ,子:ㄗˇ→˙ㄗ(IVS+1),IVS可修,
格調,ㄍㄜˊ ㄉㄧㄠˋ,ㄍㄜˊ ㄊㄧㄠˊ,調:ㄊㄧㄠˊ→ㄉㄧㄠˋ(IVS+1),IVS可修,
格子,ㄍㄜˊ ˙ㄗ,ㄍㄜˊ ㄗˇ,子:ㄗˇ→˙ㄗ(IVS+1),IVS可修,
隔行如隔山,ㄍㄜˊ ㄏㄤˊ ㄖㄨˊ ㄍㄜˊ ㄕㄢ,ㄍㄜˊ ㄒㄧㄥˊ ㄖㄨˊ ㄍㄜˊ ㄕㄢ,行:ㄒㄧㄥˊ→ㄏㄤˊ(IVS+1),IVS可修,
各不相讓,ㄍㄜˋ ㄅㄨˋ ㄒㄧㄤ ㄖㄤˋ,ㄍㄜˋ ㄅㄨˋ ㄒㄧㄤˋ ㄖㄤˋ,相:ㄒㄧㄤˋ→ㄒㄧㄤ(IVS+1),IVS可修,
各憑本事,ㄍㄜˋ ㄆㄧㄥˊ ㄅㄣˇ ˙ㄕ,ㄍㄜˋ ㄆㄧㄥˊ ㄅㄣˇ ㄕˋ,事:ㄕˋ→˙ㄕ(字型無此讀音),字型缺讀音,
各行各業,ㄍㄜˋ ㄏㄤˊ ㄍㄜˋ ㄧㄝˋ,ㄍㄜˋ ㄒㄧㄥˊ ㄍㄜˋ ㄧㄝˋ,行:ㄒㄧㄥˊ→ㄏㄤˊ(IVS+1),IVS可修,
個子,ㄍㄜˋ ˙ㄗ,ㄍㄜˋ ㄗˇ,子:ㄗˇ→˙ㄗ(IVS+1),IVS可修,
改行,ㄍㄞˇ ㄏㄤˊ,ㄍㄞˇ ㄒㄧㄥˊ,行:ㄒㄧㄥˊ→ㄏㄤˊ(IVS+1),IVS可修,
改弦更張,ㄍㄞˇ ㄒㄧㄢˊ ㄍㄥ ㄓㄤ,ㄍㄞˇ ㄒㄧㄢˊ ㄍㄥˋ ㄓㄤ,更:ㄍㄥˋ→ㄍㄥ(IVS+1),IVS可修,
蓋頭,ㄍㄞˋ ˙ㄊㄡ,ㄍㄞˋ ㄊㄡˊ,頭:ㄊㄡˊ→˙ㄊㄡ(IVS+1),IVS可修,
高帽子,ㄍㄠ ㄇㄠˋ ˙ㄗ,ㄍㄠ ㄇㄠˋ ㄗˇ,子:ㄗˇ→˙ㄗ(IVS+1),IVS可修,
高調,ㄍㄠ ㄉㄧㄠˋ,ㄍㄠ ㄊㄧㄠˊ,調:ㄊㄧㄠˊ→ㄉㄧㄠˋ(IVS+1),IVS可修,
高麗,ㄍㄠ ㄌㄧˊ,ㄍㄠ ㄌㄧˋ,麗:ㄌㄧˋ→ㄌㄧˊ(IVS+1),IVS可修,
高興,ㄍㄠ ㄒㄧㄥˋ,ㄍㄠ ㄒㄧㄥ,興:ㄒㄧㄥ→ㄒㄧㄥˋ(IVS+1),IVS可修,
高處不勝寒,ㄍㄠ ㄔㄨˋ ㄅㄨˋ ㄕㄥ ㄏㄢˊ,ㄍㄠ ㄔㄨˇ ㄅㄨˋ ㄕㄥˋ ㄏㄢˊ,處:ㄔㄨˇ→ㄔㄨˋ(IVS+1); 勝:ㄕㄥˋ→ㄕㄥ(IVS+1),IVS可修,
皋比,ㄍㄠ ㄆㄧˊ,ㄍㄠ ㄅㄧˇ,比:ㄅㄧˇ→ㄆㄧˊ(字型無此讀音),字型缺讀音,
皋陶,ㄍㄠ ㄧㄠˊ,ㄍㄠ ㄊㄠˊ,陶:ㄊㄠˊ→ㄧㄠˊ(IVS+1),IVS可修,
稿子,ㄍㄠˇ ˙ㄗ,ㄍㄠˇ ㄗˇ,子:ㄗˇ→˙ㄗ(IVS+1),IVS可修,
告老還鄉,ㄍㄠˋ ㄌㄠˇ ㄏㄨㄢˊ ㄒㄧㄤ,ㄍㄠˋ ㄌㄠˇ ㄏㄞˊ ㄒㄧㄤ,還:ㄏㄞˊ→ㄏㄨㄢˊ(IVS+1),IVS可修,
告假,ㄍㄠˋ ㄐㄧㄚˋ,ㄍㄠˋ ㄐㄧㄚˇ,假:ㄐㄧㄚˇ→ㄐㄧㄚˋ(IVS+1),IVS可修,
鉤子,ㄍㄡ ˙ㄗ,ㄍㄡ ㄗˇ,子:ㄗˇ→˙ㄗ(IVS+1),IVS可修,
狗腿子,ㄍㄡˇ ㄊㄨㄟˇ ˙ㄗ,ㄍㄡˇ ㄊㄨㄟˇ ㄗˇ,子:ㄗˇ→˙ㄗ(IVS+1),IVS可修,
狗拿耗子,ㄍㄡˇ ㄋㄚˊ ㄏㄠˋ ˙ㄗ,ㄍㄡˇ ㄋㄚˊ ㄏㄠˋ ㄗˇ,子:ㄗˇ→˙ㄗ(IVS+1),IVS可修,
勾當,ㄍㄡˋ ㄉㄤˋ,ㄍㄡ ㄉㄤ,勾:ㄍㄡ→ㄍㄡˋ(IVS+1); 當:ㄉㄤ→ㄉㄤˋ(IVS+1),IVS可修,
句當,ㄍㄡˋ ㄉㄤˋ,ㄐㄩˋ ㄉㄤ,句:ㄐㄩˋ→ㄍㄡˋ(IVS+2); 當:ㄉㄤ→ㄉㄤˋ(IVS+1),IVS可修,
夠面子,ㄍㄡˋ ㄇㄧㄢˋ ˙ㄗ,ㄍㄡˋ ㄇㄧㄢˋ ㄗˇ,子:ㄗˇ→˙ㄗ(IVS+1),IVS可修,
肝膽相照,ㄍㄢ ㄉㄢˇ ㄒㄧㄤ ㄓㄠˋ,ㄍㄢ ㄉㄢˇ ㄒㄧㄤˋ ㄓㄠˋ,相:ㄒㄧㄤˋ→ㄒㄧㄤ(IVS+1),IVS可修,
竿子,ㄍㄢ ˙ㄗ,ㄍㄢ ㄗˇ,子:ㄗˇ→˙ㄗ(IVS+1),IVS可修,
乾親家,ㄍㄢ ㄑㄧㄥˋ ㄐㄧㄚ,ㄍㄢ ㄑㄧㄣ ㄐㄧㄚ,親:ㄑㄧㄣ→ㄑㄧㄥˋ(IVS+1),IVS可修,
乾著急,ㄍㄢ ㄓㄠ ㄐㄧˊ,ㄍㄢ ˙ㄓㄜ ㄐㄧˊ,著:˙ㄓㄜ→ㄓㄠ(IVS+2),IVS可修,
乾兒子,ㄍㄢ ㄦˊ ˙ㄗ,ㄍㄢ ㄦˊ ㄗˇ,子:ㄗˇ→˙ㄗ(IVS+1),IVS可修,
感應,ㄍㄢˇ ㄧㄥˋ,ㄍㄢˇ ㄧㄥ,應:ㄧㄥ→ㄧㄥˋ(IVS+1),IVS可修,
跟頭,ㄍㄣ ˙ㄊㄡ,ㄍㄣ ㄊㄡˊ,頭:ㄊㄡˊ→˙ㄊㄡ(IVS+1),IVS可修,
剛正不阿,ㄍㄤ ㄓㄥˋ ㄅㄨˋ ㄜ,ㄍㄤ ㄓㄥˋ ㄅㄨˋ ㄚ,阿:ㄚ→ㄜ(IVS+1),IVS可修,
崗哨,ㄍㄤˇ ㄕㄠˋ,ㄍㄤ ㄕㄠˋ,崗:ㄍㄤ→ㄍㄤˇ(IVS+1),IVS可修,
崗位,ㄍㄤˇ ㄨㄟˋ,ㄍㄤ ㄨㄟˋ,崗:ㄍㄤ→ㄍㄤˇ(IVS+1),IVS可修,
港都,ㄍㄤˇ ㄉㄨ,ㄍㄤˇ ㄉㄡ,都:ㄉㄡ→ㄉㄨ(IVS+1),IVS可修,
更名,ㄍㄥ ㄇㄧㄥˊ,ㄍㄥˋ ㄇㄧㄥˊ,更:ㄍㄥˋ→ㄍㄥ(IVS+1),IVS可修,
更迭,ㄍㄥ ㄉㄧㄝˊ,ㄍㄥˋ ㄉㄧㄝˊ,更:ㄍㄥˋ→ㄍㄥ(IVS+1),IVS可修,
更動,ㄍㄥ ㄉㄨㄥˋ,ㄍㄥˋ ㄉㄨㄥˋ,更:ㄍㄥˋ→ㄍㄥ(IVS+1),IVS可修,
更替,ㄍㄥ ㄊㄧˋ,ㄍㄥˋ ㄊㄧˋ,更:ㄍㄥˋ→ㄍㄥ(IVS+1),IVS可修,
更年期,ㄍㄥ ㄋㄧㄢˊ ㄑㄧˊ,ㄍㄥˋ ㄋㄧㄢˊ ㄑㄧˊ,更:ㄍㄥˋ→ㄍㄥ(IVS+1),IVS可修,
更改,ㄍㄥ ㄍㄞˇ,ㄍㄥˋ ㄍㄞˇ,更:ㄍㄥˋ→ㄍㄥ(IVS+1),IVS可修,
更換,ㄍㄥ ㄏㄨㄢˋ,ㄍㄥˋ ㄏㄨㄢˋ,更:ㄍㄥˋ→ㄍㄥ(IVS+1),IVS可修,
更新,ㄍㄥ ㄒㄧㄣ,ㄍㄥˋ ㄒㄧㄣ,更:ㄍㄥˋ→ㄍㄥ(IVS+1),IVS可修,
更新換代,ㄍㄥ ㄒㄧㄣ ㄏㄨㄢˋ ㄉㄞˋ,ㄍㄥˋ ㄒㄧㄣ ㄏㄨㄢˋ ㄉㄞˋ,更:ㄍㄥˋ→ㄍㄥ(IVS+1),IVS可修,
更張,ㄍㄥ ㄓㄤ,ㄍㄥˋ ㄓㄤ,更:ㄍㄥˋ→ㄍㄥ(IVS+1),IVS可修,
更正,ㄍㄥ ㄓㄥˋ,ㄍㄥˋ ㄓㄥˋ,更:ㄍㄥˋ→ㄍㄥ(IVS+1),IVS可修,
更衣,ㄍㄥ ㄧ,ㄍㄥˋ ㄧ,更:ㄍㄥˋ→ㄍㄥ(IVS+1),IVS可修,
更易,ㄍㄥ ㄧˋ,ㄍㄥˋ ㄧˋ,更:ㄍㄥˋ→ㄍㄥ(IVS+1),IVS可修,
耕種,ㄍㄥ ㄓㄨㄥˋ,ㄍㄥ ㄓㄨㄥˇ,種:ㄓㄨㄥˇ→ㄓㄨㄥˋ(IVS+1),IVS可修,
哽咽,ㄍㄥˇ ㄧㄝˋ,ㄍㄥˇ ㄧㄢ,咽:ㄧㄢ→ㄧㄝˋ(IVS+1),IVS可修,
梗塞,ㄍㄥˇ ㄙㄜˋ,ㄍㄥˇ ㄙㄞ,塞:ㄙㄞ→ㄙㄜˋ(IVS+1),IVS可修,
更生保護,ㄍㄥ ㄕㄥ ㄅㄠˇ ㄏㄨˋ,ㄍㄥˋ ㄕㄥ ㄅㄠˇ ㄏㄨˋ,更:ㄍㄥˋ→ㄍㄥ(IVS+1),IVS可修,
姑姑,ㄍㄨ ˙ㄍㄨ,ㄍㄨ ㄍㄨ,姑:ㄍㄨ→˙ㄍㄨ(IVS+1),IVS可修,
呱呱,ㄍㄨ ㄍㄨ,ㄍㄨㄚ ㄍㄨㄚ,呱:ㄍㄨㄚ→ㄍㄨ(IVS+2); 呱:ㄍㄨㄚ→ㄍㄨ(IVS+2),IVS可修,
呱呱墜地,ㄍㄨ ㄍㄨ ㄓㄨㄟˋ ㄉㄧˋ,ㄍㄨㄚ ㄍㄨㄚ ㄓㄨㄟˋ ㄉㄧˋ,呱:ㄍㄨㄚ→ㄍㄨ(IVS+2); 呱:ㄍㄨㄚ→ㄍㄨ(IVS+2),IVS可修,
骨碌,ㄍㄨ ㄌㄨˋ,ㄍㄨˇ ㄌㄨˋ,骨:ㄍㄨˇ→ㄍㄨ(IVS+1),IVS可修,
轂轆,ㄍㄨ ㄌㄨˋ,ㄍㄨˇ ㄌㄨˋ,轂:ㄍㄨˇ→ㄍㄨ(IVS+1),IVS可修,
骨頭,ㄍㄨˊ ˙ㄊㄡ,ㄍㄨˇ ㄊㄡˊ,骨:ㄍㄨˇ→ㄍㄨˊ(IVS+2); 頭:ㄊㄡˊ→˙ㄊㄡ(IVS+1),IVS可修,
鈷鉧,ㄍㄨˇ ㄇㄨˇ,ㄍㄨ ㄇㄨˇ,鈷:ㄍㄨ→ㄍㄨˇ(IVS+1),IVS可修,
汩沒,ㄍㄨˇ ㄇㄛˋ,ㄍㄨˇ ㄇㄟˊ,沒:ㄇㄟˊ→ㄇㄛˋ(IVS+1),IVS可修,
骨子,ㄍㄨˇ ˙ㄗ,ㄍㄨˇ ㄗˇ,子:ㄗˇ→˙ㄗ(IVS+1),IVS可修,
穀子,ㄍㄨˇ ˙ㄗ,ㄍㄨˇ ㄗˇ,子:ㄗˇ→˙ㄗ(IVS+1),IVS可修,
告朔,ㄍㄨˋ ㄕㄨㄛˋ,ㄍㄠˋ ㄕㄨㄛˋ,告:ㄍㄠˋ→ㄍㄨˋ(IVS+1),IVS可修,
估衣,ㄍㄨˋ ㄧ,ㄍㄨ ㄧ,估:ㄍㄨ→ㄍㄨˋ(IVS+1),IVS可修,
顧不得,ㄍㄨˋ ㄅㄨˋ ˙ㄉㄜ,ㄍㄨˋ ㄅㄨˋ ㄉㄜˊ,得:ㄉㄜˊ→˙ㄉㄜ(IVS+1),IVS可修,
瓜葛,ㄍㄨㄚ ㄍㄜˊ,ㄍㄨㄚ ㄍㄜˇ,葛:ㄍㄜˇ→ㄍㄜˊ(IVS+1),IVS可修,
刮目相看,ㄍㄨㄚ ㄇㄨˋ ㄒㄧㄤ ㄎㄢˋ,ㄍㄨㄚ ㄇㄨˋ ㄒㄧㄤˋ ㄎㄢˋ,相:ㄒㄧㄤˋ→ㄒㄧㄤ(IVS+1),IVS可修,
寡廉鮮恥,ㄍㄨㄚˇ ㄌㄧㄢˊ ㄒㄧㄢˇ ㄔˇ,ㄍㄨㄚˇ ㄌㄧㄢˊ ㄒㄧㄢ ㄔˇ,鮮:ㄒㄧㄢ→ㄒㄧㄢˇ(IVS+1),IVS可修,
掛冠而去,ㄍㄨㄚˋ ㄍㄨㄢ ㄦˊ ㄑㄩˋ,ㄍㄨㄚˋ ㄍㄨㄢˋ ㄦˊ ㄑㄩˋ,冠:ㄍㄨㄢˋ→ㄍㄨㄢ(IVS+1),IVS可修,
國定假日,ㄍㄨㄛˊ ㄉㄧㄥˋ ㄐㄧㄚˋ ㄖˋ,ㄍㄨㄛˊ ㄉㄧㄥˋ ㄐㄧㄚˇ ㄖˋ,假:ㄐㄧㄚˇ→ㄐㄧㄚˋ(IVS+1),IVS可修,
國都,ㄍㄨㄛˊ ㄉㄨ,ㄍㄨㄛˊ ㄉㄡ,都:ㄉㄡ→ㄉㄨ(IVS+1),IVS可修,
國難,ㄍㄨㄛˊ ㄋㄢˋ,ㄍㄨㄛˊ ㄋㄢˊ,難:ㄋㄢˊ→ㄋㄢˋ(IVS+1),IVS可修,
國樂,ㄍㄨㄛˊ ㄩㄝˋ,ㄍㄨㄛˊ ㄌㄜˋ,樂:ㄌㄜˋ→ㄩㄝˋ(IVS+1),IVS可修,
果子,ㄍㄨㄛˇ ˙ㄗ,ㄍㄨㄛˇ ㄗˇ,子:ㄗˇ→˙ㄗ(IVS+1),IVS可修,
過分,ㄍㄨㄛˋ ㄈㄣˋ,ㄍㄨㄛˋ ㄈㄣ,分:ㄈㄣ→ㄈㄣˋ(IVS+1),IVS可修,
過當,ㄍㄨㄛˋ ㄉㄤˋ,ㄍㄨㄛˋ ㄉㄤ,當:ㄉㄤ→ㄉㄤˋ(IVS+1),IVS可修,
過關斬將,ㄍㄨㄛˋ ㄍㄨㄢ ㄓㄢˇ ㄐㄧㄤˋ,ㄍㄨㄛˋ ㄍㄨㄢ ㄓㄢˇ ㄐㄧㄤ,將:ㄐㄧㄤ→ㄐㄧㄤˋ(IVS+1),IVS可修,
過日子,ㄍㄨㄛˋ ㄖˋ ˙ㄗ,ㄍㄨㄛˋ ㄖˋ ㄗˇ,子:ㄗˇ→˙ㄗ(IVS+1),IVS可修,
拐彎抹角,ㄍㄨㄞˇ ㄨㄢ ㄇㄛˋ ㄐㄧㄠˇ,ㄍㄨㄞˇ ㄨㄢ ㄇㄛˇ ㄐㄧㄠˇ,抹:ㄇㄛˇ→ㄇㄛˋ(IVS+1),IVS可修,
怪不得,ㄍㄨㄞˋ ㄅㄨˋ ˙ㄉㄜ,ㄍㄨㄞˋ ㄅㄨˋ ㄉㄜˊ,得:ㄉㄜˊ→˙ㄉㄜ(IVS+1),IVS可修,
歸還,ㄍㄨㄟ ㄏㄨㄢˊ,ㄍㄨㄟ ㄏㄞˊ,還:ㄏㄞˊ→ㄏㄨㄢˊ(IVS+1),IVS可修,
鬼哭神號,ㄍㄨㄟˇ ㄎㄨ ㄕㄣˊ ㄏㄠˊ,ㄍㄨㄟˇ ㄎㄨ ㄕㄣˊ ㄏㄠˋ,號:ㄏㄠˋ→ㄏㄠˊ(IVS+1),IVS可修,
鬼使神差,ㄍㄨㄟˇ ㄕˇ ㄕㄣˊ ㄔㄞ,ㄍㄨㄟˇ ㄕˇ ㄕㄣˊ ㄔㄚ,差:ㄔㄚ→ㄔㄞ(IVS+1),IVS可修,
鬼子,ㄍㄨㄟˇ ˙ㄗ,ㄍㄨㄟˇ ㄗˇ,子:ㄗˇ→˙ㄗ(IVS+1),IVS可修,
桂冠,ㄍㄨㄟˋ ㄍㄨㄢ,ㄍㄨㄟˋ ㄍㄨㄢˋ,冠:ㄍㄨㄢˋ→ㄍㄨㄢ(IVS+1),IVS可修,
桂冠詩人,ㄍㄨㄟˋ ㄍㄨㄢ ㄕ ㄖㄣˊ,ㄍㄨㄟˋ ㄍㄨㄢˋ ㄕ ㄖㄣˊ,冠:ㄍㄨㄢˋ→ㄍㄨㄢ(IVS+1),IVS可修,
櫃子,ㄍㄨㄟˋ ˙ㄗ,ㄍㄨㄟˋ ㄗˇ,子:ㄗˇ→˙ㄗ(IVS+1),IVS可修,
會稽縣,ㄍㄨㄟˋ ㄐㄧ ㄒㄧㄢˋ,ㄏㄨㄟˋ ㄐㄧ ㄒㄧㄢˋ,會:ㄏㄨㄟˋ→ㄍㄨㄟˋ(IVS+3),IVS可修,
官倒,ㄍㄨㄢ ㄉㄠˇ,ㄍㄨㄢ ㄉㄠˋ,倒:ㄉㄠˋ→ㄉㄠˇ(IVS+1),IVS可修,
官官相護,ㄍㄨㄢ ㄍㄨㄢ ㄒㄧㄤ ㄏㄨˋ,ㄍㄨㄢ ㄍㄨㄢ ㄒㄧㄤˋ ㄏㄨˋ,相:ㄒㄧㄤˋ→ㄒㄧㄤ(IVS+1),IVS可修,
官長,ㄍㄨㄢ ㄓㄤˇ,ㄍㄨㄢ ㄔㄤˊ,長:ㄔㄤˊ→ㄓㄤˇ(IVS+1),IVS可修,
官差,ㄍㄨㄢ ㄔㄞ,ㄍㄨㄢ ㄔㄚ,差:ㄔㄚ→ㄔㄞ(IVS+1),IVS可修,
冠冕,ㄍㄨㄢ ㄇㄧㄢˇ,ㄍㄨㄢˋ ㄇㄧㄢˇ,冠:ㄍㄨㄢˋ→ㄍㄨㄢ(IVS+1),IVS可修,
冠冕堂皇,ㄍㄨㄢ ㄇㄧㄢˇ ㄊㄤˊ ㄏㄨㄤˊ,ㄍㄨㄢˋ ㄇㄧㄢˇ ㄊㄤˊ ㄏㄨㄤˊ,冠:ㄍㄨㄢˋ→ㄍㄨㄢ(IVS+1),IVS可修,
冠服,ㄍㄨㄢ ㄈㄨˊ,ㄍㄨㄢˋ ㄈㄨˊ,冠:ㄍㄨㄢˋ→ㄍㄨㄢ(IVS+1),IVS可修,
冠蓋,ㄍㄨㄢ ㄍㄞˋ,ㄍㄨㄢˋ ㄍㄞˋ,冠:ㄍㄨㄢˋ→ㄍㄨㄢ(IVS+1),IVS可修,
冠蓋如雲,ㄍㄨㄢ ㄍㄞˋ ㄖㄨˊ ㄩㄣˊ,ㄍㄨㄢˋ ㄍㄞˋ ㄖㄨˊ ㄩㄣˊ,冠:ㄍㄨㄢˋ→ㄍㄨㄢ(IVS+1),IVS可修,
冠蓋雲集,ㄍㄨㄢ ㄍㄞˋ ㄩㄣˊ ㄐㄧˊ,ㄍㄨㄢˋ ㄍㄞˋ ㄩㄣˊ ㄐㄧˊ,冠:ㄍㄨㄢˋ→ㄍㄨㄢ(IVS+1),IVS可修,
綸巾,ㄍㄨㄢ ㄐㄧㄣ,ㄌㄨㄣˊ ㄐㄧㄣ,綸:ㄌㄨㄣˊ→ㄍㄨㄢ(IVS+1),IVS可修,
關切,ㄍㄨㄢ ㄑㄧㄝˋ,ㄍㄨㄢ ㄑㄧㄝ,切:ㄑㄧㄝ→ㄑㄧㄝˋ(IVS+1),IVS可修,
管弦樂,ㄍㄨㄢˇ ㄒㄧㄢˊ ㄩㄝˋ,ㄍㄨㄢˇ ㄒㄧㄢˊ ㄌㄜˋ,樂:ㄌㄜˋ→ㄩㄝˋ(IVS+1),IVS可修,
管樂,ㄍㄨㄢˇ ㄩㄝˋ,ㄍㄨㄢˇ ㄌㄜˋ,樂:ㄌㄜˋ→ㄩㄝˋ(IVS+1),IVS可修,
館長,ㄍㄨㄢˇ ㄓㄤˇ,ㄍㄨㄢˇ ㄔㄤˊ,長:ㄔㄤˊ→ㄓㄤˇ(IVS+1),IVS可修,
館子,ㄍㄨㄢˇ ˙ㄗ,ㄍㄨㄢˇ ㄗˇ,子:ㄗˇ→˙ㄗ(IVS+1),IVS可修,
罐頭,ㄍㄨㄢˋ ˙ㄊㄡ,ㄍㄨㄢˋ ㄊㄡˊ,頭:ㄊㄡˊ→˙ㄊㄡ(IVS+1),IVS可修,
棍子,ㄍㄨㄣˋ ˙ㄗ,ㄍㄨㄣˋ ㄗˇ,子:ㄗˇ→˙ㄗ(IVS+1),IVS可修,
光暈,ㄍㄨㄤ ㄩㄣˋ,ㄍㄨㄤ ㄩㄣ,暈:ㄩㄣ→ㄩㄣˋ(IVS+1),IVS可修,
功不可沒,ㄍㄨㄥ ㄅㄨˋ ㄎㄜˇ ㄇㄛˋ,ㄍㄨㄥ ㄅㄨˋ ㄎㄜˇ ㄇㄟˊ,沒:ㄇㄟˊ→ㄇㄛˋ(IVS+1),IVS可修,
躬逢其盛,ㄍㄨㄥ ㄈㄥˊ ㄑㄧˊ ㄕㄥˋ,ㄍㄨㄥ ㄈㄥˊ ㄑㄧˊ ㄔㄥˊ,盛:ㄔㄥˊ→ㄕㄥˋ(IVS+1),IVS可修,
公合,ㄍㄨㄥ ㄍㄜˇ,ㄍㄨㄥ ㄏㄜˊ,合:ㄏㄜˊ→ㄍㄜˇ(IVS+1),IVS可修,
公公,ㄍㄨㄥ ˙ㄍㄨㄥ,ㄍㄨㄥ ㄍㄨㄥ,公:ㄍㄨㄥ→˙ㄍㄨㄥ(字型無此讀音),字型缺讀音,
公假,ㄍㄨㄥ ㄐㄧㄚˋ,ㄍㄨㄥ ㄐㄧㄚˇ,假:ㄐㄧㄚˇ→ㄐㄧㄚˋ(IVS+1),IVS可修,
公轉,ㄍㄨㄥ ㄓㄨㄢˋ,ㄍㄨㄥ ㄓㄨㄢˇ,轉:ㄓㄨㄢˇ→ㄓㄨㄢˋ(IVS+1),IVS可修,
供不應求,ㄍㄨㄥ ㄅㄨˋ ㄧㄥˋ ㄑㄧㄡˊ,ㄍㄨㄥ ㄅㄨˋ ㄧㄥ ㄑㄧㄡˊ,應:ㄧㄥ→ㄧㄥˋ(IVS+1),IVS可修,
供給,ㄍㄨㄥ ㄐㄧˇ,ㄍㄨㄥ ㄍㄟˇ,給:ㄍㄟˇ→ㄐㄧˇ(IVS+1),IVS可修,
供應,ㄍㄨㄥ ㄧㄥˋ,ㄍㄨㄥ ㄧㄥ,應:ㄧㄥ→ㄧㄥˋ(IVS+1),IVS可修,
宮闕,ㄍㄨㄥ ㄑㄩㄝˋ,ㄍㄨㄥ ㄑㄩㄝ,闕:ㄑㄩㄝ→ㄑㄩㄝˋ(IVS+1),IVS可修,
共襄盛舉,ㄍㄨㄥˋ ㄒㄧㄤ ㄕㄥˋ ㄐㄩˇ,ㄍㄨㄥˋ ㄒㄧㄤ ㄔㄥˊ ㄐㄩˇ,盛:ㄔㄥˊ→ㄕㄥˋ(IVS+1),IVS可修,
供品,ㄍㄨㄥˋ ㄆㄧㄣˇ,ㄍㄨㄥ ㄆㄧㄣˇ,供:ㄍㄨㄥ→ㄍㄨㄥˋ(IVS+1),IVS可修,
供佛,ㄍㄨㄥˋ ㄈㄛˊ,ㄍㄨㄥ ㄈㄛˊ,供:ㄍㄨㄥ→ㄍㄨㄥˋ(IVS+1),IVS可修,
供奉,ㄍㄨㄥˋ ㄈㄥˋ,ㄍㄨㄥ ㄈㄥˋ,供:ㄍㄨㄥ→ㄍㄨㄥˋ(IVS+1),IVS可修,
供桌,ㄍㄨㄥˋ ㄓㄨㄛ,ㄍㄨㄥ ㄓㄨㄛ,供:ㄍㄨㄥ→ㄍㄨㄥˋ(IVS+1),IVS可修,
供養,ㄍㄨㄥˋ ㄧㄤˋ,ㄍㄨㄥ ㄧㄤˇ,供:ㄍㄨㄥ→ㄍㄨㄥˋ(IVS+1); 養:ㄧㄤˇ→ㄧㄤˋ(IVS+1),IVS可修,
咯血,ㄎㄚˇ ㄒㄧㄝˇ,˙ㄌㄛ ㄒㄧㄝˇ,咯:˙ㄌㄛ→ㄎㄚˇ(IVS+2),IVS可修,
科長,ㄎㄜ ㄓㄤˇ,ㄎㄜ ㄔㄤˊ,長:ㄔㄤˊ→ㄓㄤˇ(IVS+1),IVS可修,
可惡,ㄎㄜˇ ㄨˋ,ㄎㄜˇ ㄜˋ,惡:ㄜˋ→ㄨˋ(IVS+1),IVS可修,
可汗,ㄎㄜˋ ㄏㄢˊ,ㄎㄜˇ ㄏㄢˋ,可:ㄎㄜˇ→ㄎㄜˋ(IVS+1); 汗:ㄏㄢˋ→ㄏㄢˊ(IVS+1),IVS可修,
課長,ㄎㄜˋ ㄓㄤˇ,ㄎㄜˋ ㄔㄤˊ,長:ㄔㄤˊ→ㄓㄤˇ(IVS+1),IVS可修,
開發銀行,ㄎㄞ ㄈㄚ ㄧㄣˊ ㄏㄤˊ,ㄎㄞ ㄈㄚ ㄧㄣˊ ㄒㄧㄥˊ,行:ㄒㄧㄥˊ→ㄏㄤˊ(IVS+1),IVS可修,
開小差,ㄎㄞ ㄒㄧㄠˇ ㄔㄞ,ㄎㄞ ㄒㄧㄠˇ ㄔㄚ,差:ㄔㄚ→ㄔㄞ(IVS+1),IVS可修,
剴切,ㄎㄞˇ ㄑㄧㄝˋ,ㄎㄞˇ ㄑㄧㄝ,切:ㄑㄧㄝ→ㄑㄧㄝˋ(IVS+1),IVS可修,
考量,ㄎㄠˇ ㄌㄧㄤˊ,ㄎㄠˇ ㄌㄧㄤˋ,量:ㄌㄧㄤˋ→ㄌㄧㄤˊ(IVS+1),IVS可修,
靠得住,ㄎㄠˋ ˙ㄉㄜ ㄓㄨˋ,ㄎㄠˋ ㄉㄜˊ ㄓㄨˋ,得:ㄉㄜˊ→˙ㄉㄜ(IVS+1),IVS可修,
口吃,ㄎㄡˇ ㄐㄧˊ,ㄎㄡˇ ㄔ,吃:ㄔ→ㄐㄧˊ(IVS+1),IVS可修,
口才辨給,ㄎㄡˇ ㄘㄞˊ ㄅㄧㄢˋ ㄐㄧˇ,ㄎㄡˇ ㄘㄞˊ ㄅㄧㄢˋ ㄍㄟˇ,給:ㄍㄟˇ→ㄐㄧˇ(IVS+1),IVS可修,
叩應,ㄎㄡˋ ㄧㄥˋ,ㄎㄡˋ ㄧㄥ,應:ㄧㄥ→ㄧㄥˋ(IVS+1),IVS可修,
扣帽子,ㄎㄡˋ ㄇㄠˋ ˙ㄗ,ㄎㄡˋ ㄇㄠˋ ㄗˇ,子:ㄗˇ→˙ㄗ(IVS+1),IVS可修,
扣子,ㄎㄡˋ ˙ㄗ,ㄎㄡˋ ㄗˇ,子:ㄗˇ→˙ㄗ(IVS+1),IVS可修,
釦子,ㄎㄡˋ ˙ㄗ,ㄎㄡˋ ㄗˇ,子:ㄗˇ→˙ㄗ(IVS+1),IVS可修,
看門,ㄎㄢ ㄇㄣˊ,ㄎㄢˋ ㄇㄣˊ,看:ㄎㄢˋ→ㄎㄢ(IVS+1),IVS可修,
看顧,ㄎㄢ ㄍㄨˋ,ㄎㄢˋ ㄍㄨˋ,看:ㄎㄢˋ→ㄎㄢ(IVS+1),IVS可修,
看管,ㄎㄢ ㄍㄨㄢˇ,ㄎㄢˋ ㄍㄨㄢˇ,看:ㄎㄢˋ→ㄎㄢ(IVS+1),IVS可修,
看護,ㄎㄢ ㄏㄨˋ,ㄎㄢˋ ㄏㄨˋ,看:ㄎㄢˋ→ㄎㄢ(IVS+1),IVS可修,
看家,ㄎㄢ ㄐㄧㄚ,ㄎㄢˋ ㄐㄧㄚ,看:ㄎㄢˋ→ㄎㄢ(IVS+1),IVS可修,
看家本領,ㄎㄢ ㄐㄧㄚ ㄅㄣˇ ㄌㄧㄥˇ,ㄎㄢˋ ㄐㄧㄚ ㄅㄣˇ ㄌㄧㄥˇ,看:ㄎㄢˋ→ㄎㄢ(IVS+1),IVS可修,
看守,ㄎㄢ ㄕㄡˇ,ㄎㄢˋ ㄕㄡˇ,看:ㄎㄢˋ→ㄎㄢ(IVS+1),IVS可修,
看守所,ㄎㄢ ㄕㄡˇ ㄙㄨㄛˇ,ㄎㄢˋ ㄕㄡˇ ㄙㄨㄛˇ,看:ㄎㄢˋ→ㄎㄢ(IVS+1),IVS可修,
看得開,ㄎㄢˋ ˙ㄉㄜ ㄎㄞ,ㄎㄢˋ ㄉㄜˊ ㄎㄞ,得:ㄉㄜˊ→˙ㄉㄜ(IVS+1),IVS可修,
看得起,ㄎㄢˋ ˙ㄉㄜ ㄑㄧˇ,ㄎㄢˋ ㄉㄜˊ ㄑㄧˇ,得:ㄉㄜˊ→˙ㄉㄜ(IVS+1),IVS可修,
看頭,ㄎㄢˋ ˙ㄊㄡ,ㄎㄢˋ ㄊㄡˊ,頭:ㄊㄡˊ→˙ㄊㄡ(IVS+1),IVS可修,
看中,ㄎㄢˋ ㄓㄨㄥˋ,ㄎㄢˋ ㄓㄨㄥ,中:ㄓㄨㄥ→ㄓㄨㄥˋ(IVS+1),IVS可修,
看樣子,ㄎㄢˋ ㄧㄤˋ ˙ㄗ,ㄎㄢˋ ㄧㄤˋ ㄗˇ,子:ㄗˇ→˙ㄗ(IVS+1),IVS可修,
懇切,ㄎㄣˇ ㄑㄧㄝˋ,ㄎㄣˇ ㄑㄧㄝ,切:ㄑㄧㄝ→ㄑㄧㄝˋ(IVS+1),IVS可修,
苦悶,ㄎㄨˇ ㄇㄣˋ,ㄎㄨˇ ㄇㄣ,悶:ㄇㄣ→ㄇㄣˋ(IVS+1),IVS可修,
苦頭,ㄎㄨˇ ˙ㄊㄡ,ㄎㄨˇ ㄊㄡˊ,頭:ㄊㄡˊ→˙ㄊㄡ(IVS+1),IVS可修,
苦難,ㄎㄨˇ ㄋㄢˋ,ㄎㄨˇ ㄋㄢˊ,難:ㄋㄢˊ→ㄋㄢˋ(IVS+1),IVS可修,
苦苦相逼,ㄎㄨˇ ㄎㄨˇ ㄒㄧㄤ ㄅㄧ,ㄎㄨˇ ㄎㄨˇ ㄒㄧㄤˋ ㄅㄧ,相:ㄒㄧㄤˋ→ㄒㄧㄤ(IVS+1),IVS可修,
苦處,ㄎㄨˇ ㄔㄨˋ,ㄎㄨˇ ㄔㄨˇ,處:ㄔㄨˇ→ㄔㄨˋ(IVS+1),IVS可修,
苦日子,ㄎㄨˇ ㄖˋ ˙ㄗ,ㄎㄨˇ ㄖˋ ㄗˇ,子:ㄗˇ→˙ㄗ(IVS+1),IVS可修,
跨行,ㄎㄨㄚˋ ㄏㄤˊ,ㄎㄨㄚˋ ㄒㄧㄥˊ,行:ㄒㄧㄥˊ→ㄏㄤˊ(IVS+1),IVS可修,
括約肌,ㄎㄨㄛˋ ㄩㄝ ㄐㄧ,ㄍㄨㄚ ㄩㄝ ㄐㄧ,括:ㄍㄨㄚ→ㄎㄨㄛˋ(IVS+1),IVS可修,
闊少,ㄎㄨㄛˋ ㄕㄠˋ,ㄎㄨㄛˋ ㄕㄠˇ,少:ㄕㄠˇ→ㄕㄠˋ(IVS+1),IVS可修,
筷子,ㄎㄨㄞˋ ˙ㄗ,ㄎㄨㄞˋ ㄗˇ,子:ㄗˇ→˙ㄗ(IVS+1),IVS可修,
會計,ㄎㄨㄞˋ ㄐㄧˋ,ㄏㄨㄟˋ ㄐㄧˋ,會:ㄏㄨㄟˋ→ㄎㄨㄞˋ(IVS+1),IVS可修,
會計年度,ㄎㄨㄞˋ ㄐㄧˋ ㄋㄧㄢˊ ㄉㄨˋ,ㄏㄨㄟˋ ㄐㄧˋ ㄋㄧㄢˊ ㄉㄨˋ,會:ㄏㄨㄟˋ→ㄎㄨㄞˋ(IVS+1),IVS可修,
會計師,ㄎㄨㄞˋ ㄐㄧˋ ㄕ,ㄏㄨㄟˋ ㄐㄧˋ ㄕ,會:ㄏㄨㄟˋ→ㄎㄨㄞˋ(IVS+1),IVS可修,
劊子手,ㄎㄨㄞˋ ˙ㄗ ㄕㄡˇ,ㄎㄨㄞˋ ㄗˇ ㄕㄡˇ,子:ㄗˇ→˙ㄗ(IVS+1),IVS可修,
虧空,ㄎㄨㄟ ㄎㄨㄥˋ,ㄎㄨㄟ ㄎㄨㄥ,空:ㄎㄨㄥ→ㄎㄨㄥˋ(IVS+1),IVS可修,
款曲,ㄎㄨㄢˇ ㄑㄩ,ㄎㄨㄢˇ ㄑㄩˇ,曲:ㄑㄩˇ→ㄑㄩ(IVS+1),IVS可修,
混夷,ㄎㄨㄣ ㄧˊ,ㄏㄨㄣˋ ㄧˊ,混:ㄏㄨㄣˋ→ㄎㄨㄣ(IVS+2),IVS可修,
空難,ㄎㄨㄥ ㄋㄢˋ,ㄎㄨㄥ ㄋㄢˊ,難:ㄋㄢˊ→ㄋㄢˋ(IVS+1),IVS可修,
空架子,ㄎㄨㄥ ㄐㄧㄚˋ ˙ㄗ,ㄎㄨㄥ ㄐㄧㄚˋ ㄗˇ,子:ㄗˇ→˙ㄗ(IVS+1),IVS可修,
崆峒山,ㄎㄨㄥ ㄊㄨㄥˊ ㄕㄢ,ㄎㄨㄥ ㄉㄨㄥˋ ㄕㄢ,峒:ㄉㄨㄥˋ→ㄊㄨㄥˊ(IVS+1),IVS可修,
恐怖分子,ㄎㄨㄥˇ ㄅㄨˋ ㄈㄣˋ ㄗˇ,ㄎㄨㄥˇ ㄅㄨˋ ㄈㄣ ㄗˇ,分:ㄈㄣ→ㄈㄣˋ(IVS+1),IVS可修,
恐嚇,ㄎㄨㄥˇ ㄏㄜˋ,ㄎㄨㄥˇ ㄒㄧㄚˋ,嚇:ㄒㄧㄚˋ→ㄏㄜˋ(IVS+1),IVS可修,
倥傯,ㄎㄨㄥˇ ㄗㄨㄥˇ,ㄎㄨㄥ ㄗㄨㄥˇ,倥:ㄎㄨㄥ→ㄎㄨㄥˇ(IVS+1),IVS可修,
空白,ㄎㄨㄥˋ ㄅㄞˊ,ㄎㄨㄥ ㄅㄞˊ,空:ㄎㄨㄥ→ㄎㄨㄥˋ(IVS+1),IVS可修,
空地,ㄎㄨㄥˋ ㄉㄧˋ,ㄎㄨㄥ ㄉㄧˋ,空:ㄎㄨㄥ→ㄎㄨㄥˋ(IVS+1),IVS可修,
空地稅,ㄎㄨㄥˋ ㄉㄧˋ ㄕㄨㄟˋ,ㄎㄨㄥ ㄉㄧˋ ㄕㄨㄟˋ,空:ㄎㄨㄥ→ㄎㄨㄥˋ(IVS+1),IVS可修,
空頭,ㄎㄨㄥˋ ㄊㄡˊ,ㄎㄨㄥ ㄊㄡˊ,空:ㄎㄨㄥ→ㄎㄨㄥˋ(IVS+1),IVS可修,
空頭支票,ㄎㄨㄥˋ ㄊㄡˊ ㄓ ㄆㄧㄠˋ,ㄎㄨㄥ ㄊㄡˊ ㄓ ㄆㄧㄠˋ,空:ㄎㄨㄥ→ㄎㄨㄥˋ(IVS+1),IVS可修,
空缺,ㄎㄨㄥˋ ㄑㄩㄝ,ㄎㄨㄥ ㄑㄩㄝ,空:ㄎㄨㄥ→ㄎㄨㄥˋ(IVS+1),IVS可修,
空隙,ㄎㄨㄥˋ ㄒㄧˋ,ㄎㄨㄥ ㄒㄧˋ,空:ㄎㄨㄥ→ㄎㄨㄥˋ(IVS+1),IVS可修,
空閒,ㄎㄨㄥˋ ㄒㄧㄢˊ,ㄎㄨㄥ ㄒㄧㄢˊ,空:ㄎㄨㄥ→ㄎㄨㄥˋ(IVS+1),IVS可修,
空額,ㄎㄨㄥˋ ㄜˊ,ㄎㄨㄥ ㄜˊ,空:ㄎㄨㄥ→ㄎㄨㄥˋ(IVS+1),IVS可修,
空位,ㄎㄨㄥˋ ㄨㄟˋ,ㄎㄨㄥ ㄨㄟˋ,空:ㄎㄨㄥ→ㄎㄨㄥˋ(IVS+1),IVS可修,
哈囉,ㄏㄚ ㄌㄨㄛˊ,ㄏㄚ ㄌㄨㄛ,囉:ㄌㄨㄛ→ㄌㄨㄛˊ(IVS+1),IVS可修,
蛤蟆,ㄏㄚˊ ㄇㄚˊ,ㄍㄜˊ ㄇㄚˊ,蛤:ㄍㄜˊ→ㄏㄚˊ(IVS+1),IVS可修,
蝦蟆,ㄏㄚˊ ㄇㄚˊ,ㄒㄧㄚ ㄇㄚˊ,蝦:ㄒㄧㄚ→ㄏㄚˊ(IVS+1),IVS可修,
哈巴狗,ㄏㄚˇ ㄅㄚ ㄍㄡˇ,ㄏㄚ ㄅㄚ ㄍㄡˇ,哈:ㄏㄚ→ㄏㄚˇ(IVS+1),IVS可修,
合成樂器,ㄏㄜˊ ㄔㄥˊ ㄩㄝˋ ㄑㄧˋ,ㄏㄜˊ ㄔㄥˊ ㄌㄜˋ ㄑㄧˋ,樂:ㄌㄜˋ→ㄩㄝˋ(IVS+1),IVS可修,
合作無間,ㄏㄜˊ ㄗㄨㄛˋ ㄨˊ ㄐㄧㄢˋ,ㄏㄜˊ ㄗㄨㄛˋ ㄨˊ ㄐㄧㄢ,間:ㄐㄧㄢ→ㄐㄧㄢˋ(IVS+1),IVS可修,
合縱,ㄏㄜˊ ㄗㄨㄥ,ㄏㄜˊ ㄗㄨㄥˋ,縱:ㄗㄨㄥˋ→ㄗㄨㄥ(IVS+1),IVS可修,
盒子,ㄏㄜˊ ˙ㄗ,ㄏㄜˊ ㄗˇ,子:ㄗˇ→˙ㄗ(IVS+1),IVS可修,
何處,ㄏㄜˊ ㄔㄨˋ,ㄏㄜˊ ㄔㄨˇ,處:ㄔㄨˇ→ㄔㄨˋ(IVS+1),IVS可修,
何以見得,ㄏㄜˊ ㄧˇ ㄐㄧㄢˋ ˙ㄉㄜ,ㄏㄜˊ ㄧˇ ㄐㄧㄢˋ ㄉㄜˊ,得:ㄉㄜˊ→˙ㄉㄜ(IVS+1),IVS可修,
荷槍實彈,ㄏㄜˋ ㄑㄧㄤ ㄕˊ ㄉㄢˋ,ㄏㄜˊ ㄑㄧㄤ ㄕˊ ㄉㄢˋ,荷:ㄏㄜˊ→ㄏㄜˋ(IVS+1),IVS可修,
荷鋤,ㄏㄜˋ ㄔㄨˊ,ㄏㄜˊ ㄔㄨˊ,荷:ㄏㄜˊ→ㄏㄜˋ(IVS+1),IVS可修,
喝倒采,ㄏㄜˋ ㄉㄠˋ ㄘㄞˇ,ㄏㄜ ㄉㄠˋ ㄘㄞˇ,喝:ㄏㄜ→ㄏㄜˋ(IVS+1),IVS可修,
喝令,ㄏㄜˋ ㄌㄧㄥˋ,ㄏㄜ ㄌㄧㄥˋ,喝:ㄏㄜ→ㄏㄜˋ(IVS+1),IVS可修,
喝止,ㄏㄜˋ ㄓˇ,ㄏㄜ ㄓˇ,喝:ㄏㄜ→ㄏㄜˋ(IVS+1),IVS可修,
喝斥,ㄏㄜˋ ㄔˋ,ㄏㄜ ㄔˋ,喝:ㄏㄜ→ㄏㄜˋ(IVS+1),IVS可修,
喝采,ㄏㄜˋ ㄘㄞˇ,ㄏㄜ ㄘㄞˇ,喝:ㄏㄜ→ㄏㄜˋ(IVS+1),IVS可修,
嚇阻,ㄏㄜˋ ㄗㄨˇ,ㄒㄧㄚˋ ㄗㄨˇ,嚇:ㄒㄧㄚˋ→ㄏㄜˋ(IVS+1),IVS可修,
咳聲嘆息,ㄏㄞ ㄕㄥ ㄊㄢˋ ㄒㄧˊ,ㄎㄜˊ ㄕㄥ ㄊㄢˋ ㄒㄧˊ,咳:ㄎㄜˊ→ㄏㄞ(IVS+1),IVS可修,
孩子,ㄏㄞˊ ˙ㄗ,ㄏㄞˊ ㄗˇ,子:ㄗˇ→˙ㄗ(IVS+1),IVS可修,
孩子氣,ㄏㄞˊ ˙ㄗ ㄑㄧˋ,ㄏㄞˊ ㄗˇ ㄑㄧˋ,子:ㄗˇ→˙ㄗ(IVS+1),IVS可修,
海難,ㄏㄞˇ ㄋㄢˋ,ㄏㄞˇ ㄋㄢˊ,難:ㄋㄢˊ→ㄋㄢˋ(IVS+1),IVS可修,
海參,ㄏㄞˇ ㄕㄣ,ㄏㄞˇ ㄘㄢ,參:ㄘㄢ→ㄕㄣ(IVS+1),IVS可修,
害處,ㄏㄞˋ ㄔㄨˋ,ㄏㄞˋ ㄔㄨˇ,處:ㄔㄨˇ→ㄔㄨˋ(IVS+1),IVS可修,
黑白顛倒,ㄏㄟ ㄅㄞˊ ㄉㄧㄢ ㄉㄠˇ,ㄏㄟ ㄅㄞˊ ㄉㄧㄢ ㄉㄠˋ,倒:ㄉㄠˋ→ㄉㄠˇ(IVS+1),IVS可修,
黑盒子,ㄏㄟ ㄏㄜˊ ˙ㄗ,ㄏㄟ ㄏㄜˊ ㄗˇ,子:ㄗˇ→˙ㄗ(IVS+1),IVS可修,
號啕大哭,ㄏㄠˊ ㄊㄠˊ ㄉㄚˋ ㄎㄨ,ㄏㄠˋ ㄊㄠˊ ㄉㄚˋ ㄎㄨ,號:ㄏㄠˋ→ㄏㄠˊ(IVS+1),IVS可修,
好處,ㄏㄠˇ ㄔㄨˋ,ㄏㄠˇ ㄔㄨˇ,處:ㄔㄨˇ→ㄔㄨˋ(IVS+1),IVS可修,
好意思,ㄏㄠˇ ㄧˋ ˙ㄙ,ㄏㄠˇ ㄧˋ ㄙ,思:ㄙ→˙ㄙ(IVS+2),IVS可修,
好大喜功,ㄏㄠˋ ㄉㄚˋ ㄒㄧˇ ㄍㄨㄥ,ㄏㄠˇ ㄉㄚˋ ㄒㄧˇ ㄍㄨㄥ,好:ㄏㄠˇ→ㄏㄠˋ(IVS+1),IVS可修,
好高騖遠,ㄏㄠˋ ㄍㄠ ㄨˋ ㄩㄢˇ,ㄏㄠˇ ㄍㄠ ㄨˋ ㄩㄢˇ,好:ㄏㄠˇ→ㄏㄠˋ(IVS+1),IVS可修,
好客,ㄏㄠˋ ㄎㄜˋ,ㄏㄠˇ ㄎㄜˋ,好:ㄏㄠˇ→ㄏㄠˋ(IVS+1),IVS可修,
好奇,ㄏㄠˋ ㄑㄧˊ,ㄏㄠˇ ㄑㄧˊ,好:ㄏㄠˇ→ㄏㄠˋ(IVS+1),IVS可修,
好強,ㄏㄠˋ ㄑㄧㄤˊ,ㄏㄠˇ ㄑㄧㄤˊ,好:ㄏㄠˇ→ㄏㄠˋ(IVS+1),IVS可修,
好學不倦,ㄏㄠˋ ㄒㄩㄝˊ ㄅㄨˋ ㄐㄩㄢˋ,ㄏㄠˇ ㄒㄩㄝˊ ㄅㄨˋ ㄐㄩㄢˋ,好:ㄏㄠˇ→ㄏㄠˋ(IVS+1),IVS可修,
好學專輯,ㄏㄠˋ ㄒㄩㄝˊ ㄓㄨㄢ ㄐㄧˊ,ㄏㄠˇ ㄒㄩㄝˊ ㄓㄨㄢ ㄐㄧˊ,好:ㄏㄠˇ→ㄏㄠˋ(IVS+1),IVS可修,
好整以暇,ㄏㄠˋ ㄓㄥˇ ㄧˇ ㄒㄧㄚˊ,ㄏㄠˇ ㄓㄥˇ ㄧˇ ㄒㄧㄚˊ,好:ㄏㄠˇ→ㄏㄠˋ(IVS+1),IVS可修,
好吃懶做,ㄏㄠˋ ㄔ ㄌㄢˇ ㄗㄨㄛˋ,ㄏㄠˇ ㄔ ㄌㄢˇ ㄗㄨㄛˋ,好:ㄏㄠˇ→ㄏㄠˋ(IVS+1),IVS可修,
好生之德,ㄏㄠˋ ㄕㄥ ㄓ ㄉㄜˊ,ㄏㄠˇ ㄕㄥ ㄓ ㄉㄜˊ,好:ㄏㄠˇ→ㄏㄠˋ(IVS+1),IVS可修,
好勝,ㄏㄠˋ ㄕㄥˋ,ㄏㄠˇ ㄕㄥˋ,好:ㄏㄠˇ→ㄏㄠˋ(IVS+1),IVS可修,
好色,ㄏㄠˋ ㄙㄜˋ,ㄏㄠˇ ㄙㄜˋ,好:ㄏㄠˇ→ㄏㄠˋ(IVS+1),IVS可修,
好逸惡勞,ㄏㄠˋ ㄧˋ ㄨˋ ㄌㄠˊ,ㄏㄠˇ ㄧˋ ㄜˋ ㄌㄠˊ,好:ㄏㄠˇ→ㄏㄠˋ(IVS+1); 惡:ㄜˋ→ㄨˋ(IVS+1),IVS可修,
好惡,ㄏㄠˋ ㄨˋ,ㄏㄠˇ ㄜˋ,好:ㄏㄠˇ→ㄏㄠˋ(IVS+1); 惡:ㄜˋ→ㄨˋ(IVS+1),IVS可修,
好勇鬥狠,ㄏㄠˋ ㄩㄥˇ ㄉㄡˋ ㄏㄣˇ,ㄏㄠˇ ㄩㄥˇ ㄉㄡˋ ㄏㄣˇ,好:ㄏㄠˇ→ㄏㄠˋ(IVS+1),IVS可修,
浩浩湯湯,ㄏㄠˋ ㄏㄠˋ ㄕㄤ ㄕㄤ,ㄏㄠˋ ㄏㄠˋ ㄊㄤ ㄊㄤ,湯:ㄊㄤ→ㄕㄤ(IVS+1); 湯:ㄊㄤ→ㄕㄤ(IVS+1),IVS可修,
耗子,ㄏㄠˋ ˙ㄗ,ㄏㄠˋ ㄗˇ,子:ㄗˇ→˙ㄗ(IVS+1),IVS可修,
號子,ㄏㄠˋ ˙ㄗ,ㄏㄠˋ ㄗˇ,子:ㄗˇ→˙ㄗ(IVS+1),IVS可修,
猴子,ㄏㄡˊ ˙ㄗ,ㄏㄡˊ ㄗˇ,子:ㄗˇ→˙ㄗ(IVS+1),IVS可修,
后冠,ㄏㄡˋ ㄍㄨㄢ,ㄏㄡˋ ㄍㄨㄢˋ,冠:ㄍㄨㄢˋ→ㄍㄨㄢ(IVS+1),IVS可修,
後頭,ㄏㄡˋ ˙ㄊㄡ,ㄏㄡˋ ㄊㄡˊ,頭:ㄊㄡˊ→˙ㄊㄡ(IVS+1),IVS可修,
寒假,ㄏㄢˊ ㄐㄧㄚˋ,ㄏㄢˊ ㄐㄧㄚˇ,假:ㄐㄧㄚˇ→ㄐㄧㄚˋ(IVS+1),IVS可修,
旱鴨子,ㄏㄢˋ ㄧㄚ ˙ㄗ,ㄏㄢˋ ㄧㄚ ㄗˇ,子:ㄗˇ→˙ㄗ(IVS+1),IVS可修,
悍將,ㄏㄢˋ ㄐㄧㄤˋ,ㄏㄢˋ ㄐㄧㄤ,將:ㄐㄧㄤ→ㄐㄧㄤˋ(IVS+1),IVS可修,
漢子,ㄏㄢˋ ˙ㄗ,ㄏㄢˋ ㄗˇ,子:ㄗˇ→˙ㄗ(IVS+1),IVS可修,
恨不得,ㄏㄣˋ ㄅㄨˋ ˙ㄉㄜ,ㄏㄣˋ ㄅㄨˋ ㄉㄜˊ,得:ㄉㄜˊ→˙ㄉㄜ(IVS+1),IVS可修,
行當,ㄏㄤˊ ˙ㄉㄤ,ㄒㄧㄥˊ ㄉㄤ,行:ㄒㄧㄥˊ→ㄏㄤˊ(IVS+1); 當:ㄉㄤ→˙ㄉㄤ(字型無此讀音),字型缺讀音,
行列,ㄏㄤˊ ㄌㄧㄝˋ,ㄒㄧㄥˊ ㄌㄧㄝˋ,行:ㄒㄧㄥˊ→ㄏㄤˊ(IVS+1),IVS可修,
行規,ㄏㄤˊ ㄍㄨㄟ,ㄒㄧㄥˊ ㄍㄨㄟ,行:ㄒㄧㄥˊ→ㄏㄤˊ(IVS+1),IVS可修,
行庫,ㄏㄤˊ ㄎㄨˋ,ㄒㄧㄥˊ ㄎㄨˋ,行:ㄒㄧㄥˊ→ㄏㄤˊ(IVS+1),IVS可修,
行號,ㄏㄤˊ ㄏㄠˋ,ㄒㄧㄥˊ ㄏㄠˋ,行:ㄒㄧㄥˊ→ㄏㄤˊ(IVS+1),IVS可修,
行行出狀元,ㄏㄤˊ ㄏㄤˊ ㄔㄨ ㄓㄨㄤˋ ㄩㄢˊ,ㄒㄧㄥˊ ㄒㄧㄥˊ ㄔㄨ ㄓㄨㄤˋ ㄩㄢˊ,行:ㄒㄧㄥˊ→ㄏㄤˊ(IVS+1); 行:ㄒㄧㄥˊ→ㄏㄤˊ(IVS+1),IVS可修,
行家,ㄏㄤˊ ㄐㄧㄚ,ㄒㄧㄥˊ ㄐㄧㄚ,行:ㄒㄧㄥˊ→ㄏㄤˊ(IVS+1),IVS可修,
行情,ㄏㄤˊ ㄑㄧㄥˊ,ㄒㄧㄥˊ ㄑㄧㄥˊ,行:ㄒㄧㄥˊ→ㄏㄤˊ(IVS+1),IVS可修,
行業,ㄏㄤˊ ㄧㄝˋ,ㄒㄧㄥˊ ㄧㄝˋ,行:ㄒㄧㄥˊ→ㄏㄤˊ(IVS+1),IVS可修,
行伍,ㄏㄤˊ ㄨˇ,ㄒㄧㄥˊ ㄨˇ,行:ㄒㄧㄥˊ→ㄏㄤˊ(IVS+1),IVS可修,
行員,ㄏㄤˊ ㄩㄢˊ,ㄒㄧㄥˊ ㄩㄢˊ,行:ㄒㄧㄥˊ→ㄏㄤˊ(IVS+1),IVS可修,
行行,ㄏㄤˋ ㄏㄤˋ,ㄒㄧㄥˊ ㄒㄧㄥˊ,行:ㄒㄧㄥˊ→ㄏㄤˋ(IVS+3); 行:ㄒㄧㄥˊ→ㄏㄤˋ(IVS+3),IVS可修,
橫行霸道,ㄏㄥˋ ㄒㄧㄥˊ ㄅㄚˋ ㄉㄠˋ,ㄏㄥˊ ㄒㄧㄥˊ ㄅㄚˋ ㄉㄠˋ,橫:ㄏㄥˊ→ㄏㄥˋ(IVS+1),IVS可修,
衡量,ㄏㄥˊ ㄌㄧㄤˊ,ㄏㄥˊ ㄌㄧㄤˋ,量:ㄌㄧㄤˋ→ㄌㄧㄤˊ(IVS+1),IVS可修,
橫流,ㄏㄥˋ ㄌㄧㄡˊ,ㄏㄥˊ ㄌㄧㄡˊ,橫:ㄏㄥˊ→ㄏㄥˋ(IVS+1),IVS可修,
橫禍,ㄏㄥˋ ㄏㄨㄛˋ,ㄏㄥˊ ㄏㄨㄛˋ,橫:ㄏㄥˊ→ㄏㄥˋ(IVS+1),IVS可修,
橫加,ㄏㄥˋ ㄐㄧㄚ,ㄏㄥˊ ㄐㄧㄚ,橫:ㄏㄥˊ→ㄏㄥˋ(IVS+1),IVS可修,
橫財,ㄏㄥˋ ㄘㄞˊ,ㄏㄥˊ ㄘㄞˊ,橫:ㄏㄥˊ→ㄏㄥˋ(IVS+1),IVS可修,
橫死,ㄏㄥˋ ㄙˇ,ㄏㄥˊ ㄙˇ,橫:ㄏㄥˊ→ㄏㄥˋ(IVS+1),IVS可修,
呼天搶地,ㄏㄨ ㄊㄧㄢ ㄑㄧㄤ ㄉㄧˋ,ㄏㄨ ㄊㄧㄢ ㄑㄧㄤˇ ㄉㄧˋ,搶:ㄑㄧㄤˇ→ㄑㄧㄤ(IVS+1),IVS可修,
呼應,ㄏㄨ ㄧㄥˋ,ㄏㄨ ㄧㄥ,應:ㄧㄥ→ㄧㄥˋ(IVS+1),IVS可修,
衚衕,ㄏㄨˊ ㄊㄨㄥˊ,ㄏㄨˊ ㄊㄨㄥˋ,衕:ㄊㄨㄥˋ→ㄊㄨㄥˊ(IVS+1),IVS可修,
鬍子,ㄏㄨˊ ˙ㄗ,ㄏㄨˊ ㄗˇ,子:ㄗˇ→˙ㄗ(IVS+1),IVS可修,
虎將,ㄏㄨˇ ㄐㄧㄤˋ,ㄏㄨˇ ㄐㄧㄤ,將:ㄐㄧㄤ→ㄐㄧㄤˋ(IVS+1),IVS可修,
互別苗頭,ㄏㄨˋ ㄅㄧㄝˊ ㄇㄧㄠˊ ˙ㄊㄡ,ㄏㄨˋ ㄅㄧㄝˊ ㄇㄧㄠˊ ㄊㄡˊ,頭:ㄊㄡˊ→˙ㄊㄡ(IVS+1),IVS可修,
互不相讓,ㄏㄨˋ ㄅㄨˋ ㄒㄧㄤ ㄖㄤˋ,ㄏㄨˋ ㄅㄨˋ ㄒㄧㄤˋ ㄖㄤˋ,相:ㄒㄧㄤˋ→ㄒㄧㄤ(IVS+1),IVS可修,
互相,ㄏㄨˋ ㄒㄧㄤ,ㄏㄨˋ ㄒㄧㄤˋ,相:ㄒㄧㄤˋ→ㄒㄧㄤ(IVS+1),IVS可修,
戶長,ㄏㄨˋ ㄓㄤˇ,ㄏㄨˋ ㄔㄤˊ,長:ㄔㄤˊ→ㄓㄤˇ(IVS+1),IVS可修,
扈從,ㄏㄨˋ ㄗㄨㄥˋ,ㄏㄨˋ ㄘㄨㄥˊ,從:ㄘㄨㄥˊ→ㄗㄨㄥˋ(IVS+1),IVS可修,
化子,ㄏㄨㄚ ˙ㄗ,ㄏㄨㄚˋ ㄗˇ,化:ㄏㄨㄚˋ→ㄏㄨㄚ(IVS+1); 子:ㄗˇ→˙ㄗ(IVS+1),IVS可修,
花頭,ㄏㄨㄚ ˙ㄊㄡ,ㄏㄨㄚ ㄊㄡˊ,頭:ㄊㄡˊ→˙ㄊㄡ(IVS+1),IVS可修,
花冠,ㄏㄨㄚ ㄍㄨㄢ,ㄏㄨㄚ ㄍㄨㄢˋ,冠:ㄍㄨㄢˋ→ㄍㄨㄢ(IVS+1),IVS可修,
嘩喇喇,ㄏㄨㄚ ㄌㄚ ㄌㄚ,ㄏㄨㄚˊ ㄌㄚˇ ㄌㄚˇ,嘩:ㄏㄨㄚˊ→ㄏㄨㄚ(IVS+1); 喇:ㄌㄚˇ→ㄌㄚ(字型無此讀音); 喇:ㄌㄚˇ→ㄌㄚ(字型無此讀音),字型缺讀音,
華山,ㄏㄨㄚˋ ㄕㄢ,ㄏㄨㄚˊ ㄕㄢ,華:ㄏㄨㄚˊ→ㄏㄨㄚˋ(IVS+2),IVS可修,
華佗再世,ㄏㄨㄚˋ ㄊㄨㄛˊ ㄗㄞˋ ㄕˋ,ㄏㄨㄚˊ ㄊㄨㄛˊ ㄗㄞˋ ㄕˋ,華:ㄏㄨㄚˊ→ㄏㄨㄚˋ(IVS+2),IVS可修,
話匣子,ㄏㄨㄚˋ ㄒㄧㄚˊ ˙ㄗ,ㄏㄨㄚˋ ㄒㄧㄚˊ ㄗˇ,子:ㄗˇ→˙ㄗ(IVS+1),IVS可修,
和稀泥,ㄏㄨㄛˋ ㄒㄧ ㄋㄧˊ,ㄏㄜˊ ㄒㄧ ㄋㄧˊ,和:ㄏㄜˊ→ㄏㄨㄛˋ(IVS+3),IVS可修,
貨幣供給額,ㄏㄨㄛˋ ㄅㄧˋ ㄍㄨㄥ ㄐㄧˇ ㄜˊ,ㄏㄨㄛˋ ㄅㄧˋ ㄍㄨㄥ ㄍㄟˇ ㄜˊ,給:ㄍㄟˇ→ㄐㄧˇ(IVS+1),IVS可修,
壞痞子,ㄏㄨㄞˋ ㄆㄧˇ ˙ㄗ,ㄏㄨㄞˋ ㄆㄧˇ ㄗˇ,子:ㄗˇ→˙ㄗ(IVS+1),IVS可修,
壞處,ㄏㄨㄞˋ ㄔㄨˋ,ㄏㄨㄞˋ ㄔㄨˇ,處:ㄔㄨˇ→ㄔㄨˋ(IVS+1),IVS可修,
灰姑娘,ㄏㄨㄟ ㄍㄨ ˙ㄋㄧㄤ,ㄏㄨㄟ ㄍㄨ ㄋㄧㄤˊ,娘:ㄋㄧㄤˊ→˙ㄋㄧㄤ(IVS+1),IVS可修,
灰心喪氣,ㄏㄨㄟ ㄒㄧㄣ ㄙㄤˋ ㄑㄧˋ,ㄏㄨㄟ ㄒㄧㄣ ㄙㄤ ㄑㄧˋ,喪:ㄙㄤ→ㄙㄤˋ(IVS+1),IVS可修,
虺隤,ㄏㄨㄟ ㄊㄨㄟˊ,ㄏㄨㄟˇ ㄊㄨㄟˊ,虺:ㄏㄨㄟˇ→ㄏㄨㄟ(IVS+1),IVS可修,
回應,ㄏㄨㄟˊ ㄧㄥˋ,ㄏㄨㄟˊ ㄧㄥ,應:ㄧㄥ→ㄧㄥˋ(IVS+1),IVS可修,
會長,ㄏㄨㄟˋ ㄓㄤˇ,ㄏㄨㄟˋ ㄔㄤˊ,長:ㄔㄤˊ→ㄓㄤˇ(IVS+1),IVS可修,
環環相扣,ㄏㄨㄢˊ ㄏㄨㄢˊ ㄒㄧㄤ ㄎㄡˋ,ㄏㄨㄢˊ ㄏㄨㄢˊ ㄒㄧㄤˋ ㄎㄡˋ,相:ㄒㄧㄤˋ→ㄒㄧㄤ(IVS+1),IVS可修,
還本,ㄏㄨㄢˊ ㄅㄣˇ,ㄏㄞˊ ㄅㄣˇ,還:ㄏㄞˊ→ㄏㄨㄢˊ(IVS+1),IVS可修,
還禮,ㄏㄨㄢˊ ㄌㄧˇ,ㄏㄞˊ ㄌㄧˇ,還:ㄏㄞˊ→ㄏㄨㄢˊ(IVS+1),IVS可修,
還魂,ㄏㄨㄢˊ ㄏㄨㄣˊ,ㄏㄞˊ ㄏㄨㄣˊ,還:ㄏㄞˊ→ㄏㄨㄢˊ(IVS+1),IVS可修,
還擊,ㄏㄨㄢˊ ㄐㄧˊ,ㄏㄞˊ ㄐㄧˊ,還:ㄏㄞˊ→ㄏㄨㄢˊ(IVS+1),IVS可修,
還價,ㄏㄨㄢˊ ㄐㄧㄚˋ,ㄏㄞˊ ㄐㄧㄚˋ,還:ㄏㄞˊ→ㄏㄨㄢˊ(IVS+1),IVS可修,
還錢,ㄏㄨㄢˊ ㄑㄧㄢˊ,ㄏㄞˊ ㄑㄧㄢˊ,還:ㄏㄞˊ→ㄏㄨㄢˊ(IVS+1),IVS可修,
還債,ㄏㄨㄢˊ ㄓㄞˋ,ㄏㄞˊ ㄓㄞˋ,還:ㄏㄞˊ→ㄏㄨㄢˊ(IVS+1),IVS可修,
還手,ㄏㄨㄢˊ ㄕㄡˇ,ㄏㄞˊ ㄕㄡˇ,還:ㄏㄞˊ→ㄏㄨㄢˊ(IVS+1),IVS可修,
還俗,ㄏㄨㄢˊ ㄙㄨˊ,ㄏㄞˊ ㄙㄨˊ,還:ㄏㄞˊ→ㄏㄨㄢˊ(IVS+1),IVS可修,
還以顏色,ㄏㄨㄢˊ ㄧˇ ㄧㄢˊ ㄙㄜˋ,ㄏㄞˊ ㄧˇ ㄧㄢˊ ㄙㄜˋ,還:ㄏㄞˊ→ㄏㄨㄢˊ(IVS+1),IVS可修,
還我河山,ㄏㄨㄢˊ ㄨㄛˇ ㄏㄜˊ ㄕㄢ,ㄏㄞˊ ㄨㄛˇ ㄏㄜˊ ㄕㄢ,還:ㄏㄞˊ→ㄏㄨㄢˊ(IVS+1),IVS可修,
還原,ㄏㄨㄢˊ ㄩㄢˊ,ㄏㄞˊ ㄩㄢˊ,還:ㄏㄞˊ→ㄏㄨㄢˊ(IVS+1),IVS可修,
還願,ㄏㄨㄢˊ ㄩㄢˋ,ㄏㄞˊ ㄩㄢˋ,還:ㄏㄞˊ→ㄏㄨㄢˊ(IVS+1),IVS可修,
患難,ㄏㄨㄢˋ ㄋㄢˋ,ㄏㄨㄢˋ ㄋㄢˊ,難:ㄋㄢˊ→ㄋㄢˋ(IVS+1),IVS可修,
患難之交,ㄏㄨㄢˋ ㄋㄢˋ ㄓ ㄐㄧㄠ,ㄏㄨㄢˋ ㄋㄢˊ ㄓ ㄐㄧㄠ,難:ㄋㄢˊ→ㄋㄢˋ(IVS+1),IVS可修,
患難與共,ㄏㄨㄢˋ ㄋㄢˋ ㄩˇ ㄍㄨㄥˋ,ㄏㄨㄢˋ ㄋㄢˊ ㄩˇ ㄍㄨㄥˋ,難:ㄋㄢˊ→ㄋㄢˋ(IVS+1),IVS可修,
患處,ㄏㄨㄢˋ ㄔㄨˋ,ㄏㄨㄢˋ ㄔㄨˇ,處:ㄔㄨˇ→ㄔㄨˋ(IVS+1),IVS可修,
昏倒,ㄏㄨㄣ ㄉㄠˇ,ㄏㄨㄣ ㄉㄠˋ,倒:ㄉㄠˋ→ㄉㄠˇ(IVS+1),IVS可修,
昏頭轉向,ㄏㄨㄣ ㄊㄡˊ ㄓㄨㄢˋ ㄒㄧㄤˋ,ㄏㄨㄣ ㄊㄡˊ ㄓㄨㄢˇ ㄒㄧㄤˋ,轉:ㄓㄨㄢˇ→ㄓㄨㄢˋ(IVS+1),IVS可修,
渾沌,ㄏㄨㄣˋ ㄉㄨㄣˋ,ㄏㄨㄣˊ ㄉㄨㄣˋ,渾:ㄏㄨㄣˊ→ㄏㄨㄣˋ(IVS+1),IVS可修,
渾天儀,ㄏㄨㄣˋ ㄊㄧㄢ ㄧˊ,ㄏㄨㄣˊ ㄊㄧㄢ ㄧˊ,渾:ㄏㄨㄣˊ→ㄏㄨㄣˋ(IVS+1),IVS可修,
渾元,ㄏㄨㄣˋ ㄩㄢˊ,ㄏㄨㄣˊ ㄩㄢˊ,渾:ㄏㄨㄣˊ→ㄏㄨㄣˋ(IVS+1),IVS可修,
皇冠,ㄏㄨㄤˊ ㄍㄨㄢ,ㄏㄨㄤˊ ㄍㄨㄢˋ,冠:ㄍㄨㄢˋ→ㄍㄨㄢ(IVS+1),IVS可修,
黃梅調,ㄏㄨㄤˊ ㄇㄟˊ ㄉㄧㄠˋ,ㄏㄨㄤˊ ㄇㄟˊ ㄊㄧㄠˊ,調:ㄊㄧㄠˊ→ㄉㄧㄠˋ(IVS+1),IVS可修,
黃毛丫頭,ㄏㄨㄤˊ ㄇㄠˊ ㄧㄚ ˙ㄊㄡ,ㄏㄨㄤˊ ㄇㄠˊ ㄧㄚ ㄊㄡˊ,頭:ㄊㄡˊ→˙ㄊㄡ(IVS+1),IVS可修,
幌子,ㄏㄨㄤˇ ˙ㄗ,ㄏㄨㄤˇ ㄗˇ,子:ㄗˇ→˙ㄗ(IVS+1),IVS可修,
洪洞縣,ㄏㄨㄥˊ ㄊㄨㄥˊ ㄒㄧㄢˋ,ㄏㄨㄥˊ ㄉㄨㄥˋ ㄒㄧㄢˋ,洞:ㄉㄨㄥˋ→ㄊㄨㄥˊ(IVS+1),IVS可修,
紅得發紫,ㄏㄨㄥˊ ˙ㄉㄜ ㄈㄚ ㄗˇ,ㄏㄨㄥˊ ㄉㄜˊ ㄈㄚ ㄗˇ,得:ㄉㄜˊ→˙ㄉㄜ(IVS+1),IVS可修,
鴻爪,ㄏㄨㄥˊ ㄓㄠˇ,ㄏㄨㄥˊ ㄓㄨㄚˇ,爪:ㄓㄨㄚˇ→ㄓㄠˇ(IVS+1),IVS可修,
哄騙,ㄏㄨㄥˇ ㄆㄧㄢˋ,ㄏㄨㄥ ㄆㄧㄢˋ,哄:ㄏㄨㄥ→ㄏㄨㄥˇ(IVS+1),IVS可修,
奇數,ㄐㄧ ㄕㄨˋ,ㄑㄧˊ ㄕㄨˋ,奇:ㄑㄧˊ→ㄐㄧ(IVS+1),IVS可修,
幾乎,ㄐㄧ ㄏㄨ,ㄐㄧˇ ㄏㄨ,幾:ㄐㄧˇ→ㄐㄧ(IVS+1),IVS可修,
嘰哩咕嚕,ㄐㄧ ㄌㄧ ㄍㄨ ㄌㄨ,ㄐㄧ ㄌㄧˇ ㄍㄨ ㄌㄨ,哩:ㄌㄧˇ→ㄌㄧ(IVS+2),IVS可修,
激將法,ㄐㄧ ㄐㄧㄤˋ ㄈㄚˇ,ㄐㄧ ㄐㄧㄤ ㄈㄚˇ,將:ㄐㄧㄤ→ㄐㄧㄤˋ(IVS+1),IVS可修,
激切,ㄐㄧ ㄑㄧㄝˋ,ㄐㄧ ㄑㄧㄝ,切:ㄑㄧㄝ→ㄑㄧㄝˋ(IVS+1),IVS可修,
積累,ㄐㄧ ㄌㄟˇ,ㄐㄧ ㄌㄟˋ,累:ㄌㄟˋ→ㄌㄟˇ(IVS+1),IVS可修,
雞毛撢子,ㄐㄧ ㄇㄠˊ ㄉㄢˇ ˙ㄗ,ㄐㄧ ㄇㄠˊ ㄉㄢˇ ㄗˇ,子:ㄗˇ→˙ㄗ(IVS+1),IVS可修,
雞蛋裡挑骨頭,ㄐㄧ ㄉㄢˋ ㄌㄧˇ ㄊㄧㄠ ㄍㄨˊ ˙ㄊㄡ,ㄐㄧ ㄉㄢˋ ㄌㄧˇ ㄊㄧㄠˇ ㄍㄨˇ ㄊㄡˊ,挑:ㄊㄧㄠˇ→ㄊㄧㄠ(IVS+1); 骨:ㄍㄨˇ→ㄍㄨˊ(IVS+2); 頭:ㄊㄡˊ→˙ㄊㄡ(IVS+1),IVS可修,
雞冠,ㄐㄧ ㄍㄨㄢ,ㄐㄧ ㄍㄨㄢˋ,冠:ㄍㄨㄢˋ→ㄍㄨㄢ(IVS+1),IVS可修,
級長,ㄐㄧˊ ㄓㄤˇ,ㄐㄧˊ ㄔㄤˊ,長:ㄔㄤˊ→ㄓㄤˇ(IVS+1),IVS可修,
吉羊,ㄐㄧˊ ㄒㄧㄤˊ,ㄐㄧˊ ㄧㄤˊ,羊:ㄧㄤˊ→ㄒㄧㄤˊ(字型無此讀音),字型缺讀音,
即興,ㄐㄧˊ ㄒㄧㄥˋ,ㄐㄧˊ ㄒㄧㄥ,興:ㄒㄧㄥ→ㄒㄧㄥˋ(IVS+1),IVS可修,
急難,ㄐㄧˊ ㄋㄢˋ,ㄐㄧˊ ㄋㄢˊ,難:ㄋㄢˊ→ㄋㄢˋ(IVS+1),IVS可修,
急公好義,ㄐㄧˊ ㄍㄨㄥ ㄏㄠˋ ㄧˋ,ㄐㄧˊ ㄍㄨㄥ ㄏㄠˇ ㄧˋ,好:ㄏㄠˇ→ㄏㄠˋ(IVS+1),IVS可修,
急切,ㄐㄧˊ ㄑㄧㄝˋ,ㄐㄧˊ ㄑㄧㄝ,切:ㄑㄧㄝ→ㄑㄧㄝˋ(IVS+1),IVS可修,
急性子,ㄐㄧˊ ㄒㄧㄥˋ ˙ㄗ,ㄐㄧˊ ㄒㄧㄥˋ ㄗˇ,子:ㄗˇ→˙ㄗ(IVS+1),IVS可修,
擊倒,ㄐㄧˊ ㄉㄠˇ,ㄐㄧˊ ㄉㄠˋ,倒:ㄉㄠˋ→ㄉㄠˇ(IVS+1),IVS可修,
擊中,ㄐㄧˊ ㄓㄨㄥˋ,ㄐㄧˊ ㄓㄨㄥ,中:ㄓㄨㄥ→ㄓㄨㄥˋ(IVS+1),IVS可修,
給付,ㄐㄧˇ ㄈㄨˋ,ㄍㄟˇ ㄈㄨˋ,給:ㄍㄟˇ→ㄐㄧˇ(IVS+1),IVS可修,
給水,ㄐㄧˇ ㄕㄨㄟˇ,ㄍㄟˇ ㄕㄨㄟˇ,給:ㄍㄟˇ→ㄐㄧˇ(IVS+1),IVS可修,
給予,ㄐㄧˇ ㄩˇ,ㄍㄟˇ ㄩˇ,給:ㄍㄟˇ→ㄐㄧˇ(IVS+1),IVS可修,
給與,ㄐㄧˇ ㄩˇ,ㄍㄟˇ ㄩˇ,給:ㄍㄟˇ→ㄐㄧˇ(IVS+1),IVS可修,
濟濟,ㄐㄧˇ ㄐㄧˇ,ㄐㄧˋ ㄐㄧˋ,濟:ㄐㄧˋ→ㄐㄧˇ(IVS+1); 濟:ㄐㄧˋ→ㄐㄧˇ(IVS+1),IVS可修,
濟濟多士,ㄐㄧˇ ㄐㄧˇ ㄉㄨㄛ ㄕˋ,ㄐㄧˋ ㄐㄧˋ ㄉㄨㄛ ㄕˋ,濟:ㄐㄧˋ→ㄐㄧˇ(IVS+1); 濟:ㄐㄧˋ→ㄐㄧˇ(IVS+1),IVS可修,
記得,ㄐㄧˋ ˙ㄉㄜ,ㄐㄧˋ ㄉㄜˊ,得:ㄉㄜˊ→˙ㄉㄜ(IVS+1),IVS可修,
加給,ㄐㄧㄚ ㄐㄧˇ,ㄐㄧㄚ ㄍㄟˇ,給:ㄍㄟˇ→ㄐㄧˇ(IVS+1),IVS可修,
家當,ㄐㄧㄚ ㄉㄤˋ,ㄐㄧㄚ ㄉㄤ,當:ㄉㄤ→ㄉㄤˋ(IVS+1),IVS可修,
家長,ㄐㄧㄚ ㄓㄤˇ,ㄐㄧㄚ ㄔㄤˊ,長:ㄔㄤˊ→ㄓㄤˇ(IVS+1),IVS可修,
家畜,ㄐㄧㄚ ㄔㄨˋ,ㄐㄧㄚ ㄒㄩˋ,畜:ㄒㄩˋ→ㄔㄨˋ(IVS+1),IVS可修,
夾縫,ㄐㄧㄚˊ ㄈㄥˋ,ㄐㄧㄚˊ ㄈㄥˊ,縫:ㄈㄥˊ→ㄈㄥˋ(IVS+1),IVS可修,
夾子,ㄐㄧㄚˊ ˙ㄗ,ㄐㄧㄚˊ ㄗˇ,子:ㄗˇ→˙ㄗ(IVS+1),IVS可修,
架子,ㄐㄧㄚˋ ˙ㄗ,ㄐㄧㄚˋ ㄗˇ,子:ㄗˇ→˙ㄗ(IVS+1),IVS可修,
假期,ㄐㄧㄚˋ ㄑㄧˊ,ㄐㄧㄚˇ ㄑㄧˊ,假:ㄐㄧㄚˇ→ㄐㄧㄚˋ(IVS+1),IVS可修,
假日,ㄐㄧㄚˋ ㄖˋ,ㄐㄧㄚˇ ㄖˋ,假:ㄐㄧㄚˇ→ㄐㄧㄚˋ(IVS+1),IVS可修,
假日花市,ㄐㄧㄚˋ ㄖˋ ㄏㄨㄚ ㄕˋ,ㄐㄧㄚˇ ㄖˋ ㄏㄨㄚ ㄕˋ,假:ㄐㄧㄚˇ→ㄐㄧㄚˋ(IVS+1),IVS可修,
接縫,ㄐㄧㄝ ㄈㄥˋ,ㄐㄧㄝ ㄈㄥˊ,縫:ㄈㄥˊ→ㄈㄥˋ(IVS+1),IVS可修,
接種,ㄐㄧㄝ ㄓㄨㄥˋ,ㄐㄧㄝ ㄓㄨㄥˇ,種:ㄓㄨㄥˇ→ㄓㄨㄥˋ(IVS+1),IVS可修,
接應,ㄐㄧㄝ ㄧㄥˋ,ㄐㄧㄝ ㄧㄥ,應:ㄧㄥ→ㄧㄥˋ(IVS+1),IVS可修,
結巴,ㄐㄧㄝ ㄅㄚ,ㄐㄧㄝˊ ㄅㄚ,結:ㄐㄧㄝˊ→ㄐㄧㄝ(IVS+1),IVS可修,
劫難,ㄐㄧㄝˊ ㄋㄢˋ,ㄐㄧㄝˊ ㄋㄢˊ,難:ㄋㄢˊ→ㄋㄢˋ(IVS+1),IVS可修,
櫛比鱗次,ㄐㄧㄝˊ ㄅㄧˋ ㄌㄧㄣˊ ㄘˋ,ㄐㄧㄝˊ ㄅㄧˇ ㄌㄧㄣˊ ㄘˋ,比:ㄅㄧˇ→ㄅㄧˋ(IVS+1),IVS可修,
癤子,ㄐㄧㄝˊ ˙ㄗ,ㄐㄧㄝˊ ㄗˇ,子:ㄗˇ→˙ㄗ(IVS+1),IVS可修,
潔身自好,ㄐㄧㄝˊ ㄕㄣ ㄗˋ ㄏㄠˋ,ㄐㄧㄝˊ ㄕㄣ ㄗˋ ㄏㄠˇ,好:ㄏㄠˇ→ㄏㄠˋ(IVS+1),IVS可修,
解悶,ㄐㄧㄝˇ ㄇㄣˋ,ㄐㄧㄝˇ ㄇㄣ,悶:ㄇㄣ→ㄇㄣˋ(IVS+1),IVS可修,
借調,ㄐㄧㄝˋ ㄉㄧㄠˋ,ㄐㄧㄝˋ ㄊㄧㄠˊ,調:ㄊㄧㄠˊ→ㄉㄧㄠˋ(IVS+1),IVS可修,
借屍還魂,ㄐㄧㄝˋ ㄕ ㄏㄨㄢˊ ㄏㄨㄣˊ,ㄐㄧㄝˋ ㄕ ㄏㄞˊ ㄏㄨㄣˊ,還:ㄏㄞˊ→ㄏㄨㄢˊ(IVS+1),IVS可修,
解送,ㄐㄧㄝˋ ㄙㄨㄥˋ,ㄐㄧㄝˇ ㄙㄨㄥˋ,解:ㄐㄧㄝˇ→ㄐㄧㄝˋ(IVS+1),IVS可修,
解元,ㄐㄧㄝˋ ㄩㄢˊ,ㄐㄧㄝˇ ㄩㄢˊ,解:ㄐㄧㄝˇ→ㄐㄧㄝˋ(IVS+1),IVS可修,
交還,ㄐㄧㄠ ㄏㄨㄢˊ,ㄐㄧㄠ ㄏㄞˊ,還:ㄏㄞˊ→ㄏㄨㄢˊ(IVS+1),IVS可修,
交響樂,ㄐㄧㄠ ㄒㄧㄤˇ ㄩㄝˋ,ㄐㄧㄠ ㄒㄧㄤˇ ㄌㄜˋ,樂:ㄌㄜˋ→ㄩㄝˋ(IVS+1),IVS可修,
交差,ㄐㄧㄠ ㄔㄞ,ㄐㄧㄠ ㄔㄚ,差:ㄔㄚ→ㄔㄞ(IVS+1),IVS可修,
交惡,ㄐㄧㄠ ㄨˋ,ㄐㄧㄠ ㄜˋ,惡:ㄜˋ→ㄨˋ(IVS+1),IVS可修,
教書,ㄐㄧㄠ ㄕㄨ,ㄐㄧㄠˋ ㄕㄨ,教:ㄐㄧㄠˋ→ㄐㄧㄠ(IVS+1),IVS可修,
膠卷,ㄐㄧㄠ ㄐㄩㄢˇ,ㄐㄧㄠ ㄐㄩㄢˋ,卷:ㄐㄩㄢˋ→ㄐㄩㄢˇ(IVS+1),IVS可修,
膠著狀態,ㄐㄧㄠ ㄓㄨㄛˊ ㄓㄨㄤˋ ㄊㄞˋ,ㄐㄧㄠ ˙ㄓㄜ ㄓㄨㄤˋ ㄊㄞˋ,著:˙ㄓㄜ→ㄓㄨㄛˊ(IVS+4),IVS可修,
驕橫,ㄐㄧㄠ ㄏㄥˋ,ㄐㄧㄠ ㄏㄥˊ,橫:ㄏㄥˊ→ㄏㄥˋ(IVS+1),IVS可修,
餃子,ㄐㄧㄠˇ ˙ㄗ,ㄐㄧㄠˇ ㄗˇ,子:ㄗˇ→˙ㄗ(IVS+1),IVS可修,
腳丫子,ㄐㄧㄠˇ ㄧㄚ ˙ㄗ,ㄐㄧㄠˇ ㄧㄚ ㄗˇ,子:ㄗˇ→˙ㄗ(IVS+1),IVS可修,
攪和,ㄐㄧㄠˇ ㄏㄨㄛˋ,ㄐㄧㄠˇ ㄏㄜˊ,和:ㄏㄜˊ→ㄏㄨㄛˋ(IVS+3),IVS可修,
校訂,ㄐㄧㄠˋ ㄉㄧㄥˋ,ㄒㄧㄠˋ ㄉㄧㄥˋ,校:ㄒㄧㄠˋ→ㄐㄧㄠˋ(IVS+1),IVS可修,
校對,ㄐㄧㄠˋ ㄉㄨㄟˋ,ㄒㄧㄠˋ ㄉㄨㄟˋ,校:ㄒㄧㄠˋ→ㄐㄧㄠˋ(IVS+1),IVS可修,
校稿,ㄐㄧㄠˋ ㄍㄠˇ,ㄒㄧㄠˋ ㄍㄠˇ,校:ㄒㄧㄠˋ→ㄐㄧㄠˋ(IVS+1),IVS可修,
校勘,ㄐㄧㄠˋ ㄎㄢ,ㄒㄧㄠˋ ㄎㄢ,校:ㄒㄧㄠˋ→ㄐㄧㄠˋ(IVS+1),IVS可修,
校勘學,ㄐㄧㄠˋ ㄎㄢ ㄒㄩㄝˊ,ㄒㄧㄠˋ ㄎㄢ ㄒㄩㄝˊ,校:ㄒㄧㄠˋ→ㄐㄧㄠˋ(IVS+1),IVS可修,
校正,ㄐㄧㄠˋ ㄓㄥˋ,ㄒㄧㄠˋ ㄓㄥˋ,校:ㄒㄧㄠˋ→ㄐㄧㄠˋ(IVS+1),IVS可修,
校閱,ㄐㄧㄠˋ ㄩㄝˋ,ㄒㄧㄠˋ ㄩㄝˋ,校:ㄒㄧㄠˋ→ㄐㄧㄠˋ(IVS+1),IVS可修,
教學相長,ㄐㄧㄠˋ ㄒㄩㄝˊ ㄒㄧㄤ ㄓㄤˇ,ㄐㄧㄠˋ ㄒㄩㄝˊ ㄒㄧㄤˋ ㄔㄤˊ,相:ㄒㄧㄤˋ→ㄒㄧㄤ(IVS+1); 長:ㄔㄤˊ→ㄓㄤˇ(IVS+1),IVS可修,
轎子,ㄐㄧㄠˋ ˙ㄗ,ㄐㄧㄠˋ ㄗˇ,子:ㄗˇ→˙ㄗ(IVS+1),IVS可修,
糾彈,ㄐㄧㄡ ㄊㄢˊ,ㄐㄧㄡ ㄉㄢˋ,彈:ㄉㄢˋ→ㄊㄢˊ(IVS+1),IVS可修,
糾葛,ㄐㄧㄡ ㄍㄜˊ,ㄐㄧㄡ ㄍㄜˇ,葛:ㄍㄜˇ→ㄍㄜˊ(IVS+1),IVS可修,
九重葛,ㄐㄧㄡˇ ㄔㄨㄥˊ ㄍㄜˊ,ㄐㄧㄡˇ ㄓㄨㄥˋ ㄍㄜˇ,重:ㄓㄨㄥˋ→ㄔㄨㄥˊ(IVS+1); 葛:ㄍㄜˇ→ㄍㄜˊ(IVS+1),IVS可修,
酒吧,ㄐㄧㄡˇ ㄅㄚ,ㄐㄧㄡˇ ˙ㄅㄚ,吧:˙ㄅㄚ→ㄅㄚ(IVS+1),IVS可修,
舅舅,ㄐㄧㄡˋ ˙ㄐㄧㄡ,ㄐㄧㄡˋ ㄐㄧㄡˋ,舅:ㄐㄧㄡˋ→˙ㄐㄧㄡ(IVS+1),IVS可修,
舊地重遊,ㄐㄧㄡˋ ㄉㄧˋ ㄔㄨㄥˊ ㄧㄡˊ,ㄐㄧㄡˋ ㄉㄧˋ ㄓㄨㄥˋ ㄧㄡˊ,重:ㄓㄨㄥˋ→ㄔㄨㄥˊ(IVS+1),IVS可修,
舊調重彈,ㄐㄧㄡˋ ㄉㄧㄠˋ ㄔㄨㄥˊ ㄊㄢˊ,ㄐㄧㄡˋ ㄊㄧㄠˊ ㄓㄨㄥˋ ㄉㄢˋ,調:ㄊㄧㄠˊ→ㄉㄧㄠˋ(IVS+1); 重:ㄓㄨㄥˋ→ㄔㄨㄥˊ(IVS+1); 彈:ㄉㄢˋ→ㄊㄢˊ(IVS+1),IVS可修,
救難,ㄐㄧㄡˋ ㄋㄢˋ,ㄐㄧㄡˋ ㄋㄢˊ,難:ㄋㄢˊ→ㄋㄢˋ(IVS+1),IVS可修,
救苦救難,ㄐㄧㄡˋ ㄎㄨˇ ㄐㄧㄡˋ ㄋㄢˋ,ㄐㄧㄡˋ ㄎㄨˇ ㄐㄧㄡˋ ㄋㄢˊ,難:ㄋㄢˊ→ㄋㄢˋ(IVS+1),IVS可修,
兼差,ㄐㄧㄢ ㄔㄞ,ㄐㄧㄢ ㄔㄚ,差:ㄔㄚ→ㄔㄞ(IVS+1),IVS可修,
撿便宜,ㄐㄧㄢˇ ㄆㄧㄢˊ ㄧˊ,ㄐㄧㄢˇ ㄅㄧㄢˋ ㄧˊ,便:ㄅㄧㄢˋ→ㄆㄧㄢˊ(IVS+1),IVS可修,
建都,ㄐㄧㄢˋ ㄉㄨ,ㄐㄧㄢˋ ㄉㄡ,都:ㄉㄡ→ㄉㄨ(IVS+1),IVS可修,
健將,ㄐㄧㄢˋ ㄐㄧㄤˋ,ㄐㄧㄢˋ ㄐㄧㄤ,將:ㄐㄧㄤ→ㄐㄧㄤˋ(IVS+1),IVS可修,
毽子,ㄐㄧㄢˋ ˙ㄗ,ㄐㄧㄢˋ ㄗˇ,子:ㄗˇ→˙ㄗ(IVS+1),IVS可修,
間不容髮,ㄐㄧㄢˋ ㄅㄨˋ ㄖㄨㄥˊ ㄈㄚˇ,ㄐㄧㄢ ㄅㄨˋ ㄖㄨㄥˊ ㄈㄚˇ,間:ㄐㄧㄢ→ㄐㄧㄢˋ(IVS+1),IVS可修,
間諜,ㄐㄧㄢˋ ㄉㄧㄝˊ,ㄐㄧㄢ ㄉㄧㄝˊ,間:ㄐㄧㄢ→ㄐㄧㄢˋ(IVS+1),IVS可修,
間斷,ㄐㄧㄢˋ ㄉㄨㄢˋ,ㄐㄧㄢ ㄉㄨㄢˋ,間:ㄐㄧㄢ→ㄐㄧㄢˋ(IVS+1),IVS可修,
間隔,ㄐㄧㄢˋ ㄍㄜˊ,ㄐㄧㄢ ㄍㄜˊ,間:ㄐㄧㄢ→ㄐㄧㄢˋ(IVS+1),IVS可修,
間接,ㄐㄧㄢˋ ㄐㄧㄝ,ㄐㄧㄢ ㄐㄧㄝ,間:ㄐㄧㄢ→ㄐㄧㄢˋ(IVS+1),IVS可修,
間隙,ㄐㄧㄢˋ ㄒㄧˋ,ㄐㄧㄢ ㄒㄧˋ,間:ㄐㄧㄢ→ㄐㄧㄢˋ(IVS+1),IVS可修,
間歇,ㄐㄧㄢˋ ㄒㄧㄝ,ㄐㄧㄢ ㄒㄧㄝ,間:ㄐㄧㄢ→ㄐㄧㄢˋ(IVS+1),IVS可修,
間雜,ㄐㄧㄢˋ ㄗㄚˊ,ㄐㄧㄢ ㄗㄚˊ,間:ㄐㄧㄢ→ㄐㄧㄢˋ(IVS+1),IVS可修,
艦長,ㄐㄧㄢˋ ㄓㄤˇ,ㄐㄧㄢˋ ㄔㄤˊ,長:ㄔㄤˊ→ㄓㄤˇ(IVS+1),IVS可修,
賤骨頭,ㄐㄧㄢˋ ㄍㄨˊ ˙ㄊㄡ,ㄐㄧㄢˋ ㄍㄨˇ ㄊㄡˊ,骨:ㄍㄨˇ→ㄍㄨˊ(IVS+2); 頭:ㄊㄡˊ→˙ㄊㄡ(IVS+1),IVS可修,
金嗓子,ㄐㄧㄣ ㄙㄤˇ ˙ㄗ,ㄐㄧㄣ ㄙㄤˇ ㄗˇ,子:ㄗˇ→˙ㄗ(IVS+1),IVS可修,
禁不起,ㄐㄧㄣ ㄅㄨˋ ㄑㄧˇ,ㄐㄧㄣˋ ㄅㄨˋ ㄑㄧˇ,禁:ㄐㄧㄣˋ→ㄐㄧㄣ(IVS+1),IVS可修,
禁不住,ㄐㄧㄣ ㄅㄨˋ ㄓㄨˋ,ㄐㄧㄣˋ ㄅㄨˋ ㄓㄨˋ,禁:ㄐㄧㄣˋ→ㄐㄧㄣ(IVS+1),IVS可修,
緊急處分,ㄐㄧㄣˇ ㄐㄧˊ ㄔㄨˇ ㄈㄣˋ,ㄐㄧㄣˇ ㄐㄧˊ ㄔㄨˇ ㄈㄣ,分:ㄈㄣ→ㄈㄣˋ(IVS+1),IVS可修,
近處,ㄐㄧㄣˋ ㄔㄨˋ,ㄐㄧㄣˋ ㄔㄨˇ,處:ㄔㄨˇ→ㄔㄨˋ(IVS+1),IVS可修,
盡興,ㄐㄧㄣˋ ㄒㄧㄥˋ,ㄐㄧㄣˋ ㄒㄧㄥ,興:ㄒㄧㄥ→ㄒㄧㄥˋ(IVS+1),IVS可修,
漿糊,ㄐㄧㄤˋ ㄏㄨˊ,ㄐㄧㄤ ㄏㄨˊ,漿:ㄐㄧㄤ→ㄐㄧㄤˋ(IVS+1),IVS可修,
將門虎子,ㄐㄧㄤˋ ㄇㄣˊ ㄏㄨˇ ㄗˇ,ㄐㄧㄤ ㄇㄣˊ ㄏㄨˇ ㄗˇ,將:ㄐㄧㄤ→ㄐㄧㄤˋ(IVS+1),IVS可修,
將領,ㄐㄧㄤˋ ㄌㄧㄥˇ,ㄐㄧㄤ ㄌㄧㄥˇ,將:ㄐㄧㄤ→ㄐㄧㄤˋ(IVS+1),IVS可修,
將令,ㄐㄧㄤˋ ㄌㄧㄥˋ,ㄐㄧㄤ ㄌㄧㄥˋ,將:ㄐㄧㄤ→ㄐㄧㄤˋ(IVS+1),IVS可修,
將略,ㄐㄧㄤˋ ㄌㄩㄝˋ,ㄐㄧㄤ ㄌㄩㄝˋ,將:ㄐㄧㄤ→ㄐㄧㄤˋ(IVS+1),IVS可修,
將士,ㄐㄧㄤˋ ㄕˋ,ㄐㄧㄤ ㄕˋ,將:ㄐㄧㄤ→ㄐㄧㄤˋ(IVS+1),IVS可修,
將士用命,ㄐㄧㄤˋ ㄕˋ ㄩㄥˋ ㄇㄧㄥˋ,ㄐㄧㄤ ㄕˋ ㄩㄥˋ ㄇㄧㄥˋ,將:ㄐㄧㄤ→ㄐㄧㄤˋ(IVS+1),IVS可修,
將才,ㄐㄧㄤˋ ㄘㄞˊ,ㄐㄧㄤ ㄘㄞˊ,將:ㄐㄧㄤ→ㄐㄧㄤˋ(IVS+1),IVS可修,
京片子,ㄐㄧㄥ ㄆㄧㄢˋ ˙ㄗ,ㄐㄧㄥ ㄆㄧㄢˋ ㄗˇ,子:ㄗˇ→˙ㄗ(IVS+1),IVS可修,
菁英分子,ㄐㄧㄥ ㄧㄥ ㄈㄣˋ ㄗˇ,ㄐㄧㄥ ㄧㄥ ㄈㄣ ㄗˇ,分:ㄈㄣ→ㄈㄣˋ(IVS+1),IVS可修,
精挑細選,ㄐㄧㄥ ㄊㄧㄠ ㄒㄧˋ ㄒㄩㄢˇ,ㄐㄧㄥ ㄊㄧㄠˇ ㄒㄧˋ ㄒㄩㄢˇ,挑:ㄊㄧㄠˇ→ㄊㄧㄠ(IVS+1),IVS可修,
經年累月,ㄐㄧㄥ ㄋㄧㄢˊ ㄌㄟˇ ㄩㄝˋ,ㄐㄧㄥ ㄋㄧㄢˊ ㄌㄟˋ ㄩㄝˋ,累:ㄌㄟˋ→ㄌㄟˇ(IVS+1),IVS可修,
經濟成長,ㄐㄧㄥ ㄐㄧˋ ㄔㄥˊ ㄓㄤˇ,ㄐㄧㄥ ㄐㄧˋ ㄔㄥˊ ㄔㄤˊ,長:ㄔㄤˊ→ㄓㄤˇ(IVS+1),IVS可修,
鏡子,ㄐㄧㄥˋ ˙ㄗ,ㄐㄧㄥˋ ㄗˇ,子:ㄗˇ→˙ㄗ(IVS+1),IVS可修,
敬而遠之,ㄐㄧㄥˋ ㄦˊ ㄩㄢˋ ㄓ,ㄐㄧㄥˋ ㄦˊ ㄩㄢˇ ㄓ,遠:ㄩㄢˇ→ㄩㄢˋ(IVS+1),IVS可修,
敬業樂群,ㄐㄧㄥˋ ㄧㄝˋ ㄧㄠˋ ㄑㄩㄣˊ,ㄐㄧㄥˋ ㄧㄝˋ ㄌㄜˋ ㄑㄩㄣˊ,樂:ㄌㄜˋ→ㄧㄠˋ(IVS+2),IVS可修,
拘泥,ㄐㄩ ㄋㄧˋ,ㄐㄩ ㄋㄧˊ,泥:ㄋㄧˊ→ㄋㄧˋ(IVS+1),IVS可修,
居處,ㄐㄩ ㄔㄨˋ,ㄐㄩ ㄔㄨˇ,處:ㄔㄨˇ→ㄔㄨˋ(IVS+1),IVS可修,
橘子,ㄐㄩˊ ˙ㄗ,ㄐㄩˊ ㄗˇ,子:ㄗˇ→˙ㄗ(IVS+1),IVS可修,
沮喪,ㄐㄩˇ ㄙㄤˋ,ㄐㄩˇ ㄙㄤ,喪:ㄙㄤ→ㄙㄤˋ(IVS+1),IVS可修,
咀嚼,ㄐㄩˇ ㄐㄩㄝˊ,ㄐㄩˇ ㄐㄧㄠˊ,嚼:ㄐㄧㄠˊ→ㄐㄩㄝˊ(IVS+1),IVS可修,
枸櫞,ㄐㄩˇ ㄩㄢˊ,ㄍㄡˇ ㄩㄢˊ,枸:ㄍㄡˇ→ㄐㄩˇ(IVS+2),IVS可修,
巨著,ㄐㄩˋ ㄓㄨˋ,ㄐㄩˋ ˙ㄓㄜ,著:˙ㄓㄜ→ㄓㄨˋ(IVS+1),IVS可修,
鉅著,ㄐㄩˋ ㄓㄨˋ,ㄐㄩˋ ˙ㄓㄜ,著:˙ㄓㄜ→ㄓㄨˋ(IVS+1),IVS可修,
句讀,ㄐㄩˋ ㄉㄡˋ,ㄐㄩˋ ㄉㄨˊ,讀:ㄉㄨˊ→ㄉㄡˋ(IVS+1),IVS可修,
句子,ㄐㄩˋ ˙ㄗ,ㄐㄩˋ ㄗˇ,子:ㄗˇ→˙ㄗ(IVS+1),IVS可修,
倨傲鮮腆,ㄐㄩˋ ㄠˋ ㄒㄧㄢˇ ㄊㄧㄢˇ,ㄐㄩˋ ㄠˋ ㄒㄧㄢ ㄊㄧㄢˇ,鮮:ㄒㄧㄢ→ㄒㄧㄢˇ(IVS+1),IVS可修,
鋸子,ㄐㄩˋ ˙ㄗ,ㄐㄩˋ ㄗˇ,子:ㄗˇ→˙ㄗ(IVS+1),IVS可修,
瞿然,ㄐㄩˋ ㄖㄢˊ,ㄑㄩˊ ㄖㄢˊ,瞿:ㄑㄩˊ→ㄐㄩˋ(IVS+1),IVS可修,
角色,ㄐㄩㄝˊ ㄙㄜˋ,ㄐㄧㄠˇ ㄙㄜˋ,角:ㄐㄧㄠˇ→ㄐㄩㄝˊ(IVS+1),IVS可修,
倔強,ㄐㄩㄝˊ ㄐㄧㄤˋ,ㄐㄩㄝˊ ㄑㄧㄤˊ,強:ㄑㄧㄤˊ→ㄐㄧㄤˋ(IVS+2),IVS可修,
絕處逢生,ㄐㄩㄝˊ ㄔㄨˋ ㄈㄥˊ ㄕㄥ,ㄐㄩㄝˊ ㄔㄨˇ ㄈㄥˊ ㄕㄥ,處:ㄔㄨˇ→ㄔㄨˋ(IVS+1),IVS可修,
爵士樂,ㄐㄩㄝˊ ㄕˋ ㄩㄝˋ,ㄐㄩㄝˊ ㄕˋ ㄌㄜˋ,樂:ㄌㄜˋ→ㄩㄝˋ(IVS+1),IVS可修,
嚼蠟,ㄐㄩㄝˊ ㄌㄚˋ,ㄐㄧㄠˊ ㄌㄚˋ,嚼:ㄐㄧㄠˊ→ㄐㄩㄝˊ(IVS+1),IVS可修,
覺得,ㄐㄩㄝˊ ˙ㄉㄜ,ㄐㄩㄝˊ ㄉㄜˊ,得:ㄉㄜˊ→˙ㄉㄜ(IVS+1),IVS可修,
身毒,ㄐㄩㄢ ㄉㄨˊ,ㄕㄣ ㄉㄨˊ,身:ㄕㄣ→ㄐㄩㄢ(IVS+1),IVS可修,
卷雲,ㄐㄩㄢˇ ㄩㄣˊ,ㄐㄩㄢˋ ㄩㄣˊ,卷:ㄐㄩㄢˋ→ㄐㄩㄢˇ(IVS+1),IVS可修,
捲土重來,ㄐㄩㄢˇ ㄊㄨˇ ㄔㄨㄥˊ ㄌㄞˊ,ㄐㄩㄢˇ ㄊㄨˇ ㄓㄨㄥˋ ㄌㄞˊ,重:ㄓㄨㄥˋ→ㄔㄨㄥˊ(IVS+1),IVS可修,
捲曲,ㄐㄩㄢˇ ㄑㄩ,ㄐㄩㄢˇ ㄑㄩˇ,曲:ㄑㄩˇ→ㄑㄩ(IVS+1),IVS可修,
龜裂,ㄐㄩㄣ ㄌㄧㄝˋ,ㄍㄨㄟ ㄌㄧㄝˋ,龜:ㄍㄨㄟ→ㄐㄩㄣ(IVS+1),IVS可修,
棋高一著,ㄑㄧˊ ㄍㄠ ㄧ ㄓㄨㄛˊ,ㄑㄧˊ ㄍㄠ ㄧ ˙ㄓㄜ,著:˙ㄓㄜ→ㄓㄨㄛˊ(IVS+4),IVS可修,
旗鼓相當,ㄑㄧˊ ㄍㄨˇ ㄒㄧㄤ ㄉㄤ,ㄑㄧˊ ㄍㄨˇ ㄒㄧㄤˋ ㄉㄤ,相:ㄒㄧㄤˋ→ㄒㄧㄤ(IVS+1),IVS可修,
旗子,ㄑㄧˊ ˙ㄗ,ㄑㄧˊ ㄗˇ,子:ㄗˇ→˙ㄗ(IVS+1),IVS可修,
騎縫,ㄑㄧˊ ㄈㄥˋ,ㄑㄧˊ ㄈㄥˊ,縫:ㄈㄥˊ→ㄈㄥˋ(IVS+1),IVS可修,
起子,ㄑㄧˇ ˙ㄗ,ㄑㄧˇ ㄗˇ,子:ㄗˇ→˙ㄗ(IVS+1),IVS可修,
稽首,ㄑㄧˇ ㄕㄡˇ,ㄐㄧ ㄕㄡˇ,稽:ㄐㄧ→ㄑㄧˇ(IVS+1),IVS可修,
氣勢磅礴,ㄑㄧˋ ㄕˋ ㄆㄤ ㄅㄛˊ,ㄑㄧˋ ㄕˋ ㄅㄤˋ ㄅㄛˊ,磅:ㄅㄤˋ→ㄆㄤ(IVS+1),IVS可修,
氣味相投,ㄑㄧˋ ㄨㄟˋ ㄒㄧㄤ ㄊㄡˊ,ㄑㄧˋ ㄨㄟˋ ㄒㄧㄤˋ ㄊㄡˊ,相:ㄒㄧㄤˋ→ㄒㄧㄤ(IVS+1),IVS可修,
棄車保帥,ㄑㄧˋ ㄐㄩ ㄅㄠˇ ㄕㄨㄞˋ,ㄑㄧˋ ㄔㄜ ㄅㄠˇ ㄕㄨㄞˋ,車:ㄔㄜ→ㄐㄩ(IVS+1),IVS可修,
器樂,ㄑㄧˋ ㄩㄝˋ,ㄑㄧˋ ㄌㄜˋ,樂:ㄌㄜˋ→ㄩㄝˋ(IVS+1),IVS可修,
恰到好處,ㄑㄧㄚˋ ㄉㄠˋ ㄏㄠˇ ㄔㄨˋ,ㄑㄧㄚˋ ㄉㄠˋ ㄏㄠˇ ㄔㄨˇ,處:ㄔㄨˇ→ㄔㄨˋ(IVS+1),IVS可修,
恰當,ㄑㄧㄚˋ ㄉㄤˋ,ㄑㄧㄚˋ ㄉㄤ,當:ㄉㄤ→ㄉㄤˋ(IVS+1),IVS可修,
恰如其分,ㄑㄧㄚˋ ㄖㄨˊ ㄑㄧˊ ㄈㄣˋ,ㄑㄧㄚˋ ㄖㄨˊ ㄑㄧˊ ㄈㄣ,分:ㄈㄣ→ㄈㄣˋ(IVS+1),IVS可修,
伽藍,ㄑㄧㄝˊ ㄌㄢˊ,ㄐㄧㄚ ㄌㄢˊ,伽:ㄐㄧㄚ→ㄑㄧㄝˊ(IVS+1),IVS可修,
茄子,ㄑㄧㄝˊ ˙ㄗ,ㄑㄧㄝˊ ㄗˇ,子:ㄗˇ→˙ㄗ(IVS+1),IVS可修,
切盼,ㄑㄧㄝˋ ㄆㄢˋ,ㄑㄧㄝ ㄆㄢˋ,切:ㄑㄧㄝ→ㄑㄧㄝˋ(IVS+1),IVS可修,
切莫,ㄑㄧㄝˋ ㄇㄛˋ,ㄑㄧㄝ ㄇㄛˋ,切:ㄑㄧㄝ→ㄑㄧㄝˋ(IVS+1),IVS可修,
切脈,ㄑㄧㄝˋ ㄇㄞˋ,ㄑㄧㄝ ㄇㄞˋ,切:ㄑㄧㄝ→ㄑㄧㄝˋ(IVS+1),IVS可修,
切膚之痛,ㄑㄧㄝˋ ㄈㄨ ㄓ ㄊㄨㄥˋ,ㄑㄧㄝ ㄈㄨ ㄓ ㄊㄨㄥˋ,切:ㄑㄧㄝ→ㄑㄧㄝˋ(IVS+1),IVS可修,
切合,ㄑㄧㄝˋ ㄏㄜˊ,ㄑㄧㄝ ㄏㄜˊ,切:ㄑㄧㄝ→ㄑㄧㄝˋ(IVS+1),IVS可修,
切忌,ㄑㄧㄝˋ ㄐㄧˋ,ㄑㄧㄝ ㄐㄧˋ,切:ㄑㄧㄝ→ㄑㄧㄝˋ(IVS+1),IVS可修,
切記,ㄑㄧㄝˋ ㄐㄧˋ,ㄑㄧㄝ ㄐㄧˋ,切:ㄑㄧㄝ→ㄑㄧㄝˋ(IVS+1),IVS可修,
切結,ㄑㄧㄝˋ ㄐㄧㄝˊ,ㄑㄧㄝ ㄐㄧㄝˊ,切:ㄑㄧㄝ→ㄑㄧㄝˋ(IVS+1),IVS可修,
切結書,ㄑㄧㄝˋ ㄐㄧㄝˊ ㄕㄨ,ㄑㄧㄝ ㄐㄧㄝˊ ㄕㄨ,切:ㄑㄧㄝ→ㄑㄧㄝˋ(IVS+1),IVS可修,
切中時弊,ㄑㄧㄝˋ ㄓㄨㄥˋ ㄕˊ ㄅㄧˋ,ㄑㄧㄝ ㄓㄨㄥ ㄕˊ ㄅㄧˋ,切:ㄑㄧㄝ→ㄑㄧㄝˋ(IVS+1); 中:ㄓㄨㄥ→ㄓㄨㄥˋ(IVS+1),IVS可修,
切齒,ㄑㄧㄝˋ ㄔˇ,ㄑㄧㄝ ㄔˇ,切:ㄑㄧㄝ→ㄑㄧㄝˋ(IVS+1),IVS可修,
切實,ㄑㄧㄝˋ ㄕˊ,ㄑㄧㄝ ㄕˊ,切:ㄑㄧㄝ→ㄑㄧㄝˋ(IVS+1),IVS可修,
切身,ㄑㄧㄝˋ ㄕㄣ,ㄑㄧㄝ ㄕㄣ,切:ㄑㄧㄝ→ㄑㄧㄝˋ(IVS+1),IVS可修,
切勿,ㄑㄧㄝˋ ㄨˋ,ㄑㄧㄝ ㄨˋ,切:ㄑㄧㄝ→ㄑㄧㄝˋ(IVS+1),IVS可修,
蹺辮子,ㄑㄧㄠ ㄅㄧㄢˋ ˙ㄗ,ㄑㄧㄠ ㄅㄧㄢˋ ㄗˇ,子:ㄗˇ→˙ㄗ(IVS+1),IVS可修,
翹楚,ㄑㄧㄠˊ ㄔㄨˇ,ㄑㄧㄠˋ ㄔㄨˇ,翹:ㄑㄧㄠˋ→ㄑㄧㄠˊ(IVS+1),IVS可修,
翹首,ㄑㄧㄠˊ ㄕㄡˇ,ㄑㄧㄠˋ ㄕㄡˇ,翹:ㄑㄧㄠˋ→ㄑㄧㄠˊ(IVS+1),IVS可修,
翹首盼望,ㄑㄧㄠˊ ㄕㄡˇ ㄆㄢˋ ㄨㄤˋ,ㄑㄧㄠˋ ㄕㄡˇ ㄆㄢˋ ㄨㄤˋ,翹:ㄑㄧㄠˋ→ㄑㄧㄠˊ(IVS+1),IVS可修,
翹辮子,ㄑㄧㄠˋ ㄅㄧㄢˋ ˙ㄗ,ㄑㄧㄠˋ ㄅㄧㄢˋ ㄗˇ,子:ㄗˇ→˙ㄗ(IVS+1),IVS可修,
龜茲,ㄑㄧㄡ ㄘˊ,ㄍㄨㄟ ㄗ,龜:ㄍㄨㄟ→ㄑㄧㄡ(IVS+2); 茲:ㄗ→ㄘˊ(IVS+1),IVS可修,
求好心切,ㄑㄧㄡˊ ㄏㄠˇ ㄒㄧㄣ ㄑㄧㄝˋ,ㄑㄧㄡˊ ㄏㄠˇ ㄒㄧㄣ ㄑㄧㄝ,切:ㄑㄧㄝ→ㄑㄧㄝˋ(IVS+1),IVS可修,
酋長,ㄑㄧㄡˊ ㄓㄤˇ,ㄑㄧㄡˊ ㄔㄤˊ,長:ㄔㄤˊ→ㄓㄤˇ(IVS+1),IVS可修,
千挑萬選,ㄑㄧㄢ ㄊㄧㄠ ㄨㄢˋ ㄒㄩㄢˇ,ㄑㄧㄢ ㄊㄧㄠˇ ㄨㄢˋ ㄒㄩㄢˇ,挑:ㄊㄧㄠˇ→ㄊㄧㄠ(IVS+1),IVS可修,
千載難逢,ㄑㄧㄢ ㄗㄞˇ ㄋㄢˊ ㄈㄥˊ,ㄑㄧㄢ ㄗㄞˋ ㄋㄢˊ ㄈㄥˊ,載:ㄗㄞˋ→ㄗㄞˇ(IVS+1),IVS可修,
牽強,ㄑㄧㄢ ㄑㄧㄤˇ,ㄑㄧㄢ ㄑㄧㄤˊ,強:ㄑㄧㄤˊ→ㄑㄧㄤˇ(IVS+1),IVS可修,
牽強附會,ㄑㄧㄢ ㄑㄧㄤˇ ㄈㄨˋ ㄏㄨㄟˋ,ㄑㄧㄢ ㄑㄧㄤˊ ㄈㄨˋ ㄏㄨㄟˋ,強:ㄑㄧㄤˊ→ㄑㄧㄤˇ(IVS+1),IVS可修,
鉛中毒,ㄑㄧㄢ ㄓㄨㄥˋ ㄉㄨˊ,ㄑㄧㄢ ㄓㄨㄥ ㄉㄨˊ,中:ㄓㄨㄥ→ㄓㄨㄥˋ(IVS+1),IVS可修,
簽署,ㄑㄧㄢ ㄕㄨˋ,ㄑㄧㄢ ㄕㄨˇ,署:ㄕㄨˇ→ㄕㄨˋ(IVS+1),IVS可修,
遷調,ㄑㄧㄢ ㄉㄧㄠˋ,ㄑㄧㄢ ㄊㄧㄠˊ,調:ㄊㄧㄠˊ→ㄉㄧㄠˋ(IVS+1),IVS可修,
遷都,ㄑㄧㄢ ㄉㄨ,ㄑㄧㄢ ㄉㄡ,都:ㄉㄡ→ㄉㄨ(IVS+1),IVS可修,
前頭,ㄑㄧㄢˊ ˙ㄊㄡ,ㄑㄧㄢˊ ㄊㄡˊ,頭:ㄊㄡˊ→˙ㄊㄡ(IVS+1),IVS可修,
乾坤,ㄑㄧㄢˊ ㄎㄨㄣ,ㄍㄢ ㄎㄨㄣ,乾:ㄍㄢ→ㄑㄧㄢˊ(IVS+1),IVS可修,
鉗子,ㄑㄧㄢˊ ˙ㄗ,ㄑㄧㄢˊ ㄗˇ,子:ㄗˇ→˙ㄗ(IVS+1),IVS可修,
欠當,ㄑㄧㄢˋ ㄉㄤˋ,ㄑㄧㄢˋ ㄉㄤ,當:ㄉㄤ→ㄉㄤˋ(IVS+1),IVS可修,
欽差,ㄑㄧㄣ ㄔㄞ,ㄑㄧㄣ ㄔㄚ,差:ㄔㄚ→ㄔㄞ(IVS+1),IVS可修,
親切,ㄑㄧㄣ ㄑㄧㄝˋ,ㄑㄧㄣ ㄑㄧㄝ,切:ㄑㄧㄝ→ㄑㄧㄝˋ(IVS+1),IVS可修,
腔調,ㄑㄧㄤ ㄉㄧㄠˋ,ㄑㄧㄤ ㄊㄧㄠˊ,調:ㄊㄧㄠˊ→ㄉㄧㄠˋ(IVS+1),IVS可修,
槍把,ㄑㄧㄤ ㄅㄚˋ,ㄑㄧㄤ ㄅㄚˇ,把:ㄅㄚˇ→ㄅㄚˋ(IVS+1),IVS可修,
槍桿子,ㄑㄧㄤ ㄍㄢˇ ˙ㄗ,ㄑㄧㄤ ㄍㄢˇ ㄗˇ,子:ㄗˇ→˙ㄗ(IVS+1),IVS可修,
鏹水,ㄑㄧㄤ ㄕㄨㄟˇ,ㄑㄧㄤˇ ㄕㄨㄟˇ,鏹:ㄑㄧㄤˇ→ㄑㄧㄤ(IVS+1),IVS可修,
強調,ㄑㄧㄤˊ ㄉㄧㄠˋ,ㄑㄧㄤˊ ㄊㄧㄠˊ,調:ㄊㄧㄠˊ→ㄉㄧㄠˋ(IVS+1),IVS可修,
強橫,ㄑㄧㄤˊ ㄏㄥˋ,ㄑㄧㄤˊ ㄏㄥˊ,橫:ㄏㄥˊ→ㄏㄥˋ(IVS+1),IVS可修,
強將手下無弱兵,ㄑㄧㄤˊ ㄐㄧㄤˋ ㄕㄡˇ ㄒㄧㄚˋ ㄨˊ ㄖㄨㄛˋ ㄅㄧㄥ,ㄑㄧㄤˊ ㄐㄧㄤ ㄕㄡˇ ㄒㄧㄚˋ ㄨˊ ㄖㄨㄛˋ ㄅㄧㄥ,將:ㄐㄧㄤ→ㄐㄧㄤˋ(IVS+1),IVS可修,
強盛,ㄑㄧㄤˊ ㄕㄥˋ,ㄑㄧㄤˊ ㄔㄥˊ,盛:ㄔㄥˊ→ㄕㄥˋ(IVS+1),IVS可修,
強迫,ㄑㄧㄤˇ ㄆㄛˋ,ㄑㄧㄤˊ ㄆㄛˋ,強:ㄑㄧㄤˊ→ㄑㄧㄤˇ(IVS+1),IVS可修,
強迫中獎,ㄑㄧㄤˇ ㄆㄛˋ ㄓㄨㄥˋ ㄐㄧㄤˇ,ㄑㄧㄤˊ ㄆㄛˋ ㄓㄨㄥ ㄐㄧㄤˇ,強:ㄑㄧㄤˊ→ㄑㄧㄤˇ(IVS+1); 中:ㄓㄨㄥ→ㄓㄨㄥˋ(IVS+1),IVS可修,
強求,ㄑㄧㄤˇ ㄑㄧㄡˊ,ㄑㄧㄤˊ ㄑㄧㄡˊ,強:ㄑㄧㄤˊ→ㄑㄧㄤˇ(IVS+1),IVS可修,
強行,ㄑㄧㄤˇ ㄒㄧㄥˊ,ㄑㄧㄤˊ ㄒㄧㄥˊ,強:ㄑㄧㄤˊ→ㄑㄧㄤˇ(IVS+1),IVS可修,
強制,ㄑㄧㄤˇ ㄓˋ,ㄑㄧㄤˊ ㄓˋ,強:ㄑㄧㄤˊ→ㄑㄧㄤˇ(IVS+1),IVS可修,
強制保險,ㄑㄧㄤˇ ㄓˋ ㄅㄠˇ ㄒㄧㄢˇ,ㄑㄧㄤˊ ㄓˋ ㄅㄠˇ ㄒㄧㄢˇ,強:ㄑㄧㄤˊ→ㄑㄧㄤˇ(IVS+1),IVS可修,
強制執行,ㄑㄧㄤˇ ㄓˋ ㄓˊ ㄒㄧㄥˊ,ㄑㄧㄤˊ ㄓˋ ㄓˊ ㄒㄧㄥˊ,強:ㄑㄧㄤˊ→ㄑㄧㄤˇ(IVS+1),IVS可修,
強人所難,ㄑㄧㄤˇ ㄖㄣˊ ㄙㄨㄛˇ ㄋㄢˊ,ㄑㄧㄤˊ ㄖㄣˊ ㄙㄨㄛˇ ㄋㄢˊ,強:ㄑㄧㄤˊ→ㄑㄧㄤˇ(IVS+1),IVS可修,
強忍,ㄑㄧㄤˇ ㄖㄣˇ,ㄑㄧㄤˊ ㄖㄣˇ,強:ㄑㄧㄤˊ→ㄑㄧㄤˇ(IVS+1),IVS可修,
強詞奪理,ㄑㄧㄤˇ ㄘˊ ㄉㄨㄛˊ ㄌㄧˇ,ㄑㄧㄤˊ ㄘˊ ㄉㄨㄛˊ ㄌㄧˇ,強:ㄑㄧㄤˊ→ㄑㄧㄤˇ(IVS+1),IVS可修,
強顏歡笑,ㄑㄧㄤˇ ㄧㄢˊ ㄏㄨㄢ ㄒㄧㄠˋ,ㄑㄧㄤˊ ㄧㄢˊ ㄏㄨㄢ ㄒㄧㄠˋ,強:ㄑㄧㄤˊ→ㄑㄧㄤˇ(IVS+1),IVS可修,
搶風頭,ㄑㄧㄤˇ ㄈㄥ ˙ㄊㄡ,ㄑㄧㄤˇ ㄈㄥ ㄊㄡˊ,頭:ㄊㄡˊ→˙ㄊㄡ(IVS+1),IVS可修,
搶盡鋒頭,ㄑㄧㄤˇ ㄐㄧㄣˋ ㄈㄥ ˙ㄊㄡ,ㄑㄧㄤˇ ㄐㄧㄣˋ ㄈㄥ ㄊㄡˊ,頭:ㄊㄡˊ→˙ㄊㄡ(IVS+1),IVS可修,
青少年,ㄑㄧㄥ ㄕㄠˋ ㄋㄧㄢˊ,ㄑㄧㄥ ㄕㄠˇ ㄋㄧㄢˊ,少:ㄕㄠˇ→ㄕㄠˋ(IVS+1),IVS可修,
輕佻,ㄑㄧㄥ ㄊㄧㄠˊ,ㄑㄧㄥ ㄊㄧㄠ,佻:ㄊㄧㄠ→ㄊㄧㄠˊ(IVS+1),IVS可修,
輕車簡從,ㄑㄧㄥ ㄔㄜ ㄐㄧㄢˇ ㄗㄨㄥˋ,ㄑㄧㄥ ㄔㄜ ㄐㄧㄢˇ ㄘㄨㄥˊ,從:ㄘㄨㄥˊ→ㄗㄨㄥˋ(IVS+1),IVS可修,
輕率,ㄑㄧㄥ ㄕㄨㄞˋ,ㄑㄧㄥ ㄌㄩˋ,率:ㄌㄩˋ→ㄕㄨㄞˋ(IVS+1),IVS可修,
輕水反應器,ㄑㄧㄥ ㄕㄨㄟˇ ㄈㄢˇ ㄧㄥˋ ㄑㄧˋ,ㄑㄧㄥ ㄕㄨㄟˇ ㄈㄢˇ ㄧㄥ ㄑㄧˋ,應:ㄧㄥ→ㄧㄥˋ(IVS+1),IVS可修,
輕財好義,ㄑㄧㄥ ㄘㄞˊ ㄏㄠˋ ㄧˋ,ㄑㄧㄥ ㄘㄞˊ ㄏㄠˇ ㄧˋ,好:ㄏㄠˇ→ㄏㄠˋ(IVS+1),IVS可修,
輕音樂,ㄑㄧㄥ ㄧㄣ ㄩㄝˋ,ㄑㄧㄥ ㄧㄣ ㄌㄜˋ,樂:ㄌㄜˋ→ㄩㄝˋ(IVS+1),IVS可修,
傾囊相授,ㄑㄧㄥ ㄋㄤˊ ㄒㄧㄤ ㄕㄡˋ,ㄑㄧㄥ ㄋㄤˊ ㄒㄧㄤˋ ㄕㄡˋ,相:ㄒㄧㄤˋ→ㄒㄧㄤ(IVS+1),IVS可修,
傾軋,ㄑㄧㄥ ㄧㄚˋ,ㄑㄧㄥ ㄍㄚˊ,軋:ㄍㄚˊ→ㄧㄚˋ(IVS+1),IVS可修,
情不自禁,ㄑㄧㄥˊ ㄅㄨˋ ㄗˋ ㄐㄧㄣ,ㄑㄧㄥˊ ㄅㄨˋ ㄗˋ ㄐㄧㄣˋ,禁:ㄐㄧㄣˋ→ㄐㄧㄣ(IVS+1),IVS可修,
情分,ㄑㄧㄥˊ ㄈㄣˋ,ㄑㄧㄥˊ ㄈㄣ,分:ㄈㄣ→ㄈㄣˋ(IVS+1),IVS可修,
情調,ㄑㄧㄥˊ ㄉㄧㄠˋ,ㄑㄧㄥˊ ㄊㄧㄠˊ,調:ㄊㄧㄠˊ→ㄉㄧㄠˋ(IVS+1),IVS可修,
請假,ㄑㄧㄥˇ ㄐㄧㄚˋ,ㄑㄧㄥˇ ㄐㄧㄚˇ,假:ㄐㄧㄚˇ→ㄐㄧㄚˋ(IVS+1),IVS可修,
親家,ㄑㄧㄥˋ ㄐㄧㄚ,ㄑㄧㄣ ㄐㄧㄚ,親:ㄑㄧㄣ→ㄑㄧㄥˋ(IVS+1),IVS可修,
曲棍球,ㄑㄩ ㄍㄨㄣˋ ㄑㄧㄡˊ,ㄑㄩˇ ㄍㄨㄣˋ ㄑㄧㄡˊ,曲:ㄑㄩˇ→ㄑㄩ(IVS+1),IVS可修,
曲解,ㄑㄩ ㄐㄧㄝˇ,ㄑㄩˇ ㄐㄧㄝˇ,曲:ㄑㄩˇ→ㄑㄩ(IVS+1),IVS可修,
曲徑通幽,ㄑㄩ ㄐㄧㄥˋ ㄊㄨㄥ ㄧㄡ,ㄑㄩˇ ㄐㄧㄥˋ ㄊㄨㄥ ㄧㄡ,曲:ㄑㄩˇ→ㄑㄩ(IVS+1),IVS可修,
曲球,ㄑㄩ ㄑㄧㄡˊ,ㄑㄩˇ ㄑㄧㄡˊ,曲:ㄑㄩˇ→ㄑㄩ(IVS+1),IVS可修,
曲線,ㄑㄩ ㄒㄧㄢˋ,ㄑㄩˇ ㄒㄧㄢˋ,曲:ㄑㄩˇ→ㄑㄩ(IVS+1),IVS可修,
曲直,ㄑㄩ ㄓˊ,ㄑㄩˇ ㄓˊ,曲:ㄑㄩˇ→ㄑㄩ(IVS+1),IVS可修,
曲折,ㄑㄩ ㄓㄜˊ,ㄑㄩˇ ㄓㄜˊ,曲:ㄑㄩˇ→ㄑㄩ(IVS+1),IVS可修,
曲折離奇,ㄑㄩ ㄓㄜˊ ㄌㄧˊ ㄑㄧˊ,ㄑㄩˇ ㄓㄜˊ ㄌㄧˊ ㄑㄧˊ,曲:ㄑㄩˇ→ㄑㄩ(IVS+1),IVS可修,
曲尺,ㄑㄩ ㄔˇ,ㄑㄩˇ ㄔˇ,曲:ㄑㄩˇ→ㄑㄩ(IVS+1),IVS可修,
曲水流觴,ㄑㄩ ㄕㄨㄟˇ ㄌㄧㄡˊ ㄕㄤ,ㄑㄩˇ ㄕㄨㄟˇ ㄌㄧㄡˊ ㄕㄤ,曲:ㄑㄩˇ→ㄑㄩ(IVS+1),IVS可修,
曲意逢迎,ㄑㄩ ㄧˋ ㄈㄥˊ ㄧㄥˊ,ㄑㄩˇ ㄧˋ ㄈㄥˊ ㄧㄥˊ,曲:ㄑㄩˇ→ㄑㄩ(IVS+1),IVS可修,
屈指可數,ㄑㄩ ㄓˇ ㄎㄜˇ ㄕㄨˇ,ㄑㄩ ㄓˇ ㄎㄜˇ ㄕㄨˋ,數:ㄕㄨˋ→ㄕㄨˇ(IVS+1),IVS可修,
曲調,ㄑㄩˇ ㄉㄧㄠˋ,ㄑㄩˇ ㄊㄧㄠˊ,調:ㄊㄧㄠˊ→ㄉㄧㄠˋ(IVS+1),IVS可修,
曲高和寡,ㄑㄩˇ ㄍㄠ ㄏㄜˋ ㄍㄨㄚˇ,ㄑㄩˇ ㄍㄠ ㄏㄜˊ ㄍㄨㄚˇ,和:ㄏㄜˊ→ㄏㄜˋ(IVS+2),IVS可修,
曲子,ㄑㄩˇ ˙ㄗ,ㄑㄩˇ ㄗˇ,子:ㄗˇ→˙ㄗ(IVS+1),IVS可修,
去處,ㄑㄩˋ ㄔㄨˋ,ㄑㄩˋ ㄔㄨˇ,處:ㄔㄨˇ→ㄔㄨˋ(IVS+1),IVS可修,
雀屏中選,ㄑㄩㄝˋ ㄆㄧㄥˊ ㄓㄨㄥˋ ㄒㄩㄢˇ,ㄑㄩㄝˋ ㄆㄧㄥˊ ㄓㄨㄥ ㄒㄩㄢˇ,中:ㄓㄨㄥ→ㄓㄨㄥˋ(IVS+1),IVS可修,
確切,ㄑㄩㄝˋ ㄑㄧㄝˋ,ㄑㄩㄝˋ ㄑㄧㄝ,切:ㄑㄧㄝ→ㄑㄧㄝˋ(IVS+1),IVS可修,
圈子,ㄑㄩㄢ ˙ㄗ,ㄑㄩㄢ ㄗˇ,子:ㄗˇ→˙ㄗ(IVS+1),IVS可修,
全軍覆沒,ㄑㄩㄢˊ ㄐㄩㄣ ㄈㄨˋ ㄇㄛˋ,ㄑㄩㄢˊ ㄐㄩㄣ ㄈㄨˋ ㄇㄟˊ,沒:ㄇㄟˊ→ㄇㄛˋ(IVS+1),IVS可修,
全職媽媽,ㄑㄩㄢˊ ㄓˊ ㄇㄚ ˙ㄇㄚ,ㄑㄩㄢˊ ㄓˊ ㄇㄚ ㄇㄚ,媽:ㄇㄚ→˙ㄇㄚ(IVS+1),IVS可修,
全盛,ㄑㄩㄢˊ ㄕㄥˋ,ㄑㄩㄢˊ ㄔㄥˊ,盛:ㄔㄥˊ→ㄕㄥˋ(IVS+1),IVS可修,
拳頭,ㄑㄩㄢˊ ˙ㄊㄡ,ㄑㄩㄢˊ ㄊㄡˊ,頭:ㄊㄡˊ→˙ㄊㄡ(IVS+1),IVS可修,
蜷曲,ㄑㄩㄢˊ ㄑㄩ,ㄑㄩㄢˊ ㄑㄩˇ,曲:ㄑㄩˇ→ㄑㄩ(IVS+1),IVS可修,
犬牙相錯,ㄑㄩㄢˇ ㄧㄚˊ ㄒㄧㄤ ㄘㄨㄛˋ,ㄑㄩㄢˇ ㄧㄚˊ ㄒㄧㄤˋ ㄘㄨㄛˋ,相:ㄒㄧㄤˋ→ㄒㄧㄤ(IVS+1),IVS可修,
裙子,ㄑㄩㄣˊ ˙ㄗ,ㄑㄩㄣˊ ㄗˇ,子:ㄗˇ→˙ㄗ(IVS+1),IVS可修,
窮途潦倒,ㄑㄩㄥˊ ㄊㄨˊ ㄌㄧㄠˊ ㄉㄠˇ,ㄑㄩㄥˊ ㄊㄨˊ ㄌㄧㄠˊ ㄉㄠˋ,倒:ㄉㄠˋ→ㄉㄠˇ(IVS+1),IVS可修,
窮於應付,ㄑㄩㄥˊ ㄩˊ ㄧㄥˋ ㄈㄨˋ,ㄑㄩㄥˊ ㄩˊ ㄧㄥ ㄈㄨˋ,應:ㄧㄥ→ㄧㄥˋ(IVS+1),IVS可修,
西樂,ㄒㄧ ㄩㄝˋ,ㄒㄧ ㄌㄜˋ,樂:ㄌㄜˋ→ㄩㄝˋ(IVS+1),IVS可修,
栖栖,ㄒㄧ ㄒㄧ,ㄑㄧ ㄑㄧ,栖:ㄑㄧ→ㄒㄧ(IVS+1); 栖:ㄑㄧ→ㄒㄧ(IVS+1),IVS可修,
息息相關,ㄒㄧˊ ㄒㄧˊ ㄒㄧㄤ ㄍㄨㄢ,ㄒㄧˊ ㄒㄧˊ ㄒㄧㄤˋ ㄍㄨㄢ,相:ㄒㄧㄤˋ→ㄒㄧㄤ(IVS+1),IVS可修,
喜不自禁,ㄒㄧˇ ㄅㄨˋ ㄗˋ ㄐㄧㄣ,ㄒㄧˇ ㄅㄨˋ ㄗˋ ㄐㄧㄣˋ,禁:ㄐㄧㄣˋ→ㄐㄧㄣ(IVS+1),IVS可修,
喜不自勝,ㄒㄧˇ ㄅㄨˋ ㄗˋ ㄕㄥ,ㄒㄧˇ ㄅㄨˋ ㄗˋ ㄕㄥˋ,勝:ㄕㄥˋ→ㄕㄥ(IVS+1),IVS可修,
喜好,ㄒㄧˇ ㄏㄠˋ,ㄒㄧˇ ㄏㄠˇ,好:ㄏㄠˇ→ㄏㄠˋ(IVS+1),IVS可修,
隙縫,ㄒㄧˋ ㄈㄥˋ,ㄒㄧˋ ㄈㄥˊ,縫:ㄈㄥˊ→ㄈㄥˋ(IVS+1),IVS可修,
戲子,ㄒㄧˋ ˙ㄗ,ㄒㄧˋ ㄗˇ,子:ㄗˇ→˙ㄗ(IVS+1),IVS可修,
戲園子,ㄒㄧˋ ㄩㄢˊ ˙ㄗ,ㄒㄧˋ ㄩㄢˊ ㄗˇ,子:ㄗˇ→˙ㄗ(IVS+1),IVS可修,
蝦兵蟹將,ㄒㄧㄚ ㄅㄧㄥ ㄒㄧㄝˋ ㄐㄧㄤˋ,ㄒㄧㄚ ㄅㄧㄥ ㄒㄧㄝˋ ㄐㄧㄤ,將:ㄐㄧㄤ→ㄐㄧㄤˋ(IVS+1),IVS可修,
瞎子,ㄒㄧㄚ ˙ㄗ,ㄒㄧㄚ ㄗˇ,子:ㄗˇ→˙ㄗ(IVS+1),IVS可修,
匣子,ㄒㄧㄚˊ ˙ㄗ,ㄒㄧㄚˊ ㄗˇ,子:ㄗˇ→˙ㄗ(IVS+1),IVS可修,
狹路相逢,ㄒㄧㄚˊ ㄌㄨˋ ㄒㄧㄤ ㄈㄥˊ,ㄒㄧㄚˊ ㄌㄨˋ ㄒㄧㄤˋ ㄈㄥˊ,相:ㄒㄧㄤˋ→ㄒㄧㄤ(IVS+1),IVS可修,
下輩子,ㄒㄧㄚˋ ㄅㄟˋ ˙ㄗ,ㄒㄧㄚˋ ㄅㄟˋ ㄗˇ,子:ㄗˇ→˙ㄗ(IVS+1),IVS可修,
下半輩子,ㄒㄧㄚˋ ㄅㄢˋ ㄅㄟˋ ˙ㄗ,ㄒㄧㄚˋ ㄅㄢˋ ㄅㄟˋ ㄗˇ,子:ㄗˇ→˙ㄗ(IVS+1),IVS可修,
下不了臺,ㄒㄧㄚˋ ㄅㄨˋ ㄌㄧㄠˇ ㄊㄞˊ,ㄒㄧㄚˋ ㄅㄨˋ ˙ㄌㄜ ㄊㄞˊ,了:˙ㄌㄜ→ㄌㄧㄠˇ(IVS+1),IVS可修,
下頭,ㄒㄧㄚˋ ˙ㄊㄡ,ㄒㄧㄚˋ ㄊㄡˊ,頭:ㄊㄡˊ→˙ㄊㄡ(IVS+1),IVS可修,
下工夫,ㄒㄧㄚˋ ㄍㄨㄥ ˙ㄈㄨ,ㄒㄧㄚˋ ㄍㄨㄥ ㄈㄨ,夫:ㄈㄨ→˙ㄈㄨ(字型無此讀音),字型缺讀音,
下功夫,ㄒㄧㄚˋ ㄍㄨㄥ ˙ㄈㄨ,ㄒㄧㄚˋ ㄍㄨㄥ ㄈㄨ,夫:ㄈㄨ→˙ㄈㄨ(字型無此讀音),字型缺讀音,
楔子,ㄒㄧㄝ ˙ㄗ,ㄒㄧㄝ ㄗˇ,子:ㄗˇ→˙ㄗ(IVS+1),IVS可修,
頡頏,ㄒㄧㄝˊ ㄏㄤˊ,ㄐㄧㄝˊ ㄏㄤˊ,頡:ㄐㄧㄝˊ→ㄒㄧㄝˊ(IVS+1),IVS可修,
鞋拔子,ㄒㄧㄝˊ ㄅㄚˊ ˙ㄗ,ㄒㄧㄝˊ ㄅㄚˊ ㄗˇ,子:ㄗˇ→˙ㄗ(IVS+1),IVS可修,
鞋子,ㄒㄧㄝˊ ˙ㄗ,ㄒㄧㄝˊ ㄗˇ,子:ㄗˇ→˙ㄗ(IVS+1),IVS可修,
血債血還,ㄒㄧㄝˇ ㄓㄞˋ ㄒㄧㄝˇ ㄏㄨㄢˊ,ㄒㄧㄝˇ ㄓㄞˋ ㄒㄧㄝˇ ㄏㄞˊ,還:ㄏㄞˊ→ㄏㄨㄢˊ(IVS+1),IVS可修,
血肉相連,ㄒㄧㄝˇ ㄖㄡˋ ㄒㄧㄤ ㄌㄧㄢˊ,ㄒㄧㄝˇ ㄖㄡˋ ㄒㄧㄤˋ ㄌㄧㄢˊ,相:ㄒㄧㄤˋ→ㄒㄧㄤ(IVS+1),IVS可修,
解縣,ㄒㄧㄝˋ ㄒㄧㄢˋ,ㄐㄧㄝˇ ㄒㄧㄢˋ,解:ㄐㄧㄝˇ→ㄒㄧㄝˋ(IVS+2),IVS可修,
消長,ㄒㄧㄠ ㄓㄤˇ,ㄒㄧㄠ ㄔㄤˊ,長:ㄔㄤˊ→ㄓㄤˇ(IVS+1),IVS可修,
銷假,ㄒㄧㄠ ㄐㄧㄚˋ,ㄒㄧㄠ ㄐㄧㄚˇ,假:ㄐㄧㄚˇ→ㄐㄧㄚˋ(IVS+1),IVS可修,
小本生意,ㄒㄧㄠˇ ㄅㄣˇ ㄕㄥ ˙ㄧ,ㄒㄧㄠˇ ㄅㄣˇ ㄕㄥ ㄧˋ,意:ㄧˋ→˙ㄧ(字型無此讀音),字型缺讀音,
小辮子,ㄒㄧㄠˇ ㄅㄧㄢˋ ˙ㄗ,ㄒㄧㄠˇ ㄅㄧㄢˋ ㄗˇ,子:ㄗˇ→˙ㄗ(IVS+1),IVS可修,
小毛頭,ㄒㄧㄠˇ ㄇㄠˊ ˙ㄊㄡ,ㄒㄧㄠˇ ㄇㄠˊ ㄊㄡˊ,頭:ㄊㄡˊ→˙ㄊㄡ(IVS+1),IVS可修,
小調,ㄒㄧㄠˇ ㄉㄧㄠˋ,ㄒㄧㄠˇ ㄊㄧㄠˊ,調:ㄊㄧㄠˊ→ㄉㄧㄠˋ(IVS+1),IVS可修,
小妮子,ㄒㄧㄠˇ ㄋㄧˊ ˙ㄗ,ㄒㄧㄠˇ ㄋㄧˊ ㄗˇ,子:ㄗˇ→˙ㄗ(IVS+1),IVS可修,
小伙子,ㄒㄧㄠˇ ㄏㄨㄛˇ ˙ㄗ,ㄒㄧㄠˇ ㄏㄨㄛˇ ㄗˇ,子:ㄗˇ→˙ㄗ(IVS+1),IVS可修,
小夥子,ㄒㄧㄠˇ ㄏㄨㄛˇ ˙ㄗ,ㄒㄧㄠˇ ㄏㄨㄛˇ ㄗˇ,子:ㄗˇ→˙ㄗ(IVS+1),IVS可修,
小舅子,ㄒㄧㄠˇ ㄐㄧㄡˋ ˙ㄗ,ㄒㄧㄠˇ ㄐㄧㄡˋ ㄗˇ,子:ㄗˇ→˙ㄗ(IVS+1),IVS可修,
小圈子,ㄒㄧㄠˇ ㄑㄩㄢ ˙ㄗ,ㄒㄧㄠˇ ㄑㄩㄢ ㄗˇ,子:ㄗˇ→˙ㄗ(IVS+1),IVS可修,
小傳,ㄒㄧㄠˇ ㄓㄨㄢˋ,ㄒㄧㄠˇ ㄔㄨㄢˊ,傳:ㄔㄨㄢˊ→ㄓㄨㄢˋ(IVS+1),IVS可修,
小姨子,ㄒㄧㄠˇ ㄧˊ ˙ㄗ,ㄒㄧㄠˇ ㄧˊ ㄗˇ,子:ㄗˇ→˙ㄗ(IVS+1),IVS可修,
小意思,ㄒㄧㄠˇ ㄧˋ ˙ㄙ,ㄒㄧㄠˇ ㄧˋ ㄙ,思:ㄙ→˙ㄙ(IVS+2),IVS可修,
曉得,ㄒㄧㄠˇ ˙ㄉㄜ,ㄒㄧㄠˇ ㄉㄜˊ,得:ㄉㄜˊ→˙ㄉㄜ(IVS+1),IVS可修,
效應,ㄒㄧㄠˋ ㄧㄥˋ,ㄒㄧㄠˋ ㄧㄥ,應:ㄧㄥ→ㄧㄥˋ(IVS+1),IVS可修,
校長,ㄒㄧㄠˋ ㄓㄤˇ,ㄒㄧㄠˋ ㄔㄤˊ,長:ㄔㄤˊ→ㄓㄤˇ(IVS+1),IVS可修,
休假,ㄒㄧㄡ ㄐㄧㄚˋ,ㄒㄧㄡ ㄐㄧㄚˇ,假:ㄐㄧㄚˇ→ㄐㄧㄚˋ(IVS+1),IVS可修,
休戚相關,ㄒㄧㄡ ㄑㄧ ㄒㄧㄤ ㄍㄨㄢ,ㄒㄧㄡ ㄑㄧ ㄒㄧㄤˋ ㄍㄨㄢ,相:ㄒㄧㄤˋ→ㄒㄧㄤ(IVS+1),IVS可修,
羞答答,ㄒㄧㄡ ㄉㄚ ㄉㄚ,ㄒㄧㄡ ㄉㄚˊ ㄉㄚˊ,答:ㄉㄚˊ→ㄉㄚ(IVS+1); 答:ㄉㄚˊ→ㄉㄚ(IVS+1),IVS可修,
袖子,ㄒㄧㄡˋ ˙ㄗ,ㄒㄧㄡˋ ㄗˇ,子:ㄗˇ→˙ㄗ(IVS+1),IVS可修,
繡花枕頭,ㄒㄧㄡˋ ㄏㄨㄚ ㄓㄣˇ ˙ㄊㄡ,ㄒㄧㄡˋ ㄏㄨㄚ ㄓㄣˇ ㄊㄡˊ,頭:ㄊㄡˊ→˙ㄊㄡ(IVS+1),IVS可修,
仙樂,ㄒㄧㄢ ㄩㄝˋ,ㄒㄧㄢ ㄌㄜˋ,樂:ㄌㄜˋ→ㄩㄝˋ(IVS+1),IVS可修,
弦樂,ㄒㄧㄢˊ ㄩㄝˋ,ㄒㄧㄢˊ ㄌㄜˋ,樂:ㄌㄜˋ→ㄩㄝˋ(IVS+1),IVS可修,
弦樂器,ㄒㄧㄢˊ ㄩㄝˋ ㄑㄧˋ,ㄒㄧㄢˊ ㄌㄜˋ ㄑㄧˋ,樂:ㄌㄜˋ→ㄩㄝˋ(IVS+1),IVS可修,
閒散,ㄒㄧㄢˊ ㄙㄢˇ,ㄒㄧㄢˊ ㄙㄢˋ,散:ㄙㄢˋ→ㄙㄢˇ(IVS+1),IVS可修,
嫌惡,ㄒㄧㄢˊ ㄨˋ,ㄒㄧㄢˊ ㄜˋ,惡:ㄜˋ→ㄨˋ(IVS+1),IVS可修,
鮮少,ㄒㄧㄢˇ ㄕㄠˇ,ㄒㄧㄢ ㄕㄠˇ,鮮:ㄒㄧㄢ→ㄒㄧㄢˇ(IVS+1),IVS可修,
鮮為人知,ㄒㄧㄢˇ ㄨㄟˊ ㄖㄣˊ ㄓ,ㄒㄧㄢ ㄨㄟˊ ㄖㄣˊ ㄓ,鮮:ㄒㄧㄢ→ㄒㄧㄢˇ(IVS+1),IVS可修,
顯著,ㄒㄧㄢˇ ㄓㄨˋ,ㄒㄧㄢˇ ˙ㄓㄜ,著:˙ㄓㄜ→ㄓㄨˋ(IVS+1),IVS可修,
縣長,ㄒㄧㄢˋ ㄓㄤˇ,ㄒㄧㄢˋ ㄔㄤˊ,長:ㄔㄤˊ→ㄓㄤˇ(IVS+1),IVS可修,
心電感應,ㄒㄧㄣ ㄉㄧㄢˋ ㄍㄢˇ ㄧㄥˋ,ㄒㄧㄣ ㄉㄧㄢˋ ㄍㄢˇ ㄧㄥ,應:ㄧㄥ→ㄧㄥˋ(IVS+1),IVS可修,
心廣體胖,ㄒㄧㄣ ㄍㄨㄤˇ ㄊㄧˇ ㄆㄢˊ,ㄒㄧㄣ ㄍㄨㄤˇ ㄊㄧˇ ㄆㄤˋ,胖:ㄆㄤˋ→ㄆㄢˊ(IVS+1),IVS可修,
心肌梗塞,ㄒㄧㄣ ㄐㄧ ㄍㄥˇ ㄙㄜˋ,ㄒㄧㄣ ㄐㄧ ㄍㄥˇ ㄙㄞ,塞:ㄙㄞ→ㄙㄜˋ(IVS+1),IVS可修,
心切,ㄒㄧㄣ ㄑㄧㄝˋ,ㄒㄧㄣ ㄑㄧㄝ,切:ㄑㄧㄝ→ㄑㄧㄝˋ(IVS+1),IVS可修,
心曲,ㄒㄧㄣ ㄑㄩ,ㄒㄧㄣ ㄑㄩˇ,曲:ㄑㄩˇ→ㄑㄩ(IVS+1),IVS可修,
心心相印,ㄒㄧㄣ ㄒㄧㄣ ㄒㄧㄤ ㄧㄣˋ,ㄒㄧㄣ ㄒㄧㄣ ㄒㄧㄤˋ ㄧㄣˋ,相:ㄒㄧㄤˋ→ㄒㄧㄤ(IVS+1),IVS可修,
心事重重,ㄒㄧㄣ ㄕˋ ㄔㄨㄥˊ ㄔㄨㄥˊ,ㄒㄧㄣ ㄕˋ ㄓㄨㄥˋ ㄓㄨㄥˋ,重:ㄓㄨㄥˋ→ㄔㄨㄥˊ(IVS+1); 重:ㄓㄨㄥˋ→ㄔㄨㄥˊ(IVS+1),IVS可修,
薪火相傳,ㄒㄧㄣ ㄏㄨㄛˇ ㄒㄧㄤ ㄔㄨㄢˊ,ㄒㄧㄣ ㄏㄨㄛˇ ㄒㄧㄤˋ ㄔㄨㄢˊ,相:ㄒㄧㄤˋ→ㄒㄧㄤ(IVS+1),IVS可修,
薪給,ㄒㄧㄣ ㄐㄧˇ,ㄒㄧㄣ ㄍㄟˇ,給:ㄍㄟˇ→ㄐㄧˇ(IVS+1),IVS可修,
信差,ㄒㄧㄣˋ ㄔㄞ,ㄒㄧㄣˋ ㄔㄚ,差:ㄔㄚ→ㄔㄞ(IVS+1),IVS可修,
相搏,ㄒㄧㄤ ㄅㄛˊ,ㄒㄧㄤˋ ㄅㄛˊ,相:ㄒㄧㄤˋ→ㄒㄧㄤ(IVS+1),IVS可修,
相伴,ㄒㄧㄤ ㄅㄢˋ,ㄒㄧㄤˋ ㄅㄢˋ,相:ㄒㄧㄤˋ→ㄒㄧㄤ(IVS+1),IVS可修,
相比,ㄒㄧㄤ ㄅㄧˇ,ㄒㄧㄤˋ ㄅㄧˇ,相:ㄒㄧㄤˋ→ㄒㄧㄤ(IVS+1),IVS可修,
相陪,ㄒㄧㄤ ㄆㄟˊ,ㄒㄧㄤˋ ㄆㄟˊ,相:ㄒㄧㄤˋ→ㄒㄧㄤ(IVS+1),IVS可修,
相配,ㄒㄧㄤ ㄆㄟˋ,ㄒㄧㄤˋ ㄆㄟˋ,相:ㄒㄧㄤˋ→ㄒㄧㄤ(IVS+1),IVS可修,
相撲,ㄒㄧㄤ ㄆㄨ,ㄒㄧㄤˋ ㄆㄨ,相:ㄒㄧㄤˋ→ㄒㄧㄤ(IVS+1),IVS可修,
相反,ㄒㄧㄤ ㄈㄢˇ,ㄒㄧㄤˋ ㄈㄢˇ,相:ㄒㄧㄤˋ→ㄒㄧㄤ(IVS+1),IVS可修,
相仿,ㄒㄧㄤ ㄈㄤˇ,ㄒㄧㄤˋ ㄈㄤˇ,相:ㄒㄧㄤˋ→ㄒㄧㄤ(IVS+1),IVS可修,
相逢,ㄒㄧㄤ ㄈㄥˊ,ㄒㄧㄤˋ ㄈㄥˊ,相:ㄒㄧㄤˋ→ㄒㄧㄤ(IVS+1),IVS可修,
相符,ㄒㄧㄤ ㄈㄨˊ,ㄒㄧㄤˋ ㄈㄨˊ,相:ㄒㄧㄤˋ→ㄒㄧㄤ(IVS+1),IVS可修,
相輔相成,ㄒㄧㄤ ㄈㄨˇ ㄒㄧㄤ ㄔㄥˊ,ㄒㄧㄤˋ ㄈㄨˇ ㄒㄧㄤˋ ㄔㄥˊ,相:ㄒㄧㄤˋ→ㄒㄧㄤ(IVS+1); 相:ㄒㄧㄤˋ→ㄒㄧㄤ(IVS+1),IVS可修,
相得益彰,ㄒㄧㄤ ㄉㄜˊ ㄧˋ ㄓㄤ,ㄒㄧㄤˋ ㄉㄜˊ ㄧˋ ㄓㄤ,相:ㄒㄧㄤˋ→ㄒㄧㄤ(IVS+1),IVS可修,
相待,ㄒㄧㄤ ㄉㄞˋ,ㄒㄧㄤˋ ㄉㄞˋ,相:ㄒㄧㄤˋ→ㄒㄧㄤ(IVS+1),IVS可修,
相當,ㄒㄧㄤ ㄉㄤ,ㄒㄧㄤˋ ㄉㄤ,相:ㄒㄧㄤˋ→ㄒㄧㄤ(IVS+1),IVS可修,
相等,ㄒㄧㄤ ㄉㄥˇ,ㄒㄧㄤˋ ㄉㄥˇ,相:ㄒㄧㄤˋ→ㄒㄧㄤ(IVS+1),IVS可修,
相抵,ㄒㄧㄤ ㄉㄧˇ,ㄒㄧㄤˋ ㄉㄧˇ,相:ㄒㄧㄤˋ→ㄒㄧㄤ(IVS+1),IVS可修,
相對,ㄒㄧㄤ ㄉㄨㄟˋ,ㄒㄧㄤˋ ㄉㄨㄟˋ,相:ㄒㄧㄤˋ→ㄒㄧㄤ(IVS+1),IVS可修,
相對多數,ㄒㄧㄤ ㄉㄨㄟˋ ㄉㄨㄛ ㄕㄨˋ,ㄒㄧㄤˋ ㄉㄨㄟˋ ㄉㄨㄛ ㄕㄨˋ,相:ㄒㄧㄤˋ→ㄒㄧㄤ(IVS+1),IVS可修,
相投,ㄒㄧㄤ ㄊㄡˊ,ㄒㄧㄤˋ ㄊㄡˊ,相:ㄒㄧㄤˋ→ㄒㄧㄤ(IVS+1),IVS可修,
相提並論,ㄒㄧㄤ ㄊㄧˊ ㄅㄧㄥˋ ㄌㄨㄣˋ,ㄒㄧㄤˋ ㄊㄧˊ ㄅㄧㄥˋ ㄌㄨㄣˋ,相:ㄒㄧㄤˋ→ㄒㄧㄤ(IVS+1),IVS可修,
相通,ㄒㄧㄤ ㄊㄨㄥ,ㄒㄧㄤˋ ㄊㄨㄥ,相:ㄒㄧㄤˋ→ㄒㄧㄤ(IVS+1),IVS可修,
相同,ㄒㄧㄤ ㄊㄨㄥˊ,ㄒㄧㄤˋ ㄊㄨㄥˊ,相:ㄒㄧㄤˋ→ㄒㄧㄤ(IVS+1),IVS可修,
相連,ㄒㄧㄤ ㄌㄧㄢˊ,ㄒㄧㄤˋ ㄌㄧㄢˊ,相:ㄒㄧㄤˋ→ㄒㄧㄤ(IVS+1),IVS可修,
相戀,ㄒㄧㄤ ㄌㄧㄢˋ,ㄒㄧㄤˋ ㄌㄧㄢˋ,相:ㄒㄧㄤˋ→ㄒㄧㄤ(IVS+1),IVS可修,
相鄰,ㄒㄧㄤ ㄌㄧㄣˊ,ㄒㄧㄤˋ ㄌㄧㄣˊ,相:ㄒㄧㄤˋ→ㄒㄧㄤ(IVS+1),IVS可修,
相隔,ㄒㄧㄤ ㄍㄜˊ,ㄒㄧㄤˋ ㄍㄜˊ,相:ㄒㄧㄤˋ→ㄒㄧㄤ(IVS+1),IVS可修,
相干,ㄒㄧㄤ ㄍㄢ,ㄒㄧㄤˋ ㄍㄢ,相:ㄒㄧㄤˋ→ㄒㄧㄤ(IVS+1),IVS可修,
相關,ㄒㄧㄤ ㄍㄨㄢ,ㄒㄧㄤˋ ㄍㄨㄢ,相:ㄒㄧㄤˋ→ㄒㄧㄤ(IVS+1),IVS可修,
相合,ㄒㄧㄤ ㄏㄜˊ,ㄒㄧㄤˋ ㄏㄜˊ,相:ㄒㄧㄤˋ→ㄒㄧㄤ(IVS+1),IVS可修,
相好,ㄒㄧㄤ ㄏㄠˇ,ㄒㄧㄤˋ ㄏㄠˇ,相:ㄒㄧㄤˋ→ㄒㄧㄤ(IVS+1),IVS可修,
相互,ㄒㄧㄤ ㄏㄨˋ,ㄒㄧㄤˋ ㄏㄨˋ,相:ㄒㄧㄤˋ→ㄒㄧㄤ(IVS+1),IVS可修,
相會,ㄒㄧㄤ ㄏㄨㄟˋ,ㄒㄧㄤˋ ㄏㄨㄟˋ,相:ㄒㄧㄤˋ→ㄒㄧㄤ(IVS+1),IVS可修,
相繼,ㄒㄧㄤ ㄐㄧˋ,ㄒㄧㄤˋ ㄐㄧˋ,相:ㄒㄧㄤˋ→ㄒㄧㄤ(IVS+1),IVS可修,
相交,ㄒㄧㄤ ㄐㄧㄠ,ㄒㄧㄤˋ ㄐㄧㄠ,相:ㄒㄧㄤˋ→ㄒㄧㄤ(IVS+1),IVS可修,
相較,ㄒㄧㄤ ㄐㄧㄠˋ,ㄒㄧㄤˋ ㄐㄧㄠˋ,相:ㄒㄧㄤˋ→ㄒㄧㄤ(IVS+1),IVS可修,
相見,ㄒㄧㄤ ㄐㄧㄢˋ,ㄒㄧㄤˋ ㄐㄧㄢˋ,相:ㄒㄧㄤˋ→ㄒㄧㄤ(IVS+1),IVS可修,
相見恨晚,ㄒㄧㄤ ㄐㄧㄢˋ ㄏㄣˋ ㄨㄢˇ,ㄒㄧㄤˋ ㄐㄧㄢˋ ㄏㄣˋ ㄨㄢˇ,相:ㄒㄧㄤˋ→ㄒㄧㄤ(IVS+1),IVS可修,
相間,ㄒㄧㄤ ㄐㄧㄢˋ,ㄒㄧㄤˋ ㄐㄧㄢ,相:ㄒㄧㄤˋ→ㄒㄧㄤ(IVS+1); 間:ㄐㄧㄢ→ㄐㄧㄢˋ(IVS+1),IVS可修,
相近,ㄒㄧㄤ ㄐㄧㄣˋ,ㄒㄧㄤˋ ㄐㄧㄣˋ,相:ㄒㄧㄤˋ→ㄒㄧㄤ(IVS+1),IVS可修,
相敬如賓,ㄒㄧㄤ ㄐㄧㄥˋ ㄖㄨˊ ㄅㄧㄣ,ㄒㄧㄤˋ ㄐㄧㄥˋ ㄖㄨˊ ㄅㄧㄣ,相:ㄒㄧㄤˋ→ㄒㄧㄤ(IVS+1),IVS可修,
相聚,ㄒㄧㄤ ㄐㄩˋ,ㄒㄧㄤˋ ㄐㄩˋ,相:ㄒㄧㄤˋ→ㄒㄧㄤ(IVS+1),IVS可修,
相親相愛,ㄒㄧㄤ ㄑㄧㄣ ㄒㄧㄤ ㄞˋ,ㄒㄧㄤˋ ㄑㄧㄣ ㄒㄧㄤˋ ㄞˋ,相:ㄒㄧㄤˋ→ㄒㄧㄤ(IVS+1); 相:ㄒㄧㄤˋ→ㄒㄧㄤ(IVS+1),IVS可修,
相偕,ㄒㄧㄤ ㄒㄧㄝˊ,ㄒㄧㄤˋ ㄒㄧㄝˊ,相:ㄒㄧㄤˋ→ㄒㄧㄤ(IVS+1),IVS可修,
相信,ㄒㄧㄤ ㄒㄧㄣˋ,ㄒㄧㄤˋ ㄒㄧㄣˋ,相:ㄒㄧㄤˋ→ㄒㄧㄤ(IVS+1),IVS可修,
相向,ㄒㄧㄤ ㄒㄧㄤˋ,ㄒㄧㄤˋ ㄒㄧㄤˋ,相:ㄒㄧㄤˋ→ㄒㄧㄤ(IVS+1),IVS可修,
相像,ㄒㄧㄤ ㄒㄧㄤˋ,ㄒㄧㄤˋ ㄒㄧㄤˋ,相:ㄒㄧㄤˋ→ㄒㄧㄤ(IVS+1),IVS可修,
相形見絀,ㄒㄧㄤ ㄒㄧㄥˊ ㄐㄧㄢˋ ㄔㄨˋ,ㄒㄧㄤˋ ㄒㄧㄥˊ ㄐㄧㄢˋ ㄔㄨˋ,相:ㄒㄧㄤˋ→ㄒㄧㄤ(IVS+1),IVS可修,
相形之下,ㄒㄧㄤ ㄒㄧㄥˊ ㄓ ㄒㄧㄚˋ,ㄒㄧㄤˋ ㄒㄧㄥˊ ㄓ ㄒㄧㄚˋ,相:ㄒㄧㄤˋ→ㄒㄧㄤ(IVS+1),IVS可修,
相知,ㄒㄧㄤ ㄓ,ㄒㄧㄤˋ ㄓ,相:ㄒㄧㄤˋ→ㄒㄧㄤ(IVS+1),IVS可修,
相持不下,ㄒㄧㄤ ㄔˊ ㄅㄨˋ ㄒㄧㄚˋ,ㄒㄧㄤˋ ㄔˊ ㄅㄨˋ ㄒㄧㄚˋ,相:ㄒㄧㄤˋ→ㄒㄧㄤ(IVS+1),IVS可修,
相差無幾,ㄒㄧㄤ ㄔㄚ ㄨˊ ㄐㄧˇ,ㄒㄧㄤˋ ㄔㄚ ㄨˊ ㄐㄧˇ,相:ㄒㄧㄤˋ→ㄒㄧㄤ(IVS+1),IVS可修,
相稱,ㄒㄧㄤ ㄔㄥˋ,ㄒㄧㄤˋ ㄔㄥ,相:ㄒㄧㄤˋ→ㄒㄧㄤ(IVS+1); 稱:ㄔㄥ→ㄔㄥˋ(IVS+1),IVS可修,多義詞
相處,ㄒㄧㄤ ㄔㄨˇ,ㄒㄧㄤˋ ㄔㄨˇ,相:ㄒㄧㄤˋ→ㄒㄧㄤ(IVS+1),IVS可修,
相傳,ㄒㄧㄤ ㄔㄨㄢˊ,ㄒㄧㄤˋ ㄔㄨㄢˊ,相:ㄒㄧㄤˋ→ㄒㄧㄤ(IVS+1),IVS可修,
相視而笑,ㄒㄧㄤ ㄕˋ ㄦˊ ㄒㄧㄠˋ,ㄒㄧㄤˋ ㄕˋ ㄦˊ ㄒㄧㄠˋ,相:ㄒㄧㄤˋ→ㄒㄧㄤ(IVS+1),IVS可修,
相識,ㄒㄧㄤ ㄕˋ,ㄒㄧㄤˋ ㄕˋ,相:ㄒㄧㄤˋ→ㄒㄧㄤ(IVS+1),IVS可修,
相讓,ㄒㄧㄤ ㄖㄤˋ,ㄒㄧㄤˋ ㄖㄤˋ,相:ㄒㄧㄤˋ→ㄒㄧㄤ(IVS+1),IVS可修,
相濡以沫,ㄒㄧㄤ ㄖㄨˊ ㄧˇ ㄇㄛˋ,ㄒㄧㄤˋ ㄖㄨˊ ㄧˇ ㄇㄛˋ,相:ㄒㄧㄤˋ→ㄒㄧㄤ(IVS+1),IVS可修,
相若,ㄒㄧㄤ ㄖㄨㄛˋ,ㄒㄧㄤˋ ㄖㄨㄛˋ,相:ㄒㄧㄤˋ→ㄒㄧㄤ(IVS+1),IVS可修,
相容,ㄒㄧㄤ ㄖㄨㄥˊ,ㄒㄧㄤˋ ㄖㄨㄥˊ,相:ㄒㄧㄤˋ→ㄒㄧㄤ(IVS+1),IVS可修,
相左,ㄒㄧㄤ ㄗㄨㄛˇ,ㄒㄧㄤˋ ㄗㄨㄛˇ,相:ㄒㄧㄤˋ→ㄒㄧㄤ(IVS+1),IVS可修,
相思,ㄒㄧㄤ ㄙ,ㄒㄧㄤˋ ㄙ,相:ㄒㄧㄤˋ→ㄒㄧㄤ(IVS+1),IVS可修,
相似,ㄒㄧㄤ ㄙˋ,ㄒㄧㄤˋ ㄙˋ,相:ㄒㄧㄤˋ→ㄒㄧㄤ(IVS+1),IVS可修,
相愛,ㄒㄧㄤ ㄞˋ,ㄒㄧㄤˋ ㄞˋ,相:ㄒㄧㄤˋ→ㄒㄧㄤ(IVS+1),IVS可修,
相安無事,ㄒㄧㄤ ㄢ ㄨˊ ㄕˋ,ㄒㄧㄤˋ ㄢ ㄨˊ ㄕˋ,相:ㄒㄧㄤˋ→ㄒㄧㄤ(IVS+1),IVS可修,
相依為命,ㄒㄧㄤ ㄧ ㄨㄟˊ ㄇㄧㄥˋ,ㄒㄧㄤˋ ㄧ ㄨㄟˊ ㄇㄧㄥˋ,相:ㄒㄧㄤˋ→ㄒㄧㄤ(IVS+1),IVS可修,
相宜,ㄒㄧㄤ ㄧˊ,ㄒㄧㄤˋ ㄧˊ,相:ㄒㄧㄤˋ→ㄒㄧㄤ(IVS+1),IVS可修,
相異,ㄒㄧㄤ ㄧˋ,ㄒㄧㄤˋ ㄧˋ,相:ㄒㄧㄤˋ→ㄒㄧㄤ(IVS+1),IVS可修,
相映成趣,ㄒㄧㄤ ㄧㄥˋ ㄔㄥˊ ㄑㄩˋ,ㄒㄧㄤˋ ㄧㄥˋ ㄔㄥˊ ㄑㄩˋ,相:ㄒㄧㄤˋ→ㄒㄧㄤ(IVS+1),IVS可修,
相應,ㄒㄧㄤ ㄧㄥˋ,ㄒㄧㄤˋ ㄧㄥ,相:ㄒㄧㄤˋ→ㄒㄧㄤ(IVS+1); 應:ㄧㄥ→ㄧㄥˋ(IVS+1),IVS可修,
相應不理,ㄒㄧㄤ ㄧㄥˋ ㄅㄨˋ ㄌㄧˇ,ㄒㄧㄤˋ ㄧㄥ ㄅㄨˋ ㄌㄧˇ,相:ㄒㄧㄤˋ→ㄒㄧㄤ(IVS+1); 應:ㄧㄥ→ㄧㄥˋ(IVS+1),IVS可修,
相遇,ㄒㄧㄤ ㄩˋ,ㄒㄧㄤˋ ㄩˋ,相:ㄒㄧㄤˋ→ㄒㄧㄤ(IVS+1),IVS可修,
相約,ㄒㄧㄤ ㄩㄝ,ㄒㄧㄤˋ ㄩㄝ,相:ㄒㄧㄤˋ→ㄒㄧㄤ(IVS+1),IVS可修,
相擁而泣,ㄒㄧㄤ ㄩㄥˇ ㄦˊ ㄑㄧˋ,ㄒㄧㄤˋ ㄩㄥˇ ㄦˊ ㄑㄧˋ,相:ㄒㄧㄤˋ→ㄒㄧㄤ(IVS+1),IVS可修,
箱底功夫,ㄒㄧㄤ ㄉㄧˇ ㄍㄨㄥ ˙ㄈㄨ,ㄒㄧㄤ ㄉㄧˇ ㄍㄨㄥ ㄈㄨ,夫:ㄈㄨ→˙ㄈㄨ(字型無此讀音),字型缺讀音,
箱子,ㄒㄧㄤ ˙ㄗ,ㄒㄧㄤ ㄗˇ,子:ㄗˇ→˙ㄗ(IVS+1),IVS可修,
鄉長,ㄒㄧㄤ ㄓㄤˇ,ㄒㄧㄤ ㄔㄤˊ,長:ㄔㄤˊ→ㄓㄤˇ(IVS+1),IVS可修,
鄉村音樂,ㄒㄧㄤ ㄘㄨㄣ ㄧㄣ ㄩㄝˋ,ㄒㄧㄤ ㄘㄨㄣ ㄧㄣ ㄌㄜˋ,樂:ㄌㄜˋ→ㄩㄝˋ(IVS+1),IVS可修,
降伏,ㄒㄧㄤˊ ㄈㄨˊ,ㄐㄧㄤˋ ㄈㄨˊ,降:ㄐㄧㄤˋ→ㄒㄧㄤˊ(IVS+1),IVS可修,
降龍伏虎,ㄒㄧㄤˊ ㄌㄨㄥˊ ㄈㄨˊ ㄏㄨˇ,ㄐㄧㄤˋ ㄌㄨㄥˊ ㄈㄨˊ ㄏㄨˇ,降:ㄐㄧㄤˋ→ㄒㄧㄤˊ(IVS+1),IVS可修,
降將,ㄒㄧㄤˊ ㄐㄧㄤˋ,ㄐㄧㄤˋ ㄐㄧㄤ,降:ㄐㄧㄤˋ→ㄒㄧㄤˊ(IVS+1); 將:ㄐㄧㄤ→ㄐㄧㄤˋ(IVS+1),IVS可修,
響應,ㄒㄧㄤˇ ㄧㄥˋ,ㄒㄧㄤˇ ㄧㄥ,應:ㄧㄥ→ㄧㄥˋ(IVS+1),IVS可修,
巷弄,ㄒㄧㄤˋ ㄌㄨㄥˋ,ㄒㄧㄤˋ ㄋㄨㄥˋ,弄:ㄋㄨㄥˋ→ㄌㄨㄥˋ(IVS+1),IVS可修,
巷子,ㄒㄧㄤˋ ˙ㄗ,ㄒㄧㄤˋ ㄗˇ,子:ㄗˇ→˙ㄗ(IVS+1),IVS可修,
惺惺相惜,ㄒㄧㄥ ㄒㄧㄥ ㄒㄧㄤ ㄒㄧˊ,ㄒㄧㄥ ㄒㄧㄥ ㄒㄧㄤˋ ㄒㄧˊ,相:ㄒㄧㄤˋ→ㄒㄧㄤ(IVS+1),IVS可修,
腥臊味,ㄒㄧㄥ ㄙㄠ ㄨㄟˋ,ㄒㄧㄥ ㄙㄠˋ ㄨㄟˋ,臊:ㄙㄠˋ→ㄙㄠ(IVS+1),IVS可修,
興致勃勃,ㄒㄧㄥˋ ㄓˋ ㄅㄛˊ ㄅㄛˊ,ㄒㄧㄥ ㄓˋ ㄅㄛˊ ㄅㄛˊ,興:ㄒㄧㄥ→ㄒㄧㄥˋ(IVS+1),IVS可修,
興盛,ㄒㄧㄥ ㄕㄥˋ,ㄒㄧㄥ ㄔㄥˊ,盛:ㄔㄥˊ→ㄕㄥˋ(IVS+1),IVS可修,
行都,ㄒㄧㄥˊ ㄉㄨ,ㄒㄧㄥˊ ㄉㄡ,都:ㄉㄡ→ㄉㄨ(IVS+1),IVS可修,
行政處分,ㄒㄧㄥˊ ㄓㄥˋ ㄔㄨˇ ㄈㄣˋ,ㄒㄧㄥˊ ㄓㄥˋ ㄔㄨˇ ㄈㄣ,分:ㄈㄣ→ㄈㄣˋ(IVS+1),IVS可修,
省親,ㄒㄧㄥˇ ㄑㄧㄣ,ㄕㄥˇ ㄑㄧㄣ,省:ㄕㄥˇ→ㄒㄧㄥˇ(IVS+1),IVS可修,
省思,ㄒㄧㄥˇ ㄙ,ㄕㄥˇ ㄙ,省:ㄕㄥˇ→ㄒㄧㄥˇ(IVS+1),IVS可修,
省悟,ㄒㄧㄥˇ ㄨˋ,ㄕㄥˇ ㄨˋ,省:ㄕㄥˇ→ㄒㄧㄥˇ(IVS+1),IVS可修,
性子,ㄒㄧㄥˋ ˙ㄗ,ㄒㄧㄥˋ ㄗˇ,子:ㄗˇ→˙ㄗ(IVS+1),IVS可修,
興頭,ㄒㄧㄥˋ ˙ㄊㄡ,ㄒㄧㄥ ㄊㄡˊ,興:ㄒㄧㄥ→ㄒㄧㄥˋ(IVS+1); 頭:ㄊㄡˊ→˙ㄊㄡ(IVS+1),IVS可修,
興高采烈,ㄒㄧㄥˋ ㄍㄠ ㄘㄞˇ ㄌㄧㄝˋ,ㄒㄧㄥ ㄍㄠ ㄘㄞˇ ㄌㄧㄝˋ,興:ㄒㄧㄥ→ㄒㄧㄥˋ(IVS+1),IVS可修,
興趣,ㄒㄧㄥˋ ㄑㄩˋ,ㄒㄧㄥ ㄑㄩˋ,興:ㄒㄧㄥ→ㄒㄧㄥˋ(IVS+1),IVS可修,
興致,ㄒㄧㄥˋ ㄓˋ,ㄒㄧㄥ ㄓˋ,興:ㄒㄧㄥ→ㄒㄧㄥˋ(IVS+1),IVS可修,
興沖沖,ㄒㄧㄥˋ ㄔㄨㄥ ㄔㄨㄥ,ㄒㄧㄥ ㄔㄨㄥ ㄔㄨㄥ,興:ㄒㄧㄥ→ㄒㄧㄥˋ(IVS+1),IVS可修,
興匆匆,ㄒㄧㄥˋ ㄘㄨㄥ ㄘㄨㄥ,ㄒㄧㄥ ㄘㄨㄥ ㄘㄨㄥ,興:ㄒㄧㄥ→ㄒㄧㄥˋ(IVS+1),IVS可修,
興味,ㄒㄧㄥˋ ㄨㄟˋ,ㄒㄧㄥ ㄨㄟˋ,興:ㄒㄧㄥ→ㄒㄧㄥˋ(IVS+1),IVS可修,
興味盎然,ㄒㄧㄥˋ ㄨㄟˋ ㄤˋ ㄖㄢˊ,ㄒㄧㄥ ㄨㄟˋ ㄤˋ ㄖㄢˊ,興:ㄒㄧㄥ→ㄒㄧㄥˋ(IVS+1),IVS可修,
虛晃一招,ㄒㄩ ㄏㄨㄤˇ ㄧ ㄓㄠ,ㄒㄩ ㄏㄨㄤˋ ㄧ ㄓㄠ,晃:ㄏㄨㄤˋ→ㄏㄨㄤˇ(IVS+1),IVS可修,
虛應故事,ㄒㄩ ㄧㄥˋ ㄍㄨˋ ㄕˋ,ㄒㄩ ㄧㄥ ㄍㄨˋ ㄕˋ,應:ㄧㄥ→ㄧㄥˋ(IVS+1),IVS可修,
虛與委蛇,ㄒㄩ ㄩˇ ㄨㄟ ㄧˊ,ㄒㄩ ㄩˇ ㄨㄟˇ ㄕㄜˊ,委:ㄨㄟˇ→ㄨㄟ(IVS+1); 蛇:ㄕㄜˊ→ㄧˊ(IVS+1),IVS可修,
續假,ㄒㄩˋ ㄐㄧㄚˋ,ㄒㄩˋ ㄐㄧㄚˇ,假:ㄐㄧㄚˇ→ㄐㄧㄚˋ(IVS+1),IVS可修,
靴子,ㄒㄩㄝ ˙ㄗ,ㄒㄩㄝ ㄗˇ,子:ㄗˇ→˙ㄗ(IVS+1),IVS可修,
學長,ㄒㄩㄝˊ ㄓㄤˇ,ㄒㄩㄝˊ ㄔㄤˊ,長:ㄔㄤˊ→ㄓㄤˇ(IVS+1),IVS可修,
褶子,ㄒㄩㄝˊ ˙ㄗ,ㄓㄜˊ ㄗˇ,褶:ㄓㄜˊ→ㄒㄩㄝˊ(IVS+2); 子:ㄗˇ→˙ㄗ(IVS+1),IVS可修,多義詞
雪泥鴻爪,ㄒㄩㄝˇ ㄋㄧˊ ㄏㄨㄥˊ ㄓㄠˇ,ㄒㄩㄝˇ ㄋㄧˊ ㄏㄨㄥˊ ㄓㄨㄚˇ,爪:ㄓㄨㄚˇ→ㄓㄠˇ(IVS+1),IVS可修,
雪茄,ㄒㄩㄝˇ ㄐㄧㄚ,ㄒㄩㄝˇ ㄑㄧㄝˊ,茄:ㄑㄧㄝˊ→ㄐㄧㄚ(IVS+1),IVS可修,
削髮,ㄒㄩㄝˋ ㄈㄚˇ,ㄒㄧㄠ ㄈㄚˇ,削:ㄒㄧㄠ→ㄒㄩㄝˋ(IVS+1),IVS可修,
削奪,ㄒㄩㄝˋ ㄉㄨㄛˊ,ㄒㄧㄠ ㄉㄨㄛˊ,削:ㄒㄧㄠ→ㄒㄩㄝˋ(IVS+1),IVS可修,
削減,ㄒㄩㄝˋ ㄐㄧㄢˇ,ㄒㄧㄠ ㄐㄧㄢˇ,削:ㄒㄧㄠ→ㄒㄩㄝˋ(IVS+1),IVS可修,
削球,ㄒㄩㄝˋ ㄑㄧㄡˊ,ㄒㄧㄠ ㄑㄧㄡˊ,削:ㄒㄧㄠ→ㄒㄩㄝˋ(IVS+1),IVS可修,
削除,ㄒㄩㄝˋ ㄔㄨˊ,ㄒㄧㄠ ㄔㄨˊ,削:ㄒㄧㄠ→ㄒㄩㄝˋ(IVS+1),IVS可修,
削弱,ㄒㄩㄝˋ ㄖㄨㄛˋ,ㄒㄧㄠ ㄖㄨㄛˋ,削:ㄒㄧㄠ→ㄒㄩㄝˋ(IVS+1),IVS可修,
削足適履,ㄒㄩㄝˋ ㄗㄨˊ ㄕˋ ㄌㄩˇ,ㄒㄧㄠ ㄗㄨˊ ㄕˋ ㄌㄩˇ,削:ㄒㄧㄠ→ㄒㄩㄝˋ(IVS+1),IVS可修,
旋乾轉坤,ㄒㄩㄢˊ ㄑㄧㄢˊ ㄓㄨㄢˇ ㄎㄨㄣ,ㄒㄩㄢˊ ㄍㄢ ㄓㄨㄢˇ ㄎㄨㄣ,乾:ㄍㄢ→ㄑㄧㄢˊ(IVS+1),IVS可修,
旋風,ㄒㄩㄢˋ ㄈㄥ,ㄒㄩㄢˊ ㄈㄥ,旋:ㄒㄩㄢˊ→ㄒㄩㄢˋ(IVS+1),IVS可修,
葷粥,ㄒㄩㄣ ㄩˋ,ㄏㄨㄣ ㄓㄡ,葷:ㄏㄨㄣ→ㄒㄩㄣ(IVS+1); 粥:ㄓㄡ→ㄩˋ(IVS+1),IVS可修,
巡更,ㄒㄩㄣˊ ㄍㄥ,ㄒㄩㄣˊ ㄍㄥˋ,更:ㄍㄥˋ→ㄍㄥ(IVS+1),IVS可修,
殉難,ㄒㄩㄣˋ ㄋㄢˋ,ㄒㄩㄣˋ ㄋㄢˊ,難:ㄋㄢˊ→ㄋㄢˋ(IVS+1),IVS可修,
兄長,ㄒㄩㄥ ㄓㄤˇ,ㄒㄩㄥ ㄔㄤˊ,長:ㄔㄤˊ→ㄓㄤˇ(IVS+1),IVS可修,
支應,ㄓ ㄧㄥˋ,ㄓ ㄧㄥ,應:ㄧㄥ→ㄧㄥˋ(IVS+1),IVS可修,
知了,ㄓ ㄌㄧㄠˇ,ㄓ ˙ㄌㄜ,了:˙ㄌㄜ→ㄌㄧㄠˇ(IVS+1),IVS可修,
知更鳥,ㄓ ㄍㄥ ㄋㄧㄠˇ,ㄓ ㄍㄥˋ ㄋㄧㄠˇ,更:ㄍㄥˋ→ㄍㄥ(IVS+1),IVS可修,
知識分子,ㄓ ㄕˋ ㄈㄣˋ ㄗˇ,ㄓ ㄕˋ ㄈㄣ ㄗˇ,分:ㄈㄣ→ㄈㄣˋ(IVS+1),IVS可修,
梔子花,ㄓ ˙ㄗ ㄏㄨㄚ,ㄓ ㄗˇ ㄏㄨㄚ,子:ㄗˇ→˙ㄗ(IVS+1),IVS可修,
直截了當,ㄓˊ ㄐㄧㄝˊ ㄌㄧㄠˇ ㄉㄤˋ,ㄓˊ ㄐㄧㄝˊ ˙ㄌㄜ ㄉㄤ,了:˙ㄌㄜ→ㄌㄧㄠˇ(IVS+1); 當:ㄉㄤ→ㄉㄤˋ(IVS+1),IVS可修,
直性子,ㄓˊ ㄒㄧㄥˋ ˙ㄗ,ㄓˊ ㄒㄧㄥˋ ㄗˇ,子:ㄗˇ→˙ㄗ(IVS+1),IVS可修,
直率,ㄓˊ ㄕㄨㄞˋ,ㄓˊ ㄌㄩˋ,率:ㄌㄩˋ→ㄕㄨㄞˋ(IVS+1),IVS可修,
值得,ㄓˊ ˙ㄉㄜ,ㄓˊ ㄉㄜˊ,得:ㄉㄜˊ→˙ㄉㄜ(IVS+1),IVS可修,
侄子,ㄓˊ ˙ㄗ,ㄓˊ ㄗˇ,子:ㄗˇ→˙ㄗ(IVS+1),IVS可修,
姪子,ㄓˊ ˙ㄗ,ㄓˊ ㄗˇ,子:ㄗˇ→˙ㄗ(IVS+1),IVS可修,
執著,ㄓˊ ㄓㄨㄛˊ,ㄓˊ ˙ㄓㄜ,著:˙ㄓㄜ→ㄓㄨㄛˊ(IVS+4),IVS可修,
擲骰子,ㄓˊ ㄊㄡˊ ˙ㄗ,ㄓˊ ㄊㄡˊ ㄗˇ,子:ㄗˇ→˙ㄗ(IVS+1),IVS可修,
指頭,ㄓˇ ˙ㄊㄡ,ㄓˇ ㄊㄡˊ,頭:ㄊㄡˊ→˙ㄊㄡ(IVS+1),IVS可修,
指頭畫,ㄓˇ ˙ㄊㄡ ㄏㄨㄚˋ,ㄓˇ ㄊㄡˊ ㄏㄨㄚˋ,頭:ㄊㄡˊ→˙ㄊㄡ(IVS+1),IVS可修,
制禮作樂,ㄓˋ ㄌㄧˇ ㄗㄨㄛˋ ㄩㄝˋ,ㄓˋ ㄌㄧˇ ㄗㄨㄛˋ ㄌㄜˋ,樂:ㄌㄜˋ→ㄩㄝˋ(IVS+1),IVS可修,
陟罰臧否,ㄓˋ ㄈㄚˊ ㄗㄤ ㄆㄧˇ,ㄓˋ ㄈㄚˊ ㄗㄤ ㄈㄡˇ,否:ㄈㄡˇ→ㄆㄧˇ(IVS+1),IVS可修,
炸醬,ㄓㄚˊ ㄐㄧㄤˋ,ㄓㄚˋ ㄐㄧㄤˋ,炸:ㄓㄚˋ→ㄓㄚˊ(IVS+1),IVS可修,
詐降,ㄓㄚˋ ㄒㄧㄤˊ,ㄓㄚˋ ㄐㄧㄤˋ,降:ㄐㄧㄤˋ→ㄒㄧㄤˊ(IVS+1),IVS可修,
折騰,ㄓㄜ ㄊㄥˊ,ㄓㄜˊ ㄊㄥˊ,折:ㄓㄜˊ→ㄓㄜ(IVS+1),IVS可修,
這個,ㄓㄜˋ ˙ㄍㄜ,ㄓㄜˋ ㄍㄜˋ,個:ㄍㄜˋ→˙ㄍㄜ(IVS+1),IVS可修,
寨子,ㄓㄞˋ ˙ㄗ,ㄓㄞˋ ㄗˇ,子:ㄗˇ→˙ㄗ(IVS+1),IVS可修,
著涼,ㄓㄠ ㄌㄧㄤˊ,˙ㄓㄜ ㄌㄧㄤˊ,著:˙ㄓㄜ→ㄓㄠ(IVS+2),IVS可修,
著急,ㄓㄠ ㄐㄧˊ,˙ㄓㄜ ㄐㄧˊ,著:˙ㄓㄜ→ㄓㄠ(IVS+2),IVS可修,
朝不保夕,ㄓㄠ ㄅㄨˋ ㄅㄠˇ ㄒㄧˋ,ㄔㄠˊ ㄅㄨˋ ㄅㄠˇ ㄒㄧˋ,朝:ㄔㄠˊ→ㄓㄠ(IVS+1),IVS可修,
朝暮,ㄓㄠ ㄇㄨˋ,ㄔㄠˊ ㄇㄨˋ,朝:ㄔㄠˊ→ㄓㄠ(IVS+1),IVS可修,
朝令夕改,ㄓㄠ ㄌㄧㄥˋ ㄒㄧˋ ㄍㄞˇ,ㄔㄠˊ ㄌㄧㄥˋ ㄒㄧˋ ㄍㄞˇ,朝:ㄔㄠˊ→ㄓㄠ(IVS+1),IVS可修,
朝露,ㄓㄠ ㄌㄨˋ,ㄔㄠˊ ㄌㄨˋ,朝:ㄔㄠˊ→ㄓㄠ(IVS+1),IVS可修,
朝會,ㄓㄠ ㄏㄨㄟˋ,ㄔㄠˊ ㄏㄨㄟˋ,朝:ㄔㄠˊ→ㄓㄠ(IVS+1),IVS可修,
朝氣,ㄓㄠ ㄑㄧˋ,ㄔㄠˊ ㄑㄧˋ,朝:ㄔㄠˊ→ㄓㄠ(IVS+1),IVS可修,
朝氣蓬勃,ㄓㄠ ㄑㄧˋ ㄆㄥˊ ㄅㄛˊ,ㄔㄠˊ ㄑㄧˋ ㄆㄥˊ ㄅㄛˊ,朝:ㄔㄠˊ→ㄓㄠ(IVS+1),IVS可修,
朝秦暮楚,ㄓㄠ ㄑㄧㄣˊ ㄇㄨˋ ㄔㄨˇ,ㄔㄠˊ ㄑㄧㄣˊ ㄇㄨˋ ㄔㄨˇ,朝:ㄔㄠˊ→ㄓㄠ(IVS+1),IVS可修,
朝曦,ㄓㄠ ㄒㄧ,ㄔㄠˊ ㄒㄧ,朝:ㄔㄠˊ→ㄓㄠ(IVS+1),IVS可修,
朝夕,ㄓㄠ ㄒㄧˋ,ㄔㄠˊ ㄒㄧˋ,朝:ㄔㄠˊ→ㄓㄠ(IVS+1),IVS可修,
朝朝暮暮,ㄓㄠ ㄓㄠ ㄇㄨˋ ㄇㄨˋ,ㄔㄠˊ ㄔㄠˊ ㄇㄨˋ ㄇㄨˋ,朝:ㄔㄠˊ→ㄓㄠ(IVS+1); 朝:ㄔㄠˊ→ㄓㄠ(IVS+1),IVS可修,
朝生暮死,ㄓㄠ ㄕㄥ ㄇㄨˋ ㄙˇ,ㄔㄠˊ ㄕㄥ ㄇㄨˋ ㄙˇ,朝:ㄔㄠˊ→ㄓㄠ(IVS+1),IVS可修,
朝日,ㄓㄠ ㄖˋ,ㄔㄠˊ ㄖˋ,朝:ㄔㄠˊ→ㄓㄠ(IVS+1),IVS可修,
朝三暮四,ㄓㄠ ㄙㄢ ㄇㄨˋ ㄙˋ,ㄔㄠˊ ㄙㄢ ㄇㄨˋ ㄙˋ,朝:ㄔㄠˊ→ㄓㄠ(IVS+1),IVS可修,
朝陽,ㄓㄠ ㄧㄤˊ,ㄔㄠˊ ㄧㄤˊ,朝:ㄔㄠˊ→ㄓㄠ(IVS+1),IVS可修,
著魔,ㄓㄠˊ ㄇㄛˊ,˙ㄓㄜ ㄇㄛˊ,著:˙ㄓㄜ→ㄓㄠˊ(IVS+3),IVS可修,
著迷,ㄓㄠˊ ㄇㄧˊ,˙ㄓㄜ ㄇㄧˊ,著:˙ㄓㄜ→ㄓㄠˊ(IVS+3),IVS可修,
著火,ㄓㄠˊ ㄏㄨㄛˇ,˙ㄓㄜ ㄏㄨㄛˇ,著:˙ㄓㄜ→ㄓㄠˊ(IVS+3),IVS可修,
著想,ㄓㄠˊ ㄒㄧㄤˇ,˙ㄓㄜ ㄒㄧㄤˇ,著:˙ㄓㄜ→ㄓㄠˊ(IVS+3),IVS可修,
著眼,ㄓㄨㄛˊ ㄧㄢˇ,˙ㄓㄜ ㄧㄢˇ,著:˙ㄓㄜ→ㄓㄨㄛˊ(IVS+4),IVS可修,
爪痕,ㄓㄠˇ ㄏㄣˊ,ㄓㄨㄚˇ ㄏㄣˊ,爪:ㄓㄨㄚˇ→ㄓㄠˇ(IVS+1),IVS可修,
爪牙,ㄓㄠˇ ㄧㄚˊ,ㄓㄨㄚˇ ㄧㄚˊ,爪:ㄓㄨㄚˇ→ㄓㄠˇ(IVS+1),IVS可修,
爪哇,ㄓㄠˇ ㄨㄚ,ㄓㄨㄚˇ ㄨㄚ,爪:ㄓㄨㄚˇ→ㄓㄠˇ(IVS+1),IVS可修,
找樂子,ㄓㄠˇ ㄌㄜˋ ˙ㄗ,ㄓㄠˇ ㄌㄜˋ ㄗˇ,子:ㄗˇ→˙ㄗ(IVS+1),IVS可修,
照應,ㄓㄠˋ ㄧㄥˋ,ㄓㄠˋ ㄧㄥ,應:ㄧㄥ→ㄧㄥˋ(IVS+1),IVS可修,
兆頭,ㄓㄠˋ ˙ㄊㄡ,ㄓㄠˋ ㄊㄡˊ,頭:ㄊㄡˊ→˙ㄊㄡ(IVS+1),IVS可修,
罩子,ㄓㄠˋ ˙ㄗ,ㄓㄠˋ ㄗˇ,子:ㄗˇ→˙ㄗ(IVS+1),IVS可修,
占卜,ㄓㄢ ㄅㄨˇ,ㄓㄢˋ ㄅㄨˇ,占:ㄓㄢˋ→ㄓㄢ(IVS+1),IVS可修,
占夢,ㄓㄢ ㄇㄥˋ,ㄓㄢˋ ㄇㄥˋ,占:ㄓㄢˋ→ㄓㄢ(IVS+1),IVS可修,
占星術,ㄓㄢ ㄒㄧㄥ ㄕㄨˋ,ㄓㄢˋ ㄒㄧㄥ ㄕㄨˋ,占:ㄓㄢˋ→ㄓㄢ(IVS+1),IVS可修,
氈子,ㄓㄢ ˙ㄗ,ㄓㄢ ㄗˇ,子:ㄗˇ→˙ㄗ(IVS+1),IVS可修,
輾轉,ㄓㄢˇ ㄓㄨㄢˇ,ㄋㄧㄢˇ ㄓㄨㄢˇ,輾:ㄋㄧㄢˇ→ㄓㄢˇ(IVS+1),IVS可修,
占便宜,ㄓㄢˋ ㄆㄧㄢˊ ㄧˊ,ㄓㄢˋ ㄅㄧㄢˋ ㄧˊ,便:ㄅㄧㄢˋ→ㄆㄧㄢˊ(IVS+1),IVS可修,
占盡便宜,ㄓㄢˋ ㄐㄧㄣˋ ㄆㄧㄢˊ ㄧˊ,ㄓㄢˋ ㄐㄧㄣˋ ㄅㄧㄢˋ ㄧˊ,便:ㄅㄧㄢˋ→ㄆㄧㄢˊ(IVS+1),IVS可修,
站崗,ㄓㄢˋ ㄍㄤˇ,ㄓㄢˋ ㄍㄤ,崗:ㄍㄤ→ㄍㄤˇ(IVS+1),IVS可修,
站長,ㄓㄢˋ ㄓㄤˇ,ㄓㄢˋ ㄔㄤˊ,長:ㄔㄤˊ→ㄓㄤˇ(IVS+1),IVS可修,
戰將,ㄓㄢˋ ㄐㄧㄤˋ,ㄓㄢˋ ㄐㄧㄤ,將:ㄐㄧㄤ→ㄐㄧㄤˋ(IVS+1),IVS可修,
真切,ㄓㄣ ㄑㄧㄝˋ,ㄓㄣ ㄑㄧㄝ,切:ㄑㄧㄝ→ㄑㄧㄝˋ(IVS+1),IVS可修,
針鋒相對,ㄓㄣ ㄈㄥ ㄒㄧㄤ ㄉㄨㄟˋ,ㄓㄣ ㄈㄥ ㄒㄧㄤˋ ㄉㄨㄟˋ,相:ㄒㄧㄤˋ→ㄒㄧㄤ(IVS+1),IVS可修,
枕頭,ㄓㄣˇ ˙ㄊㄡ,ㄓㄣˇ ㄊㄡˊ,頭:ㄊㄡˊ→˙ㄊㄡ(IVS+1),IVS可修,
疹子,ㄓㄣˇ ˙ㄗ,ㄓㄣˇ ㄗˇ,子:ㄗˇ→˙ㄗ(IVS+1),IVS可修,
枕戈待旦,ㄓㄣˋ ㄍㄜ ㄉㄞˋ ㄉㄢˋ,ㄓㄣˇ ㄍㄜ ㄉㄞˋ ㄉㄢˋ,枕:ㄓㄣˇ→ㄓㄣˋ(IVS+1),IVS可修,
枕藉,ㄓㄣˋ ㄐㄧㄝˋ,ㄓㄣˇ ㄐㄧㄝˋ,枕:ㄓㄣˇ→ㄓㄣˋ(IVS+1),IVS可修,
鎮長,ㄓㄣˋ ㄓㄤˇ,ㄓㄣˋ ㄔㄤˊ,長:ㄔㄤˊ→ㄓㄤˇ(IVS+1),IVS可修,
張冠李戴,ㄓㄤ ㄍㄨㄢ ㄌㄧˇ ㄉㄞˋ,ㄓㄤ ㄍㄨㄢˋ ㄌㄧˇ ㄉㄞˋ,冠:ㄍㄨㄢˋ→ㄍㄨㄢ(IVS+1),IVS可修,
張牙舞爪,ㄓㄤ ㄧㄚˊ ㄨˇ ㄓㄠˇ,ㄓㄤ ㄧㄚˊ ㄨˇ ㄓㄨㄚˇ,爪:ㄓㄨㄚˇ→ㄓㄠˇ(IVS+1),IVS可修,
長輩,ㄓㄤˇ ㄅㄟˋ,ㄔㄤˊ ㄅㄟˋ,長:ㄔㄤˊ→ㄓㄤˇ(IVS+1),IVS可修,
長大,ㄓㄤˇ ㄉㄚˋ,ㄔㄤˊ ㄉㄚˋ,長:ㄔㄤˊ→ㄓㄤˇ(IVS+1),IVS可修,
長老,ㄓㄤˇ ㄌㄠˇ,ㄔㄤˊ ㄌㄠˇ,長:ㄔㄤˊ→ㄓㄤˇ(IVS+1),IVS可修,
長官,ㄓㄤˇ ㄍㄨㄢ,ㄔㄤˊ ㄍㄨㄢ,長:ㄔㄤˊ→ㄓㄤˇ(IVS+1),IVS可修,
長進,ㄓㄤˇ ㄐㄧㄣˋ,ㄔㄤˊ ㄐㄧㄣˋ,長:ㄔㄤˊ→ㄓㄤˇ(IVS+1),IVS可修,
長相,ㄓㄤˇ ㄒㄧㄤˋ,ㄔㄤˊ ㄒㄧㄤˋ,長:ㄔㄤˊ→ㄓㄤˇ(IVS+1),IVS可修,
長者,ㄓㄤˇ ㄓㄜˇ,ㄔㄤˊ ㄓㄜˇ,長:ㄔㄤˊ→ㄓㄤˇ(IVS+1),IVS可修,
長子,ㄓㄤˇ ㄗˇ,ㄔㄤˊ ㄗˇ,長:ㄔㄤˊ→ㄓㄤˇ(IVS+1),IVS可修,
長尾巴,ㄓㄤˇ ㄨㄟˇ ㄅㄚ,ㄔㄤˊ ㄨㄟˇ ㄅㄚ,長:ㄔㄤˊ→ㄓㄤˇ(IVS+1),IVS可修,
丈量,ㄓㄤˋ ㄌㄧㄤˊ,ㄓㄤˋ ㄌㄧㄤˋ,量:ㄌㄧㄤˋ→ㄌㄧㄤˊ(IVS+1),IVS可修,
正月,ㄓㄥ ㄩㄝˋ,ㄓㄥˋ ㄩㄝˋ,正:ㄓㄥˋ→ㄓㄥ(IVS+1),IVS可修,
怔忪,ㄓㄥ ㄓㄨㄥ,ㄓㄥ ㄙㄨㄥ,忪:ㄙㄨㄥ→ㄓㄨㄥ(IVS+1),IVS可修,
掙扎,ㄓㄥ ㄓㄚˊ,ㄓㄥ ㄓㄚ,扎:ㄓㄚ→ㄓㄚˊ(IVS+1),IVS可修,
徵調,ㄓㄥ ㄉㄧㄠˋ,ㄓㄥ ㄊㄧㄠˊ,調:ㄊㄧㄠˊ→ㄉㄧㄠˋ(IVS+1),IVS可修,
正中下懷,ㄓㄥˋ ㄓㄨㄥˋ ㄒㄧㄚˋ ㄏㄨㄞˊ,ㄓㄥˋ ㄓㄨㄥ ㄒㄧㄚˋ ㄏㄨㄞˊ,中:ㄓㄨㄥ→ㄓㄨㄥˋ(IVS+1),IVS可修,
豬圈,ㄓㄨ ㄐㄩㄢˋ,ㄓㄨ ㄑㄩㄢ,圈:ㄑㄩㄢ→ㄐㄩㄢˋ(IVS+1),IVS可修,
藷蔗,ㄓㄨ ㄓㄜˋ,ㄕㄨˇ ㄓㄜˋ,藷:ㄕㄨˇ→ㄓㄨ(IVS+1),IVS可修,
竹子,ㄓㄨˊ ˙ㄗ,ㄓㄨˊ ㄗˇ,子:ㄗˇ→˙ㄗ(IVS+1),IVS可修,
主將,ㄓㄨˇ ㄐㄧㄤˋ,ㄓㄨˇ ㄐㄧㄤ,將:ㄐㄧㄤ→ㄐㄧㄤˋ(IVS+1),IVS可修,
主角,ㄓㄨˇ ㄐㄩㄝˊ,ㄓㄨˇ ㄐㄧㄠˇ,角:ㄐㄧㄠˇ→ㄐㄩㄝˊ(IVS+1),IVS可修,
主治大夫,ㄓㄨˇ ㄓˋ ㄉㄞˋ ㄈㄨ,ㄓㄨˇ ㄓˋ ㄉㄚˋ ㄈㄨ,大:ㄉㄚˋ→ㄉㄞˋ(IVS+1),IVS可修,
主從,ㄓㄨˇ ㄗㄨㄥˋ,ㄓㄨˇ ㄘㄨㄥˊ,從:ㄘㄨㄥˊ→ㄗㄨㄥˋ(IVS+1),IVS可修,
屬意,ㄓㄨˇ ㄧˋ,ㄕㄨˇ ㄧˋ,屬:ㄕㄨˇ→ㄓㄨˇ(IVS+1),IVS可修,
助興,ㄓㄨˋ ㄒㄧㄥˋ,ㄓㄨˋ ㄒㄧㄥ,興:ㄒㄧㄥ→ㄒㄧㄥˋ(IVS+1),IVS可修,
助長,ㄓㄨˋ ㄓㄤˇ,ㄓㄨˋ ㄔㄤˊ,長:ㄔㄤˊ→ㄓㄤˇ(IVS+1),IVS可修,
住處,ㄓㄨˋ ㄔㄨˋ,ㄓㄨˋ ㄔㄨˇ,處:ㄔㄨˇ→ㄔㄨˋ(IVS+1),IVS可修,
柱子,ㄓㄨˋ ˙ㄗ,ㄓㄨˋ ㄗˇ,子:ㄗˇ→˙ㄗ(IVS+1),IVS可修,
著名,ㄓㄨˋ ㄇㄧㄥˊ,˙ㄓㄜ ㄇㄧㄥˊ,著:˙ㄓㄜ→ㄓㄨˋ(IVS+1),IVS可修,
著者,ㄓㄨˋ ㄓㄜˇ,˙ㄓㄜ ㄓㄜˇ,著:˙ㄓㄜ→ㄓㄨˋ(IVS+1),IVS可修,
著稱,ㄓㄨˋ ㄔㄥ,˙ㄓㄜ ㄔㄥ,著:˙ㄓㄜ→ㄓㄨˋ(IVS+1),IVS可修,
著書,ㄓㄨˋ ㄕㄨ,˙ㄓㄜ ㄕㄨ,著:˙ㄓㄜ→ㄓㄨˋ(IVS+1),IVS可修,
著書立說,ㄓㄨˋ ㄕㄨ ㄌㄧˋ ㄕㄨㄛ,˙ㄓㄜ ㄕㄨ ㄌㄧˋ ㄕㄨㄛ,著:˙ㄓㄜ→ㄓㄨˋ(IVS+1),IVS可修,
著述,ㄓㄨˋ ㄕㄨˋ,˙ㄓㄜ ㄕㄨˋ,著:˙ㄓㄜ→ㄓㄨˋ(IVS+1),IVS可修,
著作,ㄓㄨˋ ㄗㄨㄛˋ,˙ㄓㄜ ㄗㄨㄛˋ,著:˙ㄓㄜ→ㄓㄨˋ(IVS+1),IVS可修,
爪子,ㄓㄨㄚˇ ˙ㄗ,ㄓㄨㄚˇ ㄗˇ,子:ㄗˇ→˙ㄗ(IVS+1),IVS可修,
桌子,ㄓㄨㄛ ˙ㄗ,ㄓㄨㄛ ㄗˇ,子:ㄗˇ→˙ㄗ(IVS+1),IVS可修,
酌量,ㄓㄨㄛˊ ㄌㄧㄤˊ,ㄓㄨㄛˊ ㄌㄧㄤˋ,量:ㄌㄧㄤˋ→ㄌㄧㄤˊ(IVS+1),IVS可修,
拙著,ㄓㄨㄛˊ ㄓㄨˋ,ㄓㄨㄛˊ ˙ㄓㄜ,著:˙ㄓㄜ→ㄓㄨˋ(IVS+1),IVS可修,
卓著,ㄓㄨㄛˊ ㄓㄨˋ,ㄓㄨㄛˊ ˙ㄓㄜ,著:˙ㄓㄜ→ㄓㄨˋ(IVS+1),IVS可修,
著墨,ㄓㄨㄛˊ ㄇㄛˋ,˙ㄓㄜ ㄇㄛˋ,著:˙ㄓㄜ→ㄓㄨㄛˊ(IVS+4),IVS可修,
著地,ㄓㄨㄛˊ ㄉㄧˋ,˙ㄓㄜ ㄉㄧˋ,著:˙ㄓㄜ→ㄓㄨㄛˊ(IVS+4),IVS可修,
著力,ㄓㄨㄛˊ ㄌㄧˋ,˙ㄓㄜ ㄌㄧˋ,著:˙ㄓㄜ→ㄓㄨㄛˊ(IVS+4),IVS可修,
著陸,ㄓㄨㄛˊ ㄌㄨˋ,˙ㄓㄜ ㄌㄨˋ,著:˙ㄓㄜ→ㄓㄨㄛˊ(IVS+4),IVS可修,
著落,ㄓㄨㄛˊ ㄌㄨㄛˋ,˙ㄓㄜ ㄌㄨㄛˋ,著:˙ㄓㄜ→ㄓㄨㄛˊ(IVS+4),IVS可修,
著重,ㄓㄨㄛˊ ㄓㄨㄥˋ,˙ㄓㄜ ㄓㄨㄥˋ,著:˙ㄓㄜ→ㄓㄨㄛˊ(IVS+4),IVS可修,
著實,ㄓㄨㄛˊ ㄕˊ,˙ㄓㄜ ㄕˊ,著:˙ㄓㄜ→ㄓㄨㄛˊ(IVS+4),IVS可修,
著手,ㄓㄨㄛˊ ㄕㄡˇ,˙ㄓㄜ ㄕㄡˇ,著:˙ㄓㄜ→ㄓㄨㄛˊ(IVS+4),IVS可修,
鐲子,ㄓㄨㄛˊ ˙ㄗ,ㄓㄨㄛˊ ㄗˇ,子:ㄗˇ→˙ㄗ(IVS+1),IVS可修,
錐子,ㄓㄨㄟ ˙ㄗ,ㄓㄨㄟ ㄗˇ,子:ㄗˇ→˙ㄗ(IVS+1),IVS可修,
墜子,ㄓㄨㄟˋ ˙ㄗ,ㄓㄨㄟˋ ㄗˇ,子:ㄗˇ→˙ㄗ(IVS+1),IVS可修,
專橫,ㄓㄨㄢ ㄏㄥˋ,ㄓㄨㄢ ㄏㄥˊ,橫:ㄏㄥˊ→ㄏㄥˋ(IVS+1),IVS可修,
專著,ㄓㄨㄢ ㄓㄨˋ,ㄓㄨㄢ ˙ㄓㄜ,著:˙ㄓㄜ→ㄓㄨˋ(IVS+1),IVS可修,
磚頭,ㄓㄨㄢ ˙ㄊㄡ,ㄓㄨㄢ ㄊㄡˊ,頭:ㄊㄡˊ→˙ㄊㄡ(IVS+1),IVS可修,
轉行,ㄓㄨㄢˇ ㄏㄤˊ,ㄓㄨㄢˇ ㄒㄧㄥˊ,行:ㄒㄧㄥˊ→ㄏㄤˊ(IVS+1),IVS可修,
傳記,ㄓㄨㄢˋ ㄐㄧˋ,ㄔㄨㄢˊ ㄐㄧˋ,傳:ㄔㄨㄢˊ→ㄓㄨㄢˋ(IVS+1),IVS可修,
轉圈,ㄓㄨㄢˋ ㄑㄩㄢ,ㄓㄨㄢˇ ㄑㄩㄢ,轉:ㄓㄨㄢˇ→ㄓㄨㄢˋ(IVS+1),IVS可修,
賺頭,ㄓㄨㄢˋ ˙ㄊㄡ,ㄓㄨㄢˋ ㄊㄡˊ,頭:ㄊㄡˊ→˙ㄊㄡ(IVS+1),IVS可修,
壯盛,ㄓㄨㄤˋ ㄕㄥˋ,ㄓㄨㄤˋ ㄔㄥˊ,盛:ㄔㄥˊ→ㄕㄥˋ(IVS+1),IVS可修,
衷曲,ㄓㄨㄥ ㄑㄩ,ㄓㄨㄥ ㄑㄩˇ,曲:ㄑㄩˇ→ㄑㄩ(IVS+1),IVS可修,
中彈,ㄓㄨㄥˋ ㄉㄢˋ,ㄓㄨㄥ ㄉㄢˋ,中:ㄓㄨㄥ→ㄓㄨㄥˋ(IVS+1),IVS可修,
中毒,ㄓㄨㄥˋ ㄉㄨˊ,ㄓㄨㄥ ㄉㄨˊ,中:ㄓㄨㄥ→ㄓㄨㄥˋ(IVS+1),IVS可修,
中聽,ㄓㄨㄥˋ ㄊㄧㄥ,ㄓㄨㄥ ㄊㄧㄥ,中:ㄓㄨㄥ→ㄓㄨㄥˋ(IVS+1),IVS可修,
中規中矩,ㄓㄨㄥˋ ㄍㄨㄟ ㄓㄨㄥˋ ㄐㄩˇ,ㄓㄨㄥ ㄍㄨㄟ ㄓㄨㄥ ㄐㄩˇ,中:ㄓㄨㄥ→ㄓㄨㄥˋ(IVS+1); 中:ㄓㄨㄥ→ㄓㄨㄥˋ(IVS+1),IVS可修,
中看,ㄓㄨㄥˋ ㄎㄢˋ,ㄓㄨㄥ ㄎㄢˋ,中:ㄓㄨㄥ→ㄓㄨㄥˋ(IVS+1),IVS可修,
中肯,ㄓㄨㄥˋ ㄎㄣˇ,ㄓㄨㄥ ㄎㄣˇ,中:ㄓㄨㄥ→ㄓㄨㄥˋ(IVS+1),IVS可修,
中計,ㄓㄨㄥˋ ㄐㄧˋ,ㄓㄨㄥ ㄐㄧˋ,中:ㄓㄨㄥ→ㄓㄨㄥˋ(IVS+1),IVS可修,
中獎,ㄓㄨㄥˋ ㄐㄧㄤˇ,ㄓㄨㄥ ㄐㄧㄤˇ,中:ㄓㄨㄥ→ㄓㄨㄥˋ(IVS+1),IVS可修,
中選,ㄓㄨㄥˋ ㄒㄩㄢˇ,ㄓㄨㄥ ㄒㄩㄢˇ,中:ㄓㄨㄥ→ㄓㄨㄥˋ(IVS+1),IVS可修,
中傷,ㄓㄨㄥˋ ㄕㄤ,ㄓㄨㄥ ㄕㄤ,中:ㄓㄨㄥ→ㄓㄨㄥˋ(IVS+1),IVS可修,
中暑,ㄓㄨㄥˋ ㄕㄨˇ,ㄓㄨㄥ ㄕㄨˇ,中:ㄓㄨㄥ→ㄓㄨㄥˋ(IVS+1),IVS可修,
中意,ㄓㄨㄥˋ ㄧˋ,ㄓㄨㄥ ㄧˋ,中:ㄓㄨㄥ→ㄓㄨㄥˋ(IVS+1),IVS可修,
中用,ㄓㄨㄥˋ ㄩㄥˋ,ㄓㄨㄥ ㄩㄥˋ,中:ㄓㄨㄥ→ㄓㄨㄥˋ(IVS+1),IVS可修,
重擔,ㄓㄨㄥˋ ㄉㄢˋ,ㄓㄨㄥˋ ㄉㄢ,擔:ㄉㄢ→ㄉㄢˋ(IVS+1),IVS可修,
重創,ㄓㄨㄥˋ ㄔㄨㄤ,ㄓㄨㄥˋ ㄔㄨㄤˋ,創:ㄔㄨㄤˋ→ㄔㄨㄤ(IVS+1),IVS可修,
種田,ㄓㄨㄥˋ ㄊㄧㄢˊ,ㄓㄨㄥˇ ㄊㄧㄢˊ,種:ㄓㄨㄥˇ→ㄓㄨㄥˋ(IVS+1),IVS可修,
種植,ㄓㄨㄥˋ ㄓˊ,ㄓㄨㄥˇ ㄓˊ,種:ㄓㄨㄥˇ→ㄓㄨㄥˋ(IVS+1),IVS可修,
種因,ㄓㄨㄥˋ ㄧㄣ,ㄓㄨㄥˇ ㄧㄣ,種:ㄓㄨㄥˇ→ㄓㄨㄥˋ(IVS+1),IVS可修,
眾矢之的,ㄓㄨㄥˋ ㄕˇ ㄓ ㄉㄧˋ,ㄓㄨㄥˋ ㄕˇ ㄓ ˙ㄉㄜ,的:˙ㄉㄜ→ㄉㄧˋ(IVS+2),IVS可修,
吃排頭,ㄔ ㄆㄞˊ ˙ㄊㄡ,ㄔ ㄆㄞˊ ㄊㄡˊ,頭:ㄊㄡˊ→˙ㄊㄡ(IVS+1),IVS可修,
吃苦頭,ㄔ ㄎㄨˇ ˙ㄊㄡ,ㄔ ㄎㄨˇ ㄊㄡˊ,頭:ㄊㄡˊ→˙ㄊㄡ(IVS+1),IVS可修,
吃喝拉撒睡,ㄔ ㄏㄜ ㄌㄚ ㄙㄚ ㄕㄨㄟˋ,ㄔ ㄏㄜ ㄌㄚ ㄙㄚˇ ㄕㄨㄟˋ,撒:ㄙㄚˇ→ㄙㄚ(IVS+1),IVS可修,
赤嵌樓,ㄔˋ ㄎㄢˇ ㄌㄡˊ,ㄔˋ ㄑㄧㄢ ㄌㄡˊ,嵌:ㄑㄧㄢ→ㄎㄢˇ(IVS+1),IVS可修,
赤身露體,ㄔˋ ㄕㄣ ㄌㄡˋ ㄊㄧˇ,ㄔˋ ㄕㄣ ㄌㄨˋ ㄊㄧˇ,露:ㄌㄨˋ→ㄌㄡˋ(IVS+1),IVS可修,
熾盛,ㄔˋ ㄕㄥˋ,ㄔˋ ㄔㄥˊ,盛:ㄔㄥˊ→ㄕㄥˋ(IVS+1),IVS可修,
叉子,ㄔㄚ ˙ㄗ,ㄔㄚ ㄗˇ,子:ㄗˇ→˙ㄗ(IVS+1),IVS可修,
茶行,ㄔㄚˊ ㄏㄤˊ,ㄔㄚˊ ㄒㄧㄥˊ,行:ㄒㄧㄥˊ→ㄏㄤˊ(IVS+1),IVS可修,
車把,ㄔㄜ ㄅㄚˋ,ㄔㄜ ㄅㄚˇ,把:ㄅㄚˇ→ㄅㄚˋ(IVS+1),IVS可修,
車行,ㄔㄜ ㄏㄤˊ,ㄔㄜ ㄒㄧㄥˊ,行:ㄒㄧㄥˊ→ㄏㄤˊ(IVS+1),IVS可修,
車載斗量,ㄔㄜ ㄗㄞˋ ㄉㄡˇ ㄌㄧㄤˊ,ㄔㄜ ㄗㄞˋ ㄉㄡˇ ㄌㄧㄤˋ,量:ㄌㄧㄤˋ→ㄌㄧㄤˊ(IVS+1),IVS可修,
差旅費,ㄔㄞ ㄌㄩˇ ㄈㄟˋ,ㄔㄚ ㄌㄩˇ ㄈㄟˋ,差:ㄔㄚ→ㄔㄞ(IVS+1),IVS可修,
差遣,ㄔㄞ ㄑㄧㄢˇ,ㄔㄚ ㄑㄧㄢˇ,差:ㄔㄚ→ㄔㄞ(IVS+1),IVS可修,
差使,ㄔㄞ ㄕˇ,ㄔㄚ ㄕˇ,差:ㄔㄚ→ㄔㄞ(IVS+1),IVS可修,
差事,ㄔㄞ ㄕˋ,ㄔㄚ ㄕˋ,差:ㄔㄚ→ㄔㄞ(IVS+1),IVS可修,
抽調,ㄔㄡ ㄉㄧㄠˋ,ㄔㄡ ㄊㄧㄠˊ,調:ㄊㄧㄠˊ→ㄉㄧㄠˋ(IVS+1),IVS可修,
抽空,ㄔㄡ ㄎㄨㄥˋ,ㄔㄡ ㄎㄨㄥ,空:ㄎㄨㄥ→ㄎㄨㄥˋ(IVS+1),IVS可修,
綢繆,ㄔㄡˊ ㄇㄡˊ,ㄔㄡˊ ㄇㄧㄡˋ,繆:ㄇㄧㄡˋ→ㄇㄡˊ(IVS+1),IVS可修,
丑角,ㄔㄡˇ ㄐㄩㄝˊ,ㄔㄡˇ ㄐㄧㄠˇ,角:ㄐㄧㄠˇ→ㄐㄩㄝˊ(IVS+1),IVS可修,
臭味相投,ㄔㄡˋ ㄨㄟˋ ㄒㄧㄤ ㄊㄡˊ,ㄔㄡˋ ㄨㄟˋ ㄒㄧㄤˋ ㄊㄡˊ,相:ㄒㄧㄤˋ→ㄒㄧㄤ(IVS+1),IVS可修,多義詞
攙和,ㄔㄢ ㄏㄨㄛˋ,ㄔㄢ ㄏㄜˊ,和:ㄏㄜˊ→ㄏㄨㄛˋ(IVS+3),IVS可修,
單于,ㄔㄢˊ ㄩˊ,ㄉㄢ ㄩˊ,單:ㄉㄢ→ㄔㄢˊ(IVS+2),IVS可修,
產假,ㄔㄢˇ ㄐㄧㄚˋ,ㄔㄢˇ ㄐㄧㄚˇ,假:ㄐㄧㄚˇ→ㄐㄧㄚˋ(IVS+1),IVS可修,
鏟子,ㄔㄢˇ ˙ㄗ,ㄔㄢˇ ㄗˇ,子:ㄗˇ→˙ㄗ(IVS+1),IVS可修,
沉沒,ㄔㄣˊ ㄇㄛˋ,ㄔㄣˊ ㄇㄟˊ,沒:ㄇㄟˊ→ㄇㄛˋ(IVS+1),IVS可修,
沉悶,ㄔㄣˊ ㄇㄣˋ,ㄔㄣˊ ㄇㄣ,悶:ㄇㄣ→ㄇㄣˋ(IVS+1),IVS可修,
沉著,ㄔㄣˊ ㄓㄨㄛˊ,ㄔㄣˊ ˙ㄓㄜ,著:˙ㄓㄜ→ㄓㄨㄛˊ(IVS+4),IVS可修,
陳腔濫調,ㄔㄣˊ ㄑㄧㄤ ㄌㄢˋ ㄉㄧㄠˋ,ㄔㄣˊ ㄑㄧㄤ ㄌㄢˋ ㄊㄧㄠˊ,調:ㄊㄧㄠˊ→ㄉㄧㄠˋ(IVS+1),IVS可修,
陳陳相因,ㄔㄣˊ ㄔㄣˊ ㄒㄧㄤ ㄧㄣ,ㄔㄣˊ ㄔㄣˊ ㄒㄧㄤˋ ㄧㄣ,相:ㄒㄧㄤˋ→ㄒㄧㄤ(IVS+1),IVS可修,
昌盛,ㄔㄤ ㄕㄥˋ,ㄔㄤ ㄔㄥˊ,盛:ㄔㄥˊ→ㄕㄥˋ(IVS+1),IVS可修,
長假,ㄔㄤˊ ㄐㄧㄚˋ,ㄔㄤˊ ㄐㄧㄚˇ,假:ㄐㄧㄚˇ→ㄐㄧㄚˋ(IVS+1),IVS可修,
長處,ㄔㄤˊ ㄔㄨˋ,ㄔㄤˊ ㄔㄨˇ,處:ㄔㄨˇ→ㄔㄨˋ(IVS+1),IVS可修,
倘佯,ㄔㄤˊ ㄧㄤˊ,ㄊㄤˇ ㄧㄤˊ,倘:ㄊㄤˇ→ㄔㄤˊ(字型無此讀音),字型缺讀音,
償還,ㄔㄤˊ ㄏㄨㄢˊ,ㄔㄤˊ ㄏㄞˊ,還:ㄏㄞˊ→ㄏㄨㄢˊ(IVS+1),IVS可修,
腸子,ㄔㄤˊ ˙ㄗ,ㄔㄤˊ ㄗˇ,子:ㄗˇ→˙ㄗ(IVS+1),IVS可修,
場子,ㄔㄤˇ ˙ㄗ,ㄔㄤˇ ㄗˇ,子:ㄗˇ→˙ㄗ(IVS+1),IVS可修,
廠長,ㄔㄤˇ ㄓㄤˇ,ㄔㄤˇ ㄔㄤˊ,長:ㄔㄤˊ→ㄓㄤˇ(IVS+1),IVS可修,
唱反調,ㄔㄤˋ ㄈㄢˇ ㄉㄧㄠˋ,ㄔㄤˋ ㄈㄢˇ ㄊㄧㄠˊ,調:ㄊㄧㄠˊ→ㄉㄧㄠˋ(IVS+1),IVS可修,
唱獨角戲,ㄔㄤˋ ㄉㄨˊ ㄐㄩㄝˊ ㄒㄧˋ,ㄔㄤˋ ㄉㄨˊ ㄐㄧㄠˇ ㄒㄧˋ,角:ㄐㄧㄠˇ→ㄐㄩㄝˊ(IVS+1),IVS可修,
唱高調,ㄔㄤˋ ㄍㄠ ㄉㄧㄠˋ,ㄔㄤˋ ㄍㄠ ㄊㄧㄠˊ,調:ㄊㄧㄠˊ→ㄉㄧㄠˋ(IVS+1),IVS可修,
唱和,ㄔㄤˋ ㄏㄜˋ,ㄔㄤˋ ㄏㄜˊ,和:ㄏㄜˊ→ㄏㄜˋ(IVS+2),IVS可修,
成分,ㄔㄥˊ ㄈㄣˋ,ㄔㄥˊ ㄈㄣ,分:ㄈㄣ→ㄈㄣˋ(IVS+1),IVS可修,
成年累月,ㄔㄥˊ ㄋㄧㄢˊ ㄌㄟˇ ㄩㄝˋ,ㄔㄥˊ ㄋㄧㄢˊ ㄌㄟˋ ㄩㄝˋ,累:ㄌㄟˋ→ㄌㄟˇ(IVS+1),IVS可修,
成長,ㄔㄥˊ ㄓㄤˇ,ㄔㄥˊ ㄔㄤˊ,長:ㄔㄤˊ→ㄓㄤˇ(IVS+1),IVS可修,
成長率,ㄔㄥˊ ㄓㄤˇ ㄌㄩˋ,ㄔㄥˊ ㄔㄤˊ ㄌㄩˋ,長:ㄔㄤˊ→ㄓㄤˇ(IVS+1),IVS可修,
乘興,ㄔㄥˊ ㄒㄧㄥˋ,ㄔㄥˊ ㄒㄧㄥ,興:ㄒㄧㄥ→ㄒㄧㄥˋ(IVS+1),IVS可修,
稱心,ㄔㄥˋ ㄒㄧㄣ,ㄔㄥ ㄒㄧㄣ,稱:ㄔㄥ→ㄔㄥˋ(IVS+1),IVS可修,
稱心如意,ㄔㄥˋ ㄒㄧㄣ ㄖㄨˊ ㄧˋ,ㄔㄥ ㄒㄧㄣ ㄖㄨˊ ㄧˋ,稱:ㄔㄥ→ㄔㄥˋ(IVS+1),IVS可修,
稱職,ㄔㄥˋ ㄓˊ,ㄔㄥ ㄓˊ,稱:ㄔㄥ→ㄔㄥˋ(IVS+1),IVS可修,
稱身,ㄔㄥˋ ㄕㄣ,ㄔㄥ ㄕㄣ,稱:ㄔㄥ→ㄔㄥˋ(IVS+1),IVS可修,
出沒,ㄔㄨ ㄇㄛˋ,ㄔㄨ ㄇㄟˊ,沒:ㄇㄟˊ→ㄇㄛˋ(IVS+1),IVS可修,
出風頭,ㄔㄨ ㄈㄥ ˙ㄊㄡ,ㄔㄨ ㄈㄥ ㄊㄡˊ,頭:ㄊㄡˊ→˙ㄊㄡ(IVS+1),IVS可修,
出點子,ㄔㄨ ㄉㄧㄢˇ ˙ㄗ,ㄔㄨ ㄉㄧㄢˇ ㄗˇ,子:ㄗˇ→˙ㄗ(IVS+1),IVS可修,
出公差,ㄔㄨ ㄍㄨㄥ ㄔㄞ,ㄔㄨ ㄍㄨㄥ ㄔㄚ,差:ㄔㄚ→ㄔㄞ(IVS+1),IVS可修,
出將入相,ㄔㄨ ㄐㄧㄤˋ ㄖㄨˋ ㄒㄧㄤˋ,ㄔㄨ ㄐㄧㄤ ㄖㄨˋ ㄒㄧㄤˋ,將:ㄐㄧㄤ→ㄐㄧㄤˋ(IVS+1),IVS可修,
出息,ㄔㄨ ˙ㄒㄧ,ㄔㄨ ㄒㄧˊ,息:ㄒㄧˊ→˙ㄒㄧ(字型無此讀音),字型缺讀音,
出岔子,ㄔㄨ ㄔㄚˋ ˙ㄗ,ㄔㄨ ㄔㄚˋ ㄗˇ,子:ㄗˇ→˙ㄗ(IVS+1),IVS可修,
出差,ㄔㄨ ㄔㄞ,ㄔㄨ ㄔㄚ,差:ㄔㄚ→ㄔㄞ(IVS+1),IVS可修,
廚子,ㄔㄨˊ ˙ㄗ,ㄔㄨˊ ㄗˇ,子:ㄗˇ→˙ㄗ(IVS+1),IVS可修,
鋤頭,ㄔㄨˊ ˙ㄊㄡ,ㄔㄨˊ ㄊㄡˊ,頭:ㄊㄡˊ→˙ㄊㄡ(IVS+1),IVS可修,
處分,ㄔㄨˇ ㄈㄣˋ,ㄔㄨˇ ㄈㄣ,分:ㄈㄣ→ㄈㄣˋ(IVS+1),IVS可修,
楚囚相對,ㄔㄨˇ ㄑㄧㄡˊ ㄒㄧㄤ ㄉㄨㄟˋ,ㄔㄨˇ ㄑㄧㄡˊ ㄒㄧㄤˋ ㄉㄨㄟˋ,相:ㄒㄧㄤˋ→ㄒㄧㄤ(IVS+1),IVS可修,
礎潤而雨,ㄔㄨˇ ㄖㄨㄣˋ ㄦˊ ㄩˋ,ㄔㄨˇ ㄖㄨㄣˋ ㄦˊ ㄩˇ,雨:ㄩˇ→ㄩˋ(IVS+1),IVS可修,
畜生,ㄔㄨˋ ㄕㄥ,ㄒㄩˋ ㄕㄥ,畜:ㄒㄩˋ→ㄔㄨˋ(IVS+1),IVS可修,
處長,ㄔㄨˋ ㄓㄤˇ,ㄔㄨˇ ㄔㄤˊ,處:ㄔㄨˇ→ㄔㄨˋ(IVS+1); 長:ㄔㄤˊ→ㄓㄤˇ(IVS+1),IVS可修,
處處,ㄔㄨˋ ㄔㄨˋ,ㄔㄨˇ ㄔㄨˇ,處:ㄔㄨˇ→ㄔㄨˋ(IVS+1); 處:ㄔㄨˇ→ㄔㄨˋ(IVS+1),IVS可修,
處所,ㄔㄨˋ ㄙㄨㄛˇ,ㄔㄨˇ ㄙㄨㄛˇ,處:ㄔㄨˇ→ㄔㄨˋ(IVS+1),IVS可修,
吹鬍子瞪眼,ㄔㄨㄟ ㄏㄨˊ ˙ㄗ ㄉㄥˋ ㄧㄢˇ,ㄔㄨㄟ ㄏㄨˊ ㄗˇ ㄉㄥˋ ㄧㄢˇ,子:ㄗˇ→˙ㄗ(IVS+1),IVS可修,
垂頭喪氣,ㄔㄨㄟˊ ㄊㄡˊ ㄙㄤˋ ㄑㄧˋ,ㄔㄨㄟˊ ㄊㄡˊ ㄙㄤ ㄑㄧˋ,喪:ㄙㄤ→ㄙㄤˋ(IVS+1),IVS可修,
垂簾聽政,ㄔㄨㄟˊ ㄌㄧㄢˊ ㄊㄧㄥˋ ㄓㄥˋ,ㄔㄨㄟˊ ㄌㄧㄢˊ ㄊㄧㄥ ㄓㄥˋ,聽:ㄊㄧㄥ→ㄊㄧㄥˋ(IVS+1),IVS可修,
垂死掙扎,ㄔㄨㄟˊ ㄙˇ ㄓㄥ ㄓㄚˊ,ㄔㄨㄟˊ ㄙˇ ㄓㄥ ㄓㄚ,扎:ㄓㄚ→ㄓㄚˊ(IVS+1),IVS可修,
槌子,ㄔㄨㄟˊ ˙ㄗ,ㄔㄨㄟˊ ㄗˇ,子:ㄗˇ→˙ㄗ(IVS+1),IVS可修,
穿著,ㄔㄨㄢ ㄓㄨㄛˊ,ㄔㄨㄢ ˙ㄓㄜ,著:˙ㄓㄜ→ㄓㄨㄛˊ(IVS+4),IVS可修,
船長,ㄔㄨㄢˊ ㄓㄤˇ,ㄔㄨㄢˊ ㄔㄤˊ,長:ㄔㄤˊ→ㄓㄤˇ(IVS+1),IVS可修,
串門子,ㄔㄨㄢˋ ㄇㄣˊ ˙ㄗ,ㄔㄨㄢˋ ㄇㄣˊ ㄗˇ,子:ㄗˇ→˙ㄗ(IVS+1),IVS可修,
春華,ㄔㄨㄣ ㄏㄨㄚ,ㄔㄨㄣ ㄏㄨㄚˊ,華:ㄏㄨㄚˊ→ㄏㄨㄚ(IVS+1),IVS可修,
春假,ㄔㄨㄣ ㄐㄧㄚˋ,ㄔㄨㄣ ㄐㄧㄚˇ,假:ㄐㄧㄚˇ→ㄐㄧㄚˋ(IVS+1),IVS可修,
屯留縣,ㄔㄨㄣˊ ㄌㄧㄡˊ ㄒㄧㄢˋ,ㄊㄨㄣˊ ㄌㄧㄡˊ ㄒㄧㄢˋ,屯:ㄊㄨㄣˊ→ㄔㄨㄣˊ(IVS+2),IVS可修,
創痛,ㄔㄨㄤ ㄊㄨㄥˋ,ㄔㄨㄤˋ ㄊㄨㄥˋ,創:ㄔㄨㄤˋ→ㄔㄨㄤ(IVS+1),IVS可修,
創口,ㄔㄨㄤ ㄎㄡˇ,ㄔㄨㄤˋ ㄎㄡˇ,創:ㄔㄨㄤˋ→ㄔㄨㄤ(IVS+1),IVS可修,
創痕,ㄔㄨㄤ ㄏㄣˊ,ㄔㄨㄤˋ ㄏㄣˊ,創:ㄔㄨㄤˋ→ㄔㄨㄤ(IVS+1),IVS可修,
創傷,ㄔㄨㄤ ㄕㄤ,ㄔㄨㄤˋ ㄕㄤ,創:ㄔㄨㄤˋ→ㄔㄨㄤ(IVS+1),IVS可修,
床鋪,ㄔㄨㄤˊ ㄆㄨˋ,ㄔㄨㄤˊ ㄆㄨ,鋪:ㄆㄨ→ㄆㄨˋ(IVS+1),IVS可修,
充分,ㄔㄨㄥ ㄈㄣˋ,ㄔㄨㄥ ㄈㄣ,分:ㄈㄣ→ㄈㄣˋ(IVS+1),IVS可修,
充塞,ㄔㄨㄥ ㄙㄜˋ,ㄔㄨㄥ ㄙㄞ,塞:ㄙㄞ→ㄙㄜˋ(IVS+1),IVS可修,
蟲子,ㄔㄨㄥˊ ˙ㄗ,ㄔㄨㄥˊ ㄗˇ,子:ㄗˇ→˙ㄗ(IVS+1),IVS可修,
重播,ㄔㄨㄥˊ ㄅㄛˋ,ㄓㄨㄥˋ ㄅㄛˋ,重:ㄓㄨㄥˋ→ㄔㄨㄥˊ(IVS+1),IVS可修,
重門深鎖,ㄔㄨㄥˊ ㄇㄣˊ ㄕㄣ ㄙㄨㄛˇ,ㄓㄨㄥˋ ㄇㄣˊ ㄕㄣ ㄙㄨㄛˇ,重:ㄓㄨㄥˋ→ㄔㄨㄥˊ(IVS+1),IVS可修,
重返,ㄔㄨㄥˊ ㄈㄢˇ,ㄓㄨㄥˋ ㄈㄢˇ,重:ㄓㄨㄥˋ→ㄔㄨㄥˊ(IVS+1),IVS可修,
重逢,ㄔㄨㄥˊ ㄈㄥˊ,ㄓㄨㄥˋ ㄈㄥˊ,重:ㄓㄨㄥˋ→ㄔㄨㄥˊ(IVS+1),IVS可修,
重複,ㄔㄨㄥˊ ㄈㄨˋ,ㄓㄨㄥˋ ㄈㄨˋ,重:ㄓㄨㄥˋ→ㄔㄨㄥˊ(IVS+1),IVS可修,
重蹈覆轍,ㄔㄨㄥˊ ㄉㄠˋ ㄈㄨˋ ㄔㄜˋ,ㄓㄨㄥˋ ㄉㄠˋ ㄈㄨˋ ㄔㄜˋ,重:ㄓㄨㄥˋ→ㄔㄨㄥˊ(IVS+1),IVS可修,
重疊,ㄔㄨㄥˊ ㄉㄧㄝˊ,ㄓㄨㄥˋ ㄉㄧㄝˊ,重:ㄓㄨㄥˋ→ㄔㄨㄥˊ(IVS+1),IVS可修,
重貼現率,ㄔㄨㄥˊ ㄊㄧㄝ ㄒㄧㄢˋ ㄌㄩˋ,ㄓㄨㄥˋ ㄊㄧㄝ ㄒㄧㄢˋ ㄌㄩˋ,重:ㄓㄨㄥˋ→ㄔㄨㄥˊ(IVS+1),IVS可修,
重考,ㄔㄨㄥˊ ㄎㄠˇ,ㄓㄨㄥˋ ㄎㄠˇ,重:ㄓㄨㄥˋ→ㄔㄨㄥˊ(IVS+1),IVS可修,
重劃,ㄔㄨㄥˊ ㄏㄨㄚˋ,ㄓㄨㄥˋ ㄏㄨㄚˋ,重:ㄓㄨㄥˋ→ㄔㄨㄥˊ(IVS+1),IVS可修,
重婚,ㄔㄨㄥˊ ㄏㄨㄣ,ㄓㄨㄥˋ ㄏㄨㄣ,重:ㄓㄨㄥˋ→ㄔㄨㄥˊ(IVS+1),IVS可修,
重九,ㄔㄨㄥˊ ㄐㄧㄡˇ,ㄓㄨㄥˋ ㄐㄧㄡˇ,重:ㄓㄨㄥˋ→ㄔㄨㄥˊ(IVS+1),IVS可修,
重見天日,ㄔㄨㄥˊ ㄐㄧㄢˋ ㄊㄧㄢ ㄖˋ,ㄓㄨㄥˋ ㄐㄧㄢˋ ㄊㄧㄢ ㄖˋ,重:ㄓㄨㄥˋ→ㄔㄨㄥˊ(IVS+1),IVS可修,
重修,ㄔㄨㄥˊ ㄒㄧㄡ,ㄓㄨㄥˋ ㄒㄧㄡ,重:ㄓㄨㄥˋ→ㄔㄨㄥˊ(IVS+1),IVS可修,
重修舊好,ㄔㄨㄥˊ ㄒㄧㄡ ㄐㄧㄡˋ ㄏㄠˇ,ㄓㄨㄥˋ ㄒㄧㄡ ㄐㄧㄡˋ ㄏㄠˇ,重:ㄓㄨㄥˋ→ㄔㄨㄥˊ(IVS+1),IVS可修,
重現江湖,ㄔㄨㄥˊ ㄒㄧㄢˋ ㄐㄧㄤ ㄏㄨˊ,ㄓㄨㄥˋ ㄒㄧㄢˋ ㄐㄧㄤ ㄏㄨˊ,重:ㄓㄨㄥˋ→ㄔㄨㄥˊ(IVS+1),IVS可修,
重新,ㄔㄨㄥˊ ㄒㄧㄣ,ㄓㄨㄥˋ ㄒㄧㄣ,重:ㄓㄨㄥˋ→ㄔㄨㄥˊ(IVS+1),IVS可修,
重振,ㄔㄨㄥˊ ㄓㄣˋ,ㄓㄨㄥˋ ㄓㄣˋ,重:ㄓㄨㄥˋ→ㄔㄨㄥˊ(IVS+1),IVS可修,
重振旗鼓,ㄔㄨㄥˊ ㄓㄣˋ ㄑㄧˊ ㄍㄨˇ,ㄓㄨㄥˋ ㄓㄣˋ ㄑㄧˊ ㄍㄨˇ,重:ㄓㄨㄥˋ→ㄔㄨㄥˊ(IVS+1),IVS可修,
重振雄風,ㄔㄨㄥˊ ㄓㄣˋ ㄒㄩㄥˊ ㄈㄥ,ㄓㄨㄥˋ ㄓㄣˋ ㄒㄩㄥˊ ㄈㄥ,重:ㄓㄨㄥˋ→ㄔㄨㄥˊ(IVS+1),IVS可修,
重整,ㄔㄨㄥˊ ㄓㄥˇ,ㄓㄨㄥˋ ㄓㄥˇ,重:ㄓㄨㄥˋ→ㄔㄨㄥˊ(IVS+1),IVS可修,
重整旗鼓,ㄔㄨㄥˊ ㄓㄥˇ ㄑㄧˊ ㄍㄨˇ,ㄓㄨㄥˋ ㄓㄥˇ ㄑㄧˊ ㄍㄨˇ,重:ㄓㄨㄥˋ→ㄔㄨㄥˊ(IVS+1),IVS可修,
重重,ㄔㄨㄥˊ ㄔㄨㄥˊ,ㄓㄨㄥˋ ㄓㄨㄥˋ,重:ㄓㄨㄥˋ→ㄔㄨㄥˊ(IVS+1); 重:ㄓㄨㄥˋ→ㄔㄨㄥˊ(IVS+1),IVS可修,
重申,ㄔㄨㄥˊ ㄕㄣ,ㄓㄨㄥˋ ㄕㄣ,重:ㄓㄨㄥˋ→ㄔㄨㄥˊ(IVS+1),IVS可修,
重生,ㄔㄨㄥˊ ㄕㄥ,ㄓㄨㄥˋ ㄕㄥ,重:ㄓㄨㄥˋ→ㄔㄨㄥˊ(IVS+1),IVS可修,
重奏,ㄔㄨㄥˊ ㄗㄡˋ,ㄓㄨㄥˋ ㄗㄡˋ,重:ㄓㄨㄥˋ→ㄔㄨㄥˊ(IVS+1),IVS可修,
重組,ㄔㄨㄥˊ ㄗㄨˇ,ㄓㄨㄥˋ ㄗㄨˇ,重:ㄓㄨㄥˋ→ㄔㄨㄥˊ(IVS+1),IVS可修,
重作馮婦,ㄔㄨㄥˊ ㄗㄨㄛˋ ㄈㄥˊ ㄈㄨˋ,ㄓㄨㄥˋ ㄗㄨㄛˋ ㄈㄥˊ ㄈㄨˋ,重:ㄓㄨㄥˋ→ㄔㄨㄥˊ(IVS+1),IVS可修,
重操舊業,ㄔㄨㄥˊ ㄘㄠ ㄐㄧㄡˋ ㄧㄝˋ,ㄓㄨㄥˋ ㄘㄠ ㄐㄧㄡˋ ㄧㄝˋ,重:ㄓㄨㄥˋ→ㄔㄨㄥˊ(IVS+1),IVS可修,
重演,ㄔㄨㄥˊ ㄧㄢˇ,ㄓㄨㄥˋ ㄧㄢˇ,重:ㄓㄨㄥˋ→ㄔㄨㄥˊ(IVS+1),IVS可修,
重陽,ㄔㄨㄥˊ ㄧㄤˊ,ㄓㄨㄥˋ ㄧㄤˊ,重:ㄓㄨㄥˋ→ㄔㄨㄥˊ(IVS+1),IVS可修,
重圍,ㄔㄨㄥˊ ㄨㄟˊ,ㄓㄨㄥˋ ㄨㄟˊ,重:ㄓㄨㄥˋ→ㄔㄨㄥˊ(IVS+1),IVS可修,
重溫舊夢,ㄔㄨㄥˊ ㄨㄣ ㄐㄧㄡˋ ㄇㄥˋ,ㄓㄨㄥˋ ㄨㄣ ㄐㄧㄡˋ ㄇㄥˋ,重:ㄓㄨㄥˋ→ㄔㄨㄥˊ(IVS+1),IVS可修,
失當,ㄕ ㄉㄤˋ,ㄕ ㄉㄤ,當:ㄉㄤ→ㄉㄤˋ(IVS+1),IVS可修,
師長,ㄕ ㄓㄤˇ,ㄕ ㄔㄤˊ,長:ㄔㄤˊ→ㄓㄤˇ(IVS+1),IVS可修,
獅子,ㄕ ˙ㄗ,ㄕ ㄗˇ,子:ㄗˇ→˙ㄗ(IVS+1),IVS可修,
溼答答,ㄕ ㄉㄚ ㄉㄚ,ㄕ ㄉㄚˊ ㄉㄚˊ,答:ㄉㄚˊ→ㄉㄚ(IVS+1); 答:ㄉㄚˊ→ㄉㄚ(IVS+1),IVS可修,
蝨子,ㄕ ˙ㄗ,ㄕ ㄗˇ,子:ㄗˇ→˙ㄗ(IVS+1),IVS可修,
十四行詩,ㄕˊ ㄙˋ ㄏㄤˊ ㄕ,ㄕˊ ㄙˋ ㄒㄧㄥˊ ㄕ,行:ㄒㄧㄥˊ→ㄏㄤˊ(IVS+1),IVS可修,
什錦,ㄕˊ ㄐㄧㄣˇ,ㄕㄣˊ ㄐㄧㄣˇ,什:ㄕㄣˊ→ㄕˊ(IVS+1),IVS可修,
什物,ㄕˊ ㄨˋ,ㄕㄣˊ ㄨˋ,什:ㄕㄣˊ→ㄕˊ(IVS+1),IVS可修,
石磨,ㄕˊ ㄇㄛˋ,ㄕˊ ㄇㄛˊ,磨:ㄇㄛˊ→ㄇㄛˋ(IVS+1),IVS可修,
石頭,ㄕˊ ˙ㄊㄡ,ㄕˊ ㄊㄡˊ,頭:ㄊㄡˊ→˙ㄊㄡ(IVS+1),IVS可修,
使性子,ㄕˇ ㄒㄧㄥˋ ˙ㄗ,ㄕˇ ㄒㄧㄥˋ ㄗˇ,子:ㄗˇ→˙ㄗ(IVS+1),IVS可修,
市長,ㄕˋ ㄓㄤˇ,ㄕˋ ㄔㄤˊ,長:ㄔㄤˊ→ㄓㄤˇ(IVS+1),IVS可修,
市場調查,ㄕˋ ㄔㄤˇ ㄉㄧㄠˋ ㄔㄚˊ,ㄕˋ ㄔㄤˇ ㄊㄧㄠˊ ㄔㄚˊ,調:ㄊㄧㄠˊ→ㄉㄧㄠˋ(IVS+1),IVS可修,
柿子,ㄕˋ ˙ㄗ,ㄕˋ ㄗˇ,子:ㄗˇ→˙ㄗ(IVS+1),IVS可修,
式子,ㄕˋ ˙ㄗ,ㄕˋ ㄗˇ,子:ㄗˇ→˙ㄗ(IVS+1),IVS可修,
侍從,ㄕˋ ㄗㄨㄥˋ,ㄕˋ ㄘㄨㄥˊ,從:ㄘㄨㄥˊ→ㄗㄨㄥˋ(IVS+1),IVS可修,
侍應生,ㄕˋ ㄧㄥˋ ㄕㄥ,ㄕˋ ㄧㄥ ㄕㄥ,應:ㄧㄥ→ㄧㄥˋ(IVS+1),IVS可修,
室內樂,ㄕˋ ㄋㄟˋ ㄩㄝˋ,ㄕˋ ㄋㄟˋ ㄌㄜˋ,樂:ㄌㄜˋ→ㄩㄝˋ(IVS+1),IVS可修,
是非曲直,ㄕˋ ㄈㄟ ㄑㄩ ㄓˊ,ㄕˋ ㄈㄟ ㄑㄩˇ ㄓˊ,曲:ㄑㄩˇ→ㄑㄩ(IVS+1),IVS可修,
勢不可當,ㄕˋ ㄅㄨˋ ㄎㄜˇ ㄉㄤˇ,ㄕˋ ㄅㄨˋ ㄎㄜˇ ㄉㄤ,當:ㄉㄤ→ㄉㄤˇ(字型無此讀音),字型缺讀音,
嗜好,ㄕˋ ㄏㄠˋ,ㄕˋ ㄏㄠˇ,好:ㄏㄠˇ→ㄏㄠˋ(IVS+1),IVS可修,
適當,ㄕˋ ㄉㄤˋ,ㄕˋ ㄉㄤ,當:ㄉㄤ→ㄉㄤˋ(IVS+1),IVS可修,
適切,ㄕˋ ㄑㄧㄝˋ,ㄕˋ ㄑㄧㄝ,切:ㄑㄧㄝ→ㄑㄧㄝˋ(IVS+1),IVS可修,
適應,ㄕˋ ㄧㄥˋ,ㄕˋ ㄧㄥ,應:ㄧㄥ→ㄧㄥˋ(IVS+1),IVS可修,
沙子,ㄕㄚ ˙ㄗ,ㄕㄚ ㄗˇ,子:ㄗˇ→˙ㄗ(IVS+1),IVS可修,
殺出重圍,ㄕㄚ ㄔㄨ ㄔㄨㄥˊ ㄨㄟˊ,ㄕㄚ ㄔㄨ ㄓㄨㄥˋ ㄨㄟˊ,重:ㄓㄨㄥˋ→ㄔㄨㄥˊ(IVS+1),IVS可修,
煞住,ㄕㄚ ㄓㄨˋ,ㄕㄚˋ ㄓㄨˋ,煞:ㄕㄚˋ→ㄕㄚ(IVS+1),IVS可修,
煞車,ㄕㄚ ㄔㄜ,ㄕㄚˋ ㄔㄜ,煞:ㄕㄚˋ→ㄕㄚ(IVS+1),IVS可修,
煞尾,ㄕㄚ ㄨㄟˇ,ㄕㄚˋ ㄨㄟˇ,煞:ㄕㄚˋ→ㄕㄚ(IVS+1),IVS可修,
傻小子,ㄕㄚˇ ㄒㄧㄠˇ ˙ㄗ,ㄕㄚˇ ㄒㄧㄠˇ ㄗˇ,子:ㄗˇ→˙ㄗ(IVS+1),IVS可修,
傻子,ㄕㄚˇ ˙ㄗ,ㄕㄚˇ ㄗˇ,子:ㄗˇ→˙ㄗ(IVS+1),IVS可修,
舌苔,ㄕㄜˊ ㄊㄞ,ㄕㄜˊ ㄊㄞˊ,苔:ㄊㄞˊ→ㄊㄞ(IVS+1),IVS可修,
舌頭,ㄕㄜˊ ˙ㄊㄡ,ㄕㄜˊ ㄊㄡˊ,頭:ㄊㄡˊ→˙ㄊㄡ(IVS+1),IVS可修,
舍我其誰,ㄕㄜˇ ㄨㄛˇ ㄑㄧˊ ㄕㄟˊ,ㄕㄜˋ ㄨㄛˇ ㄑㄧˊ ㄕㄟˊ,舍:ㄕㄜˋ→ㄕㄜˇ(IVS+1),IVS可修,
捨不得,ㄕㄜˇ ㄅㄨˋ ˙ㄉㄜ,ㄕㄜˇ ㄅㄨˋ ㄉㄜˊ,得:ㄉㄜˊ→˙ㄉㄜ(IVS+1),IVS可修,
捨得,ㄕㄜˇ ˙ㄉㄜ,ㄕㄜˇ ㄉㄜˊ,得:ㄉㄜˊ→˙ㄉㄜ(IVS+1),IVS可修,
拾級而上,ㄕㄜˋ ㄐㄧˊ ㄦˊ ㄕㄤˋ,ㄕˊ ㄐㄧˊ ㄦˊ ㄕㄤˋ,拾:ㄕˊ→ㄕㄜˋ(IVS+1),IVS可修,
葉縣,ㄕㄜˋ ㄒㄧㄢˋ,ㄧㄝˋ ㄒㄧㄢˋ,葉:ㄧㄝˋ→ㄕㄜˋ(IVS+1),IVS可修,
色子,ㄕㄞˇ ˙ㄗ,ㄙㄜˋ ㄗˇ,色:ㄙㄜˋ→ㄕㄞˇ(IVS+1); 子:ㄗˇ→˙ㄗ(IVS+1),IVS可修,
勺子,ㄕㄠˊ ˙ㄗ,ㄕㄠˊ ㄗˇ,子:ㄗˇ→˙ㄗ(IVS+1),IVS可修,
少不更事,ㄕㄠˋ ㄅㄨˋ ㄍㄥ ㄕˋ,ㄕㄠˇ ㄅㄨˋ ㄍㄥˋ ㄕˋ,少:ㄕㄠˇ→ㄕㄠˋ(IVS+1); 更:ㄍㄥˋ→ㄍㄥ(IVS+1),IVS可修,
少婦,ㄕㄠˋ ㄈㄨˋ,ㄕㄠˇ ㄈㄨˋ,少:ㄕㄠˇ→ㄕㄠˋ(IVS+1),IVS可修,
少奶奶,ㄕㄠˋ ㄋㄞˇ ˙ㄋㄞ,ㄕㄠˇ ㄋㄞˇ ㄋㄞˇ,少:ㄕㄠˇ→ㄕㄠˋ(IVS+1); 奶:ㄋㄞˇ→˙ㄋㄞ(IVS+1),IVS可修,
少年,ㄕㄠˋ ㄋㄧㄢˊ,ㄕㄠˇ ㄋㄧㄢˊ,少:ㄕㄠˇ→ㄕㄠˋ(IVS+1),IVS可修,
少年法庭,ㄕㄠˋ ㄋㄧㄢˊ ㄈㄚˇ ㄊㄧㄥˊ,ㄕㄠˇ ㄋㄧㄢˊ ㄈㄚˇ ㄊㄧㄥˊ,少:ㄕㄠˇ→ㄕㄠˋ(IVS+1),IVS可修,
少年老成,ㄕㄠˋ ㄋㄧㄢˊ ㄌㄠˇ ㄔㄥˊ,ㄕㄠˇ ㄋㄧㄢˊ ㄌㄠˇ ㄔㄥˊ,少:ㄕㄠˇ→ㄕㄠˋ(IVS+1),IVS可修,
少女,ㄕㄠˋ ㄋㄩˇ,ㄕㄠˇ ㄋㄩˇ,少:ㄕㄠˇ→ㄕㄠˋ(IVS+1),IVS可修,
少女情懷,ㄕㄠˋ ㄋㄩˇ ㄑㄧㄥˊ ㄏㄨㄞˊ,ㄕㄠˇ ㄋㄩˇ ㄑㄧㄥˊ ㄏㄨㄞˊ,少:ㄕㄠˇ→ㄕㄠˋ(IVS+1),IVS可修,
少林拳,ㄕㄠˋ ㄌㄧㄣˊ ㄑㄩㄢˊ,ㄕㄠˇ ㄌㄧㄣˊ ㄑㄩㄢˊ,少:ㄕㄠˇ→ㄕㄠˋ(IVS+1),IVS可修,
少小,ㄕㄠˋ ㄒㄧㄠˇ,ㄕㄠˇ ㄒㄧㄠˇ,少:ㄕㄠˇ→ㄕㄠˋ(IVS+1),IVS可修,
少壯,ㄕㄠˋ ㄓㄨㄤˋ,ㄕㄠˇ ㄓㄨㄤˋ,少:ㄕㄠˇ→ㄕㄠˋ(IVS+1),IVS可修,
少時,ㄕㄠˋ ㄕˊ,ㄕㄠˇ ㄕˊ,少:ㄕㄠˇ→ㄕㄠˋ(IVS+1),IVS可修,
少爺,ㄕㄠˋ ㄧㄝˊ,ㄕㄠˇ ㄧㄝˊ,少:ㄕㄠˇ→ㄕㄠˋ(IVS+1),IVS可修,
哨子,ㄕㄠˋ ˙ㄗ,ㄕㄠˋ ㄗˇ,子:ㄗˇ→˙ㄗ(IVS+1),IVS可修,
手把,ㄕㄡˇ ㄅㄚˋ,ㄕㄡˇ ㄅㄚˇ,把:ㄅㄚˇ→ㄅㄚˋ(IVS+1),IVS可修,
守分,ㄕㄡˇ ㄈㄣˋ,ㄕㄡˇ ㄈㄣ,分:ㄈㄣ→ㄈㄣˋ(IVS+1),IVS可修,
守正不阿,ㄕㄡˇ ㄓㄥˋ ㄅㄨˋ ㄜ,ㄕㄡˇ ㄓㄥˋ ㄅㄨˋ ㄚ,阿:ㄚ→ㄜ(IVS+1),IVS可修,
守望相助,ㄕㄡˇ ㄨㄤˋ ㄒㄧㄤ ㄓㄨˋ,ㄕㄡˇ ㄨㄤˋ ㄒㄧㄤˋ ㄓㄨˋ,相:ㄒㄧㄤˋ→ㄒㄧㄤ(IVS+1),IVS可修,
首都,ㄕㄡˇ ㄉㄨ,ㄕㄡˇ ㄉㄡ,都:ㄉㄡ→ㄉㄨ(IVS+1),IVS可修,
首長,ㄕㄡˇ ㄓㄤˇ,ㄕㄡˇ ㄔㄤˊ,長:ㄔㄤˊ→ㄓㄤˇ(IVS+1),IVS可修,
受不了,ㄕㄡˋ ㄅㄨˋ ㄌㄧㄠˇ,ㄕㄡˋ ㄅㄨˋ ˙ㄌㄜ,了:˙ㄌㄜ→ㄌㄧㄠˇ(IVS+1),IVS可修,
受難,ㄕㄡˋ ㄋㄢˋ,ㄕㄡˋ ㄋㄢˊ,難:ㄋㄢˊ→ㄋㄢˋ(IVS+1),IVS可修,
瘦削,ㄕㄡˋ ㄒㄩㄝˋ,ㄕㄡˋ ㄒㄧㄠ,削:ㄒㄧㄠ→ㄒㄩㄝˋ(IVS+1),IVS可修,
瘦子,ㄕㄡˋ ˙ㄗ,ㄕㄡˋ ㄗˇ,子:ㄗˇ→˙ㄗ(IVS+1),IVS可修,
山難,ㄕㄢ ㄋㄢˋ,ㄕㄢ ㄋㄢˊ,難:ㄋㄢˊ→ㄋㄢˋ(IVS+1),IVS可修,
山重水複,ㄕㄢ ㄔㄨㄥˊ ㄕㄨㄟˇ ㄈㄨˋ,ㄕㄢ ㄓㄨㄥˋ ㄕㄨㄟˇ ㄈㄨˋ,重:ㄓㄨㄥˋ→ㄔㄨㄥˊ(IVS+1),IVS可修,
扇子,ㄕㄢˋ ˙ㄗ,ㄕㄢˋ ㄗˇ,子:ㄗˇ→˙ㄗ(IVS+1),IVS可修,
單縣,ㄕㄢˋ ㄒㄧㄢˋ,ㄉㄢ ㄒㄧㄢˋ,單:ㄉㄢ→ㄕㄢˋ(IVS+1),IVS可修,
撣人,ㄕㄢˋ ㄖㄣˊ,ㄉㄢˇ ㄖㄣˊ,撣:ㄉㄢˇ→ㄕㄢˋ(IVS+1),IVS可修,
禪讓,ㄕㄢˋ ㄖㄤˋ,ㄔㄢˊ ㄖㄤˋ,禪:ㄔㄢˊ→ㄕㄢˋ(IVS+1),IVS可修,
伸縮縫,ㄕㄣ ㄙㄨㄛ ㄈㄥˋ,ㄕㄣ ㄙㄨㄛ ㄈㄥˊ,縫:ㄈㄥˊ→ㄈㄥˋ(IVS+1),IVS可修,
身分,ㄕㄣ ㄈㄣˋ,ㄕㄣ ㄈㄣ,分:ㄈㄣ→ㄈㄣˋ(IVS+1),IVS可修,
身分證,ㄕㄣ ㄈㄣˋ ㄓㄥˋ,ㄕㄣ ㄈㄣ ㄓㄥˋ,分:ㄈㄣ→ㄈㄣˋ(IVS+1),IVS可修,
身子,ㄕㄣ ˙ㄗ,ㄕㄣ ㄗˇ,子:ㄗˇ→˙ㄗ(IVS+1),IVS可修,
深更半夜,ㄕㄣ ㄍㄥ ㄅㄢˋ ㄧㄝˋ,ㄕㄣ ㄍㄥˋ ㄅㄢˋ ㄧㄝˋ,更:ㄍㄥˋ→ㄍㄥ(IVS+1),IVS可修,
深切,ㄕㄣ ㄑㄧㄝˋ,ㄕㄣ ㄑㄧㄝ,切:ㄑㄧㄝ→ㄑㄧㄝˋ(IVS+1),IVS可修,
深藏不露,ㄕㄣ ㄘㄤˊ ㄅㄨˋ ㄌㄡˋ,ㄕㄣ ㄘㄤˊ ㄅㄨˋ ㄌㄨˋ,露:ㄌㄨˋ→ㄌㄡˋ(IVS+1),IVS可修,
深惡痛絕,ㄕㄣ ㄨˋ ㄊㄨㄥˋ ㄐㄩㄝˊ,ㄕㄣ ㄜˋ ㄊㄨㄥˋ ㄐㄩㄝˊ,惡:ㄜˋ→ㄨˋ(IVS+1),IVS可修,
莘莘學子,ㄕㄣ ㄕㄣ ㄒㄩㄝˊ ㄗˇ,ㄒㄧㄣ ㄒㄧㄣ ㄒㄩㄝˊ ㄗˇ,莘:ㄒㄧㄣ→ㄕㄣ(IVS+1); 莘:ㄒㄧㄣ→ㄕㄣ(IVS+1),IVS可修,
甚麼,ㄕㄣˊ ˙ㄇㄜ,ㄕㄣˋ ˙ㄇㄜ,甚:ㄕㄣˋ→ㄕㄣˊ(IVS+1),IVS可修,
神魂顛倒,ㄕㄣˊ ㄏㄨㄣˊ ㄉㄧㄢ ㄉㄠˇ,ㄕㄣˊ ㄏㄨㄣˊ ㄉㄧㄢ ㄉㄠˋ,倒:ㄉㄠˋ→ㄉㄠˇ(IVS+1),IVS可修,
神差鬼使,ㄕㄣˊ ㄔㄞ ㄍㄨㄟˇ ㄕˇ,ㄕㄣˊ ㄔㄚ ㄍㄨㄟˇ ㄕˇ,差:ㄔㄚ→ㄔㄞ(IVS+1),IVS可修,
神出鬼沒,ㄕㄣˊ ㄔㄨ ㄍㄨㄟˇ ㄇㄛˋ,ㄕㄣˊ ㄔㄨ ㄍㄨㄟˇ ㄇㄟˊ,沒:ㄇㄟˊ→ㄇㄛˋ(IVS+1),IVS可修,
神荼鬱壘,ㄕㄣˊ ㄕㄨ ㄩˋ ㄌㄩˋ,ㄕㄣˊ ㄊㄨˊ ㄩˋ ㄌㄟˇ,荼:ㄊㄨˊ→ㄕㄨ(IVS+1); 壘:ㄌㄟˇ→ㄌㄩˋ(IVS+1),IVS可修,
嬸嬸,ㄕㄣˇ ˙ㄕㄣ,ㄕㄣˇ ㄕㄣˇ,嬸:ㄕㄣˇ→˙ㄕㄣ(IVS+1),IVS可修,
商量,ㄕㄤ ㄌㄧㄤˊ,ㄕㄤ ㄌㄧㄤˋ,量:ㄌㄧㄤˋ→ㄌㄧㄤˊ(IVS+1),IVS可修,
商行,ㄕㄤ ㄏㄤˊ,ㄕㄤ ㄒㄧㄥˊ,行:ㄒㄧㄥˊ→ㄏㄤˊ(IVS+1),IVS可修,
湯湯,ㄕㄤ ㄕㄤ,ㄊㄤ ㄊㄤ,湯:ㄊㄤ→ㄕㄤ(IVS+1); 湯:ㄊㄤ→ㄕㄤ(IVS+1),IVS可修,
傷痕累累,ㄕㄤ ㄏㄣˊ ㄌㄟˇ ㄌㄟˇ,ㄕㄤ ㄏㄣˊ ㄌㄟˋ ㄌㄟˋ,累:ㄌㄟˋ→ㄌㄟˇ(IVS+1); 累:ㄌㄟˋ→ㄌㄟˇ(IVS+1),IVS可修,
上聲,ㄕㄤˇ ㄕㄥ,ㄕㄤˋ ㄕㄥ,上:ㄕㄤˋ→ㄕㄤˇ(IVS+1),IVS可修,
晌午,ㄕㄤˇ ˙ㄏㄨㄛ,ㄕㄤˇ ㄨˇ,午:ㄨˇ→˙ㄏㄨㄛ(IVS+1),IVS可修,
上輩子,ㄕㄤˋ ㄅㄟˋ ˙ㄗ,ㄕㄤˋ ㄅㄟˋ ㄗˇ,子:ㄗˇ→˙ㄗ(IVS+1),IVS可修,
上當,ㄕㄤˋ ㄉㄤˋ,ㄕㄤˋ ㄉㄤ,當:ㄉㄤ→ㄉㄤˋ(IVS+1),IVS可修,
上頭,ㄕㄤˋ ˙ㄊㄡ,ㄕㄤˋ ㄊㄡˊ,頭:ㄊㄡˊ→˙ㄊㄡ(IVS+1),IVS可修,
上吐下瀉,ㄕㄤˋ ㄊㄨˋ ㄒㄧㄚˋ ㄒㄧㄝˋ,ㄕㄤˋ ㄊㄨˇ ㄒㄧㄚˋ ㄒㄧㄝˋ,吐:ㄊㄨˇ→ㄊㄨˋ(IVS+1),IVS可修,
上館子,ㄕㄤˋ ㄍㄨㄢˇ ˙ㄗ,ㄕㄤˋ ㄍㄨㄢˇ ㄗˇ,子:ㄗˇ→˙ㄗ(IVS+1),IVS可修,
上將,ㄕㄤˋ ㄐㄧㄤˋ,ㄕㄤˋ ㄐㄧㄤ,將:ㄐㄧㄤ→ㄐㄧㄤˋ(IVS+1),IVS可修,
上乘,ㄕㄤˋ ㄕㄥˋ,ㄕㄤˋ ㄔㄥˊ,乘:ㄔㄥˊ→ㄕㄥˋ(IVS+1),IVS可修,
生還,ㄕㄥ ㄏㄨㄢˊ,ㄕㄥ ㄏㄞˊ,還:ㄏㄞˊ→ㄏㄨㄢˊ(IVS+1),IVS可修,
生長,ㄕㄥ ㄓㄤˇ,ㄕㄥ ㄔㄤˊ,長:ㄔㄤˊ→ㄓㄤˇ(IVS+1),IVS可修,
牲畜,ㄕㄥ ㄔㄨˋ,ㄕㄥ ㄒㄩˋ,畜:ㄒㄩˋ→ㄔㄨˋ(IVS+1),IVS可修,
勝任,ㄕㄥ ㄖㄣˋ,ㄕㄥˋ ㄖㄣˋ,勝:ㄕㄥˋ→ㄕㄥ(IVS+1),IVS可修,
聲名狼藉,ㄕㄥ ㄇㄧㄥˊ ㄌㄤˊ ㄐㄧˊ,ㄕㄥ ㄇㄧㄥˊ ㄌㄤˊ ㄐㄧㄝˋ,藉:ㄐㄧㄝˋ→ㄐㄧˊ(IVS+1),IVS可修,
聲調,ㄕㄥ ㄉㄧㄠˋ,ㄕㄥ ㄊㄧㄠˊ,調:ㄊㄧㄠˊ→ㄉㄧㄠˋ(IVS+1),IVS可修,
聲氣相投,ㄕㄥ ㄑㄧˋ ㄒㄧㄤ ㄊㄡˊ,ㄕㄥ ㄑㄧˋ ㄒㄧㄤˋ ㄊㄡˊ,相:ㄒㄧㄤˋ→ㄒㄧㄤ(IVS+1),IVS可修,
聲氣相求,ㄕㄥ ㄑㄧˋ ㄒㄧㄤ ㄑㄧㄡˊ,ㄕㄥ ㄑㄧˋ ㄒㄧㄤˋ ㄑㄧㄡˊ,相:ㄒㄧㄤˋ→ㄒㄧㄤ(IVS+1),IVS可修,
聲樂,ㄕㄥ ㄩㄝˋ,ㄕㄥ ㄌㄜˋ,樂:ㄌㄜˋ→ㄩㄝˋ(IVS+1),IVS可修,
省分,ㄕㄥˇ ㄈㄣˋ,ㄕㄥˇ ㄈㄣ,分:ㄈㄣ→ㄈㄣˋ(IVS+1),IVS可修,
省長,ㄕㄥˇ ㄓㄤˇ,ㄕㄥˇ ㄔㄤˊ,長:ㄔㄤˊ→ㄓㄤˇ(IVS+1),IVS可修,
盛名,ㄕㄥˋ ㄇㄧㄥˊ,ㄔㄥˊ ㄇㄧㄥˊ,盛:ㄔㄥˊ→ㄕㄥˋ(IVS+1),IVS可修,
盛大,ㄕㄥˋ ㄉㄚˋ,ㄔㄥˊ ㄉㄚˋ,盛:ㄔㄥˊ→ㄕㄥˋ(IVS+1),IVS可修,
盛典,ㄕㄥˋ ㄉㄧㄢˇ,ㄔㄥˊ ㄉㄧㄢˇ,盛:ㄔㄥˊ→ㄕㄥˋ(IVS+1),IVS可修,
盛年,ㄕㄥˋ ㄋㄧㄢˊ,ㄔㄥˊ ㄋㄧㄢˊ,盛:ㄔㄥˊ→ㄕㄥˋ(IVS+1),IVS可修,
盛怒,ㄕㄥˋ ㄋㄨˋ,ㄔㄥˊ ㄋㄨˋ,盛:ㄔㄥˊ→ㄕㄥˋ(IVS+1),IVS可修,
盛開,ㄕㄥˋ ㄎㄞ,ㄔㄥˊ ㄎㄞ,盛:ㄔㄥˊ→ㄕㄥˋ(IVS+1),IVS可修,
盛況,ㄕㄥˋ ㄎㄨㄤˋ,ㄔㄥˊ ㄎㄨㄤˋ,盛:ㄔㄥˊ→ㄕㄥˋ(IVS+1),IVS可修,
盛況空前,ㄕㄥˋ ㄎㄨㄤˋ ㄎㄨㄥ ㄑㄧㄢˊ,ㄔㄥˊ ㄎㄨㄤˋ ㄎㄨㄥ ㄑㄧㄢˊ,盛:ㄔㄥˊ→ㄕㄥˋ(IVS+1),IVS可修,
盛會,ㄕㄥˋ ㄏㄨㄟˋ,ㄔㄥˊ ㄏㄨㄟˋ,盛:ㄔㄥˊ→ㄕㄥˋ(IVS+1),IVS可修,
盛極必衰,ㄕㄥˋ ㄐㄧˊ ㄅㄧˋ ㄕㄨㄞ,ㄔㄥˊ ㄐㄧˊ ㄅㄧˋ ㄕㄨㄞ,盛:ㄔㄥˊ→ㄕㄥˋ(IVS+1),IVS可修,
盛極一時,ㄕㄥˋ ㄐㄧˊ ㄧ ㄕˊ,ㄔㄥˊ ㄐㄧˊ ㄧ ㄕˊ,盛:ㄔㄥˊ→ㄕㄥˋ(IVS+1),IVS可修,
盛舉,ㄕㄥˋ ㄐㄩˇ,ㄔㄥˊ ㄐㄩˇ,盛:ㄔㄥˊ→ㄕㄥˋ(IVS+1),IVS可修,
盛氣凌人,ㄕㄥˋ ㄑㄧˋ ㄌㄧㄥˊ ㄖㄣˊ,ㄔㄥˊ ㄑㄧˋ ㄌㄧㄥˊ ㄖㄣˊ,盛:ㄔㄥˊ→ㄕㄥˋ(IVS+1),IVS可修,
盛情,ㄕㄥˋ ㄑㄧㄥˊ,ㄔㄥˊ ㄑㄧㄥˊ,盛:ㄔㄥˊ→ㄕㄥˋ(IVS+1),IVS可修,
盛情難卻,ㄕㄥˋ ㄑㄧㄥˊ ㄋㄢˊ ㄑㄩㄝˋ,ㄔㄥˊ ㄑㄧㄥˊ ㄋㄢˊ ㄑㄩㄝˋ,盛:ㄔㄥˊ→ㄕㄥˋ(IVS+1),IVS可修,
盛行,ㄕㄥˋ ㄒㄧㄥˊ,ㄔㄥˊ ㄒㄧㄥˊ,盛:ㄔㄥˊ→ㄕㄥˋ(IVS+1),IVS可修,
盛裝,ㄕㄥˋ ㄓㄨㄤ,ㄔㄥˊ ㄓㄨㄤ,盛:ㄔㄥˊ→ㄕㄥˋ(IVS+1),IVS可修,
盛產,ㄕㄥˋ ㄔㄢˇ,ㄔㄥˊ ㄔㄢˇ,盛:ㄔㄥˊ→ㄕㄥˋ(IVS+1),IVS可修,
盛傳,ㄕㄥˋ ㄔㄨㄢˊ,ㄔㄥˊ ㄔㄨㄢˊ,盛:ㄔㄥˊ→ㄕㄥˋ(IVS+1),IVS可修,
盛世,ㄕㄥˋ ㄕˋ,ㄔㄥˊ ㄕˋ,盛:ㄔㄥˊ→ㄕㄥˋ(IVS+1),IVS可修,
盛事,ㄕㄥˋ ㄕˋ,ㄔㄥˊ ㄕˋ,盛:ㄔㄥˊ→ㄕㄥˋ(IVS+1),IVS可修,
盛衰,ㄕㄥˋ ㄕㄨㄞ,ㄔㄥˊ ㄕㄨㄞ,盛:ㄔㄥˊ→ㄕㄥˋ(IVS+1),IVS可修,
盛衰榮枯,ㄕㄥˋ ㄕㄨㄞ ㄖㄨㄥˊ ㄎㄨ,ㄔㄥˊ ㄕㄨㄞ ㄖㄨㄥˊ ㄎㄨ,盛:ㄔㄥˊ→ㄕㄥˋ(IVS+1),IVS可修,
盛意,ㄕㄥˋ ㄧˋ,ㄔㄥˊ ㄧˋ,盛:ㄔㄥˊ→ㄕㄥˋ(IVS+1),IVS可修,
盛筵,ㄕㄥˋ ㄧㄢˊ,ㄔㄥˊ ㄧㄢˊ,盛:ㄔㄥˊ→ㄕㄥˋ(IVS+1),IVS可修,
盛宴,ㄕㄥˋ ㄧㄢˋ,ㄔㄥˊ ㄧㄢˋ,盛:ㄔㄥˊ→ㄕㄥˋ(IVS+1),IVS可修,
盛譽,ㄕㄥˋ ㄩˋ,ㄔㄥˊ ㄩˋ,盛:ㄔㄥˊ→ㄕㄥˋ(IVS+1),IVS可修,
梳子,ㄕㄨ ˙ㄗ,ㄕㄨ ㄗˇ,子:ㄗˇ→˙ㄗ(IVS+1),IVS可修,
書呆子,ㄕㄨ ㄉㄞ ˙ㄗ,ㄕㄨ ㄉㄞ ㄗˇ,子:ㄗˇ→˙ㄗ(IVS+1),IVS可修,
叔叔,ㄕㄨˊ ˙ㄕㄨ,ㄕㄨˊ ㄕㄨˊ,叔:ㄕㄨˊ→˙ㄕㄨ(IVS+1),IVS可修,
暑假,ㄕㄨˇ ㄐㄧㄚˋ,ㄕㄨˇ ㄐㄧㄚˇ,假:ㄐㄧㄚˇ→ㄐㄧㄚˋ(IVS+1),IVS可修,
署長,ㄕㄨˇ ㄓㄤˇ,ㄕㄨˇ ㄔㄤˊ,長:ㄔㄤˊ→ㄓㄤˇ(IVS+1),IVS可修,
數典忘祖,ㄕㄨˇ ㄉㄧㄢˇ ㄨㄤˋ ㄗㄨˇ,ㄕㄨˋ ㄉㄧㄢˇ ㄨㄤˋ ㄗㄨˇ,數:ㄕㄨˋ→ㄕㄨˇ(IVS+1),IVS可修,
數來寶,ㄕㄨˇ ㄌㄞˊ ㄅㄠˇ,ㄕㄨˋ ㄌㄞˊ ㄅㄠˇ,數:ㄕㄨˋ→ㄕㄨˇ(IVS+1),IVS可修,
數落,ㄕㄨˇ ㄌㄨㄛˋ,ㄕㄨˋ ㄌㄨㄛˋ,數:ㄕㄨˋ→ㄕㄨˇ(IVS+1),IVS可修,
數一數二,ㄕㄨˇ ㄧ ㄕㄨˇ ㄦˋ,ㄕㄨˋ ㄧ ㄕㄨˋ ㄦˋ,數:ㄕㄨˋ→ㄕㄨˇ(IVS+1); 數:ㄕㄨˋ→ㄕㄨˇ(IVS+1),IVS可修,
庶幾,ㄕㄨˋ ㄐㄧ,ㄕㄨˋ ㄐㄧˇ,幾:ㄐㄧˇ→ㄐㄧ(IVS+1),IVS可修,
署名,ㄕㄨˋ ㄇㄧㄥˊ,ㄕㄨˇ ㄇㄧㄥˊ,署:ㄕㄨˇ→ㄕㄨˋ(IVS+1),IVS可修,
署理,ㄕㄨˋ ㄌㄧˇ,ㄕㄨˇ ㄌㄧˇ,署:ㄕㄨˇ→ㄕㄨˋ(IVS+1),IVS可修,
樹倒猢猻散,ㄕㄨˋ ㄉㄠˇ ㄏㄨˊ ㄙㄨㄣ ㄙㄢˋ,ㄕㄨˋ ㄉㄠˋ ㄏㄨˊ ㄙㄨㄣ ㄙㄢˋ,倒:ㄉㄠˋ→ㄉㄠˇ(IVS+1),IVS可修,
刷子,ㄕㄨㄚ ˙ㄗ,ㄕㄨㄚ ㄗˇ,子:ㄗˇ→˙ㄗ(IVS+1),IVS可修,
說不得,ㄕㄨㄛ ㄅㄨˋ ˙ㄉㄜ,ㄕㄨㄛ ㄅㄨˋ ㄉㄜˊ,得:ㄉㄜˊ→˙ㄉㄜ(IVS+1),IVS可修,
說得過去,ㄕㄨㄛ ˙ㄉㄜ ㄍㄨㄛˋ ㄑㄩˋ,ㄕㄨㄛ ㄉㄜˊ ㄍㄨㄛˋ ㄑㄩˋ,得:ㄉㄜˊ→˙ㄉㄜ(IVS+1),IVS可修,
摔倒,ㄕㄨㄞ ㄉㄠˇ,ㄕㄨㄞ ㄉㄠˋ,倒:ㄉㄠˋ→ㄉㄠˇ(IVS+1),IVS可修,
率隊,ㄕㄨㄞˋ ㄉㄨㄟˋ,ㄌㄩˋ ㄉㄨㄟˋ,率:ㄌㄩˋ→ㄕㄨㄞˋ(IVS+1),IVS可修,
率同,ㄕㄨㄞˋ ㄊㄨㄥˊ,ㄌㄩˋ ㄊㄨㄥˊ,率:ㄌㄩˋ→ㄕㄨㄞˋ(IVS+1),IVS可修,
率領,ㄕㄨㄞˋ ㄌㄧㄥˇ,ㄌㄩˋ ㄌㄧㄥˇ,率:ㄌㄩˋ→ㄕㄨㄞˋ(IVS+1),IVS可修,
率皆,ㄕㄨㄞˋ ㄐㄧㄝ,ㄌㄩˋ ㄐㄧㄝ,率:ㄌㄩˋ→ㄕㄨㄞˋ(IVS+1),IVS可修,
率先,ㄕㄨㄞˋ ㄒㄧㄢ,ㄌㄩˋ ㄒㄧㄢ,率:ㄌㄩˋ→ㄕㄨㄞˋ(IVS+1),IVS可修,
率性,ㄕㄨㄞˋ ㄒㄧㄥˋ,ㄌㄩˋ ㄒㄧㄥˋ,率:ㄌㄩˋ→ㄕㄨㄞˋ(IVS+1),IVS可修,
率直,ㄕㄨㄞˋ ㄓˊ,ㄌㄩˋ ㄓˊ,率:ㄌㄩˋ→ㄕㄨㄞˋ(IVS+1),IVS可修,
率真,ㄕㄨㄞˋ ㄓㄣ,ㄌㄩˋ ㄓㄣ,率:ㄌㄩˋ→ㄕㄨㄞˋ(IVS+1),IVS可修,
率然,ㄕㄨㄞˋ ㄖㄢˊ,ㄌㄩˋ ㄖㄢˊ,率:ㄌㄩˋ→ㄕㄨㄞˋ(IVS+1),IVS可修,
率爾,ㄕㄨㄞˋ ㄦˇ,ㄌㄩˋ ㄦˇ,率:ㄌㄩˋ→ㄕㄨㄞˋ(IVS+1),IVS可修,
水磨工夫,ㄕㄨㄟˇ ㄇㄛˊ ㄍㄨㄥ ˙ㄈㄨ,ㄕㄨㄟˇ ㄇㄛˊ ㄍㄨㄥ ㄈㄨ,夫:ㄈㄨ→˙ㄈㄨ(字型無此讀音),字型缺讀音,
水分,ㄕㄨㄟˇ ㄈㄣˋ,ㄕㄨㄟˇ ㄈㄣ,分:ㄈㄣ→ㄈㄣˋ(IVS+1),IVS可修,
說服,ㄕㄨㄟˋ ㄈㄨˊ,ㄕㄨㄛ ㄈㄨˊ,說:ㄕㄨㄛ→ㄕㄨㄟˋ(IVS+1),IVS可修,
說客,ㄕㄨㄟˋ ㄎㄜˋ,ㄕㄨㄛ ㄎㄜˋ,說:ㄕㄨㄛ→ㄕㄨㄟˋ(IVS+1),IVS可修,
睡不著,ㄕㄨㄟˋ ㄅㄨˋ ㄓㄠˊ,ㄕㄨㄟˋ ㄅㄨˋ ˙ㄓㄜ,著:˙ㄓㄜ→ㄓㄠˊ(IVS+3),IVS可修,
睡著,ㄕㄨㄟˋ ㄓㄠˊ,ㄕㄨㄟˋ ˙ㄓㄜ,著:˙ㄓㄜ→ㄓㄠˊ(IVS+3),IVS可修,
順應,ㄕㄨㄣˋ ㄧㄥˋ,ㄕㄨㄣˋ ㄧㄥ,應:ㄧㄥ→ㄧㄥˋ(IVS+1),IVS可修,
順應民心,ㄕㄨㄣˋ ㄧㄥˋ ㄇㄧㄣˊ ㄒㄧㄣ,ㄕㄨㄣˋ ㄧㄥ ㄇㄧㄣˊ ㄒㄧㄣ,應:ㄧㄥ→ㄧㄥˋ(IVS+1),IVS可修,
順應潮流,ㄕㄨㄣˋ ㄧㄥˋ ㄔㄠˊ ㄌㄧㄡˊ,ㄕㄨㄣˋ ㄧㄥ ㄔㄠˊ ㄌㄧㄡˊ,應:ㄧㄥ→ㄧㄥˋ(IVS+1),IVS可修,
雙重,ㄕㄨㄤ ㄔㄨㄥˊ,ㄕㄨㄤ ㄓㄨㄥˋ,重:ㄓㄨㄥˋ→ㄔㄨㄥˊ(IVS+1),IVS可修,
雙重身分,ㄕㄨㄤ ㄔㄨㄥˊ ㄕㄣ ㄈㄣˋ,ㄕㄨㄤ ㄓㄨㄥˋ ㄕㄣ ㄈㄣ,重:ㄓㄨㄥˋ→ㄔㄨㄥˊ(IVS+1); 分:ㄈㄣ→ㄈㄣˋ(IVS+1),IVS可修,
雙重人格,ㄕㄨㄤ ㄔㄨㄥˊ ㄖㄣˊ ㄍㄜˊ,ㄕㄨㄤ ㄓㄨㄥˋ ㄖㄣˊ ㄍㄜˊ,重:ㄓㄨㄥˋ→ㄔㄨㄥˊ(IVS+1),IVS可修,
日頭,ㄖˋ ˙ㄊㄡ,ㄖˋ ㄊㄡˊ,頭:ㄊㄡˊ→˙ㄊㄡ(IVS+1),IVS可修,
日積月累,ㄖˋ ㄐㄧ ㄩㄝˋ ㄌㄟˇ,ㄖˋ ㄐㄧ ㄩㄝˋ ㄌㄟˋ,累:ㄌㄟˋ→ㄌㄟˇ(IVS+1),IVS可修,
日子,ㄖˋ ˙ㄗ,ㄖˋ ㄗˇ,子:ㄗˇ→˙ㄗ(IVS+1),IVS可修,
日暈,ㄖˋ ㄩㄣˋ,ㄖˋ ㄩㄣ,暈:ㄩㄣ→ㄩㄣˋ(IVS+1),IVS可修,
熱切,ㄖㄜˋ ㄑㄧㄝˋ,ㄖㄜˋ ㄑㄧㄝ,切:ㄑㄧㄝ→ㄑㄧㄝˋ(IVS+1),IVS可修,
熱爪哇,ㄖㄜˋ ㄓㄠˇ ㄨㄚ,ㄖㄜˋ ㄓㄨㄚˇ ㄨㄚ,爪:ㄓㄨㄚˇ→ㄓㄠˇ(IVS+1),IVS可修,
繞圈子,ㄖㄠˋ ㄑㄩㄢ ˙ㄗ,ㄖㄠˋ ㄑㄩㄢ ㄗˇ,子:ㄗˇ→˙ㄗ(IVS+1),IVS可修,
肉包子,ㄖㄡˋ ㄅㄠ ˙ㄗ,ㄖㄡˋ ㄅㄠ ㄗˇ,子:ㄗˇ→˙ㄗ(IVS+1),IVS可修,
人質,ㄖㄣˊ ㄓˋ,ㄖㄣˊ ㄓˊ,質:ㄓˊ→ㄓˋ(IVS+1),IVS可修,
人畜,ㄖㄣˊ ㄔㄨˋ,ㄖㄣˊ ㄒㄩˋ,畜:ㄒㄩˋ→ㄔㄨˋ(IVS+1),IVS可修,
人參,ㄖㄣˊ ㄕㄣ,ㄖㄣˊ ㄘㄢ,參:ㄘㄢ→ㄕㄣ(IVS+1),IVS可修,
人才濟濟,ㄖㄣˊ ㄘㄞˊ ㄐㄧˇ ㄐㄧˇ,ㄖㄣˊ ㄘㄞˊ ㄐㄧˋ ㄐㄧˋ,濟:ㄐㄧˋ→ㄐㄧˇ(IVS+1); 濟:ㄐㄧˋ→ㄐㄧˇ(IVS+1),IVS可修,
忍俊不禁,ㄖㄣˇ ㄐㄩㄣˋ ㄅㄨˋ ㄐㄧㄣ,ㄖㄣˇ ㄐㄩㄣˋ ㄅㄨˋ ㄐㄧㄣˋ,禁:ㄐㄧㄣˋ→ㄐㄧㄣ(IVS+1),IVS可修,
認得,ㄖㄣˋ ˙ㄉㄜ,ㄖㄣˋ ㄉㄜˊ,得:ㄉㄜˊ→˙ㄉㄜ(IVS+1),IVS可修,
如法炮製,ㄖㄨˊ ㄈㄚˇ ㄆㄠˊ ㄓˋ,ㄖㄨˊ ㄈㄚˇ ㄆㄠˋ ㄓˋ,炮:ㄆㄠˋ→ㄆㄠˊ(IVS+1),IVS可修,
如數家珍,ㄖㄨˊ ㄕㄨˇ ㄐㄧㄚ ㄓㄣ,ㄖㄨˊ ㄕㄨˋ ㄐㄧㄚ ㄓㄣ,數:ㄕㄨˋ→ㄕㄨˇ(IVS+1),IVS可修,
如喪考妣,ㄖㄨˊ ㄙㄤˋ ㄎㄠˇ ㄅㄧˇ,ㄖㄨˊ ㄙㄤ ㄎㄠˇ ㄅㄧˇ,喪:ㄙㄤ→ㄙㄤˋ(IVS+1),IVS可修,
如影相隨,ㄖㄨˊ ㄧㄥˇ ㄒㄧㄤ ㄙㄨㄟˊ,ㄖㄨˊ ㄧㄥˇ ㄒㄧㄤˋ ㄙㄨㄟˊ,相:ㄒㄧㄤˋ→ㄒㄧㄤ(IVS+1),IVS可修,
儒將,ㄖㄨˊ ㄐㄧㄤˋ,ㄖㄨˊ ㄐㄧㄤ,將:ㄐㄧㄤ→ㄐㄧㄤˋ(IVS+1),IVS可修,
乳臭未乾,ㄖㄨˇ ㄒㄧㄡˋ ㄨㄟˋ ㄍㄢ,ㄖㄨˇ ㄔㄡˋ ㄨㄟˋ ㄍㄢ,臭:ㄔㄡˋ→ㄒㄧㄡˋ(IVS+1),IVS可修,
辱沒,ㄖㄨˋ ㄇㄛˋ,ㄖㄨˋ ㄇㄟˊ,沒:ㄇㄟˊ→ㄇㄛˋ(IVS+1),IVS可修,
弱不禁風,ㄖㄨㄛˋ ㄅㄨˋ ㄐㄧㄣ ㄈㄥ,ㄖㄨㄛˋ ㄅㄨˋ ㄐㄧㄣˋ ㄈㄥ,禁:ㄐㄧㄣˋ→ㄐㄧㄣ(IVS+1),IVS可修,
銳不可當,ㄖㄨㄟˋ ㄅㄨˋ ㄎㄜˇ ㄉㄤˇ,ㄖㄨㄟˋ ㄅㄨˋ ㄎㄜˇ ㄉㄤ,當:ㄉㄤ→ㄉㄤˇ(字型無此讀音),字型缺讀音,
軟釘子,ㄖㄨㄢˇ ㄉㄧㄥ ˙ㄗ,ㄖㄨㄢˇ ㄉㄧㄥ ㄗˇ,子:ㄗˇ→˙ㄗ(IVS+1),IVS可修,
軟骨頭,ㄖㄨㄢˇ ㄍㄨˊ ˙ㄊㄡ,ㄖㄨㄢˇ ㄍㄨˇ ㄊㄡˊ,骨:ㄍㄨˇ→ㄍㄨˊ(IVS+2); 頭:ㄊㄡˊ→˙ㄊㄡ(IVS+1),IVS可修,
滋長,ㄗ ㄓㄤˇ,ㄗ ㄔㄤˊ,長:ㄔㄤˊ→ㄓㄤˇ(IVS+1),IVS可修,
姊姊,ㄐㄧㄝˇ ˙ㄐㄧㄝ,ㄐㄧㄝˇ ㄐㄧㄝˇ,姊:ㄐㄧㄝˇ→˙ㄐㄧㄝ(IVS+1),IVS可修,
字裡行間,ㄗˋ ㄌㄧˇ ㄏㄤˊ ㄐㄧㄢ,ㄗˋ ㄌㄧˇ ㄒㄧㄥˊ ㄐㄧㄢ,行:ㄒㄧㄥˊ→ㄏㄤˊ(IVS+1),IVS可修,
自力更生,ㄗˋ ㄌㄧˋ ㄍㄥ ㄕㄥ,ㄗˋ ㄌㄧˋ ㄍㄥˋ ㄕㄥ,更:ㄍㄥˋ→ㄍㄥ(IVS+1),IVS可修,
自給,ㄗˋ ㄐㄧˇ,ㄗˋ ㄍㄟˇ,給:ㄍㄟˇ→ㄐㄧˇ(IVS+1),IVS可修,
自給自足,ㄗˋ ㄐㄧˇ ㄗˋ ㄗㄨˊ,ㄗˋ ㄍㄟˇ ㄗˋ ㄗㄨˊ,給:ㄍㄟˇ→ㄐㄧˇ(IVS+1),IVS可修,
自相矛盾,ㄗˋ ㄒㄧㄤ ㄇㄠˊ ㄉㄨㄣˋ,ㄗˋ ㄒㄧㄤˋ ㄇㄠˊ ㄉㄨㄣˋ,相:ㄒㄧㄤˋ→ㄒㄧㄤ(IVS+1),IVS可修,
自相殘殺,ㄗˋ ㄒㄧㄤ ㄘㄢˊ ㄕㄚ,ㄗˋ ㄒㄧㄤˋ ㄘㄢˊ ㄕㄚ,相:ㄒㄧㄤˋ→ㄒㄧㄤ(IVS+1),IVS可修,
自省,ㄗˋ ㄒㄧㄥˇ,ㄗˋ ㄕㄥˇ,省:ㄕㄥˇ→ㄒㄧㄥˇ(IVS+1),IVS可修,
自轉,ㄗˋ ㄓㄨㄢˋ,ㄗˋ ㄓㄨㄢˇ,轉:ㄓㄨㄢˇ→ㄓㄨㄢˋ(IVS+1),IVS可修,
自傳,ㄗˋ ㄓㄨㄢˋ,ㄗˋ ㄔㄨㄢˊ,傳:ㄔㄨㄢˊ→ㄓㄨㄢˋ(IVS+1),IVS可修,
自認倒楣,ㄗˋ ㄖㄣˋ ㄉㄠˇ ㄇㄟˊ,ㄗˋ ㄖㄣˋ ㄉㄠˋ ㄇㄟˊ,倒:ㄉㄠˋ→ㄉㄠˇ(IVS+1),IVS可修,
自我反省,ㄗˋ ㄨㄛˇ ㄈㄢˇ ㄒㄧㄥˇ,ㄗˋ ㄨㄛˇ ㄈㄢˇ ㄕㄥˇ,省:ㄕㄥˇ→ㄒㄧㄥˇ(IVS+1),IVS可修,
自怨自艾,ㄗˋ ㄩㄢˋ ㄗˋ ㄧˋ,ㄗˋ ㄩㄢˋ ㄗˋ ㄞˋ,艾:ㄞˋ→ㄧˋ(IVS+1),IVS可修,
咱家,ㄗㄚˊ ㄐㄧㄚ,ㄗㄢˊ ㄐㄧㄚ,咱:ㄗㄢˊ→ㄗㄚˊ(IVS+1),IVS可修,
責難,ㄗㄜˊ ㄋㄢˋ,ㄗㄜˊ ㄋㄢˊ,難:ㄋㄢˊ→ㄋㄢˋ(IVS+1),IVS可修,
災難,ㄗㄞ ㄋㄢˋ,ㄗㄞ ㄋㄢˊ,難:ㄋㄢˊ→ㄋㄢˋ(IVS+1),IVS可修,
栽跟頭,ㄗㄞ ㄍㄣ ˙ㄊㄡ,ㄗㄞ ㄍㄣ ㄊㄡˊ,頭:ㄊㄡˊ→˙ㄊㄡ(IVS+1),IVS可修,
栽種,ㄗㄞ ㄓㄨㄥˋ,ㄗㄞ ㄓㄨㄥˇ,種:ㄓㄨㄥˇ→ㄓㄨㄥˋ(IVS+1),IVS可修,
在行,ㄗㄞˋ ㄏㄤˊ,ㄗㄞˋ ㄒㄧㄥˊ,行:ㄒㄧㄥˊ→ㄏㄤˊ(IVS+1),IVS可修,
遭難,ㄗㄠ ㄋㄢˋ,ㄗㄠ ㄋㄢˊ,難:ㄋㄢˊ→ㄋㄢˋ(IVS+1),IVS可修,
鑿子,ㄗㄠˊ ˙ㄗ,ㄗㄠˊ ㄗˇ,子:ㄗˇ→˙ㄗ(IVS+1),IVS可修,
棗子,ㄗㄠˇ ˙ㄗ,ㄗㄠˇ ㄗˇ,子:ㄗˇ→˙ㄗ(IVS+1),IVS可修,
走馬換將,ㄗㄡˇ ㄇㄚˇ ㄏㄨㄢˋ ㄐㄧㄤˋ,ㄗㄡˇ ㄇㄚˇ ㄏㄨㄢˋ ㄐㄧㄤ,將:ㄐㄧㄤ→ㄐㄧㄤˋ(IVS+1),IVS可修,
奏樂,ㄗㄡˋ ㄩㄝˋ,ㄗㄡˋ ㄌㄜˋ,樂:ㄌㄜˋ→ㄩㄝˋ(IVS+1),IVS可修,
曾祖,ㄗㄥ ㄗㄨˇ,ㄘㄥˊ ㄗㄨˇ,曾:ㄘㄥˊ→ㄗㄥ(IVS+1),IVS可修,
曾祖母,ㄗㄥ ㄗㄨˇ ㄇㄨˇ,ㄘㄥˊ ㄗㄨˇ ㄇㄨˇ,曾:ㄘㄥˊ→ㄗㄥ(IVS+1),IVS可修,
曾祖父,ㄗㄥ ㄗㄨˇ ㄈㄨˋ,ㄘㄥˊ ㄗㄨˇ ㄈㄨˋ,曾:ㄘㄥˊ→ㄗㄥ(IVS+1),IVS可修,
曾孫,ㄗㄥ ㄙㄨㄣ,ㄘㄥˊ ㄙㄨㄣ,曾:ㄘㄥˊ→ㄗㄥ(IVS+1),IVS可修,
憎惡,ㄗㄥ ㄨˋ,ㄗㄥ ㄜˋ,惡:ㄜˋ→ㄨˋ(IVS+1),IVS可修,
增長,ㄗㄥ ㄓㄤˇ,ㄗㄥ ㄔㄤˊ,長:ㄔㄤˊ→ㄓㄤˇ(IVS+1),IVS可修,
卒子,ㄗㄨˊ ˙ㄗ,ㄗㄨˊ ㄗˇ,子:ㄗˇ→˙ㄗ(IVS+1),IVS可修,
族長,ㄗㄨˊ ㄓㄤˇ,ㄗㄨˊ ㄔㄤˊ,長:ㄔㄤˊ→ㄓㄤˇ(IVS+1),IVS可修,
阻塞,ㄗㄨˇ ㄙㄜˋ,ㄗㄨˇ ㄙㄞ,塞:ㄙㄞ→ㄙㄜˋ(IVS+1),IVS可修,
組長,ㄗㄨˇ ㄓㄤˇ,ㄗㄨˇ ㄔㄤˊ,長:ㄔㄤˊ→ㄓㄤˇ(IVS+1),IVS可修,
作料,ㄗㄨㄛˊ ㄌㄧㄠˋ,ㄗㄨㄛˋ ㄌㄧㄠˋ,作:ㄗㄨㄛˋ→ㄗㄨㄛˊ(IVS+1),IVS可修,
左撇子,ㄗㄨㄛˇ ㄆㄧㄝˇ ˙ㄗ,ㄗㄨㄛˇ ㄆㄧㄝˇ ㄗˇ,子:ㄗˇ→˙ㄗ(IVS+1),IVS可修,
坐月子,ㄗㄨㄛˋ ㄩㄝˋ ˙ㄗ,ㄗㄨㄛˋ ㄩㄝˋ ㄗˇ,子:ㄗˇ→˙ㄗ(IVS+1),IVS可修,
做生意,ㄗㄨㄛˋ ㄕㄥ ˙ㄧ,ㄗㄨㄛˋ ㄕㄥ ㄧˋ,意:ㄧˋ→˙ㄧ(字型無此讀音),字型缺讀音,
嘴皮子,ㄗㄨㄟˇ ㄆㄧˊ ˙ㄗ,ㄗㄨㄟˇ ㄆㄧˊ ㄗˇ,子:ㄗˇ→˙ㄗ(IVS+1),IVS可修,
鑽戒,ㄗㄨㄢˋ ㄐㄧㄝˋ,ㄗㄨㄢ ㄐㄧㄝˋ,鑽:ㄗㄨㄢ→ㄗㄨㄢˋ(IVS+1),IVS可修,
鑽石,ㄗㄨㄢˋ ㄕˊ,ㄗㄨㄢ ㄕˊ,鑽:ㄗㄨㄢ→ㄗㄨㄢˋ(IVS+1),IVS可修,
鑽子,ㄗㄨㄢˋ ˙ㄗ,ㄗㄨㄢ ㄗˇ,鑽:ㄗㄨㄢ→ㄗㄨㄢˋ(IVS+1); 子:ㄗˇ→˙ㄗ(IVS+1),IVS可修,
尊長,ㄗㄨㄣ ㄓㄤˇ,ㄗㄨㄣ ㄔㄤˊ,長:ㄔㄤˊ→ㄓㄤˇ(IVS+1),IVS可修,
鱒魚,ㄗㄨㄣ ㄩˊ,ㄗㄨㄣˋ ㄩˊ,鱒:ㄗㄨㄣˋ→ㄗㄨㄣ(IVS+1),IVS可修,
縱隊,ㄗㄨㄥ ㄉㄨㄟˋ,ㄗㄨㄥˋ ㄉㄨㄟˋ,縱:ㄗㄨㄥˋ→ㄗㄨㄥ(IVS+1),IVS可修,
縱谷,ㄗㄨㄥ ㄍㄨˇ,ㄗㄨㄥˋ ㄍㄨˇ,縱:ㄗㄨㄥˋ→ㄗㄨㄥ(IVS+1),IVS可修,
縱貫,ㄗㄨㄥ ㄍㄨㄢˋ,ㄗㄨㄥˋ ㄍㄨㄢˋ,縱:ㄗㄨㄥˋ→ㄗㄨㄥ(IVS+1),IVS可修,
縱橫,ㄗㄨㄥ ㄏㄥˊ,ㄗㄨㄥˋ ㄏㄥˊ,縱:ㄗㄨㄥˋ→ㄗㄨㄥ(IVS+1),IVS可修,
縱走,ㄗㄨㄥ ㄗㄡˇ,ㄗㄨㄥˋ ㄗㄡˇ,縱:ㄗㄨㄥˋ→ㄗㄨㄥ(IVS+1),IVS可修,
總行,ㄗㄨㄥˇ ㄏㄤˊ,ㄗㄨㄥˇ ㄒㄧㄥˊ,行:ㄒㄧㄥˊ→ㄏㄤˊ(IVS+1),IVS可修,
從犯,ㄗㄨㄥˋ ㄈㄢˋ,ㄘㄨㄥˊ ㄈㄢˋ,從:ㄘㄨㄥˊ→ㄗㄨㄥˋ(IVS+1),IVS可修,
綜合銀行,ㄗㄨㄥˋ ㄏㄜˊ ㄧㄣˊ ㄏㄤˊ,ㄗㄨㄥˋ ㄏㄜˊ ㄧㄣˊ ㄒㄧㄥˊ,行:ㄒㄧㄥˊ→ㄏㄤˊ(IVS+1),IVS可修,
伺候,ㄘˋ ㄏㄡˋ,ㄙˋ ㄏㄡˋ,伺:ㄙˋ→ㄘˋ(IVS+1),IVS可修,
測量,ㄘㄜˋ ㄌㄧㄤˊ,ㄘㄜˋ ㄌㄧㄤˋ,量:ㄌㄧㄤˋ→ㄌㄧㄤˊ(IVS+1),IVS可修,
策應,ㄘㄜˋ ㄧㄥˋ,ㄘㄜˋ ㄧㄥ,應:ㄧㄥ→ㄧㄥˋ(IVS+1),IVS可修,
猜度,ㄘㄞ ㄉㄨㄛˋ,ㄘㄞ ㄉㄨˋ,度:ㄉㄨˋ→ㄉㄨㄛˋ(IVS+1),IVS可修,
裁量,ㄘㄞˊ ㄌㄧㄤˊ,ㄘㄞˊ ㄌㄧㄤˋ,量:ㄌㄧㄤˋ→ㄌㄧㄤˊ(IVS+1),IVS可修,
操行,ㄘㄠ ㄒㄧㄥˋ,ㄘㄠ ㄒㄧㄥˊ,行:ㄒㄧㄥˊ→ㄒㄧㄥˋ(IVS+2),IVS可修,
草率,ㄘㄠˇ ㄕㄨㄞˋ,ㄘㄠˇ ㄌㄩˋ,率:ㄌㄩˋ→ㄕㄨㄞˋ(IVS+1),IVS可修,
草草了事,ㄘㄠˇ ㄘㄠˇ ㄌㄧㄠˇ ㄕˋ,ㄘㄠˇ ㄘㄠˇ ˙ㄌㄜ ㄕˋ,了:˙ㄌㄜ→ㄌㄧㄠˇ(IVS+1),IVS可修,
參與,ㄘㄢ ㄩˋ,ㄘㄢ ㄩˇ,與:ㄩˇ→ㄩˋ(IVS+1),IVS可修,
慘綠少年,ㄘㄢˇ ㄌㄩˋ ㄕㄠˋ ㄋㄧㄢˊ,ㄘㄢˇ ㄌㄩˋ ㄕㄠˇ ㄋㄧㄢˊ,少:ㄕㄠˇ→ㄕㄠˋ(IVS+1),IVS可修,
參差,ㄘㄣ ㄘ,ㄘㄢ ㄔㄚ,參:ㄘㄢ→ㄘㄣ(IVS+2); 差:ㄔㄚ→ㄘ(IVS+2),IVS可修,
參差不齊,ㄘㄣ ㄘ ㄅㄨˋ ㄑㄧˊ,ㄘㄢ ㄔㄚ ㄅㄨˋ ㄑㄧˊ,參:ㄘㄢ→ㄘㄣ(IVS+2); 差:ㄔㄚ→ㄘ(IVS+2),IVS可修,
倉卒,ㄘㄤ ㄘㄨˋ,ㄘㄤ ㄗㄨˊ,卒:ㄗㄨˊ→ㄘㄨˋ(IVS+1),IVS可修,
藏頭露尾,ㄘㄤˊ ㄊㄡˊ ㄌㄡˋ ㄨㄟˇ,ㄘㄤˊ ㄊㄡˊ ㄌㄨˋ ㄨㄟˇ,露:ㄌㄨˋ→ㄌㄡˋ(IVS+1),IVS可修,
粗率,ㄘㄨ ㄕㄨㄞˋ,ㄘㄨ ㄌㄩˋ,率:ㄌㄩˋ→ㄕㄨㄞˋ(IVS+1),IVS可修,
醋罈子,ㄘㄨˋ ㄊㄢˊ ˙ㄗ,ㄘㄨˋ ㄊㄢˊ ㄗˇ,子:ㄗˇ→˙ㄗ(IVS+1),IVS可修,
攢眉,ㄘㄨㄢˊ ㄇㄟˊ,ㄗㄢˇ ㄇㄟˊ,攢:ㄗㄢˇ→ㄘㄨㄢˊ(IVS+1),IVS可修,
村長,ㄘㄨㄣ ㄓㄤˇ,ㄘㄨㄣ ㄔㄤˊ,長:ㄔㄤˊ→ㄓㄤˇ(IVS+1),IVS可修,
忖度,ㄘㄨㄣˇ ㄉㄨㄛˋ,ㄘㄨㄣˇ ㄉㄨˋ,度:ㄉㄨˋ→ㄉㄨㄛˋ(IVS+1),IVS可修,
從容,ㄘㄨㄥ ㄖㄨㄥˊ,ㄘㄨㄥˊ ㄖㄨㄥˊ,從:ㄘㄨㄥˊ→ㄘㄨㄥ(IVS+3),IVS可修,
從容不迫,ㄘㄨㄥ ㄖㄨㄥˊ ㄅㄨˋ ㄆㄛˋ,ㄘㄨㄥˊ ㄖㄨㄥˊ ㄅㄨˋ ㄆㄛˋ,從:ㄘㄨㄥˊ→ㄘㄨㄥ(IVS+3),IVS可修,
從容就義,ㄘㄨㄥ ㄖㄨㄥˊ ㄐㄧㄡˋ ㄧˋ,ㄘㄨㄥˊ ㄖㄨㄥˊ ㄐㄧㄡˋ ㄧˋ,從:ㄘㄨㄥˊ→ㄘㄨㄥ(IVS+3),IVS可修,
從兄弟,ㄗㄨㄥˋ ㄒㄩㄥ ㄉㄧˋ,ㄘㄨㄥˊ ㄒㄩㄥ ㄉㄧˋ,從:ㄘㄨㄥˊ→ㄗㄨㄥˋ(IVS+1),IVS可修,
私處,ㄙ ㄔㄨˋ,ㄙ ㄔㄨˇ,處:ㄔㄨˇ→ㄔㄨˋ(IVS+1),IVS可修,
思量,ㄙ ㄌㄧㄤˊ,ㄙ ㄌㄧㄤˋ,量:ㄌㄧㄤˋ→ㄌㄧㄤˊ(IVS+1),IVS可修,
死馬當活馬醫,ㄙˇ ㄇㄚˇ ㄉㄤˋ ㄏㄨㄛˊ ㄇㄚˇ ㄧ,ㄙˇ ㄇㄚˇ ㄉㄤ ㄏㄨㄛˊ ㄇㄚˇ ㄧ,當:ㄉㄤ→ㄉㄤˋ(IVS+1),IVS可修,
死對頭,ㄙˇ ㄉㄨㄟˋ ˙ㄊㄡ,ㄙˇ ㄉㄨㄟˋ ㄊㄡˊ,頭:ㄊㄡˊ→˙ㄊㄡ(IVS+1),IVS可修,
死難,ㄙˇ ㄋㄢˋ,ㄙˇ ㄋㄢˊ,難:ㄋㄢˊ→ㄋㄢˋ(IVS+1),IVS可修,
四處,ㄙˋ ㄔㄨˋ,ㄙˋ ㄔㄨˇ,處:ㄔㄨˇ→ㄔㄨˋ(IVS+1),IVS可修,
四重奏,ㄙˋ ㄔㄨㄥˊ ㄗㄡˋ,ㄙˋ ㄓㄨㄥˋ ㄗㄡˋ,重:ㄓㄨㄥˋ→ㄔㄨㄥˊ(IVS+1),IVS可修,
似曾相識,ㄙˋ ㄘㄥˊ ㄒㄧㄤ ㄕˋ,ㄙˋ ㄘㄥˊ ㄒㄧㄤˋ ㄕˋ,相:ㄒㄧㄤˋ→ㄒㄧㄤ(IVS+1),IVS可修,
撒旦,ㄙㄚ ㄉㄢˋ,ㄙㄚˇ ㄉㄢˋ,撒:ㄙㄚˇ→ㄙㄚ(IVS+1),IVS可修,
撒腿,ㄙㄚ ㄊㄨㄟˇ,ㄙㄚˇ ㄊㄨㄟˇ,撒:ㄙㄚˇ→ㄙㄚ(IVS+1),IVS可修,
撒尿,ㄙㄚ ㄋㄧㄠˋ,ㄙㄚˇ ㄋㄧㄠˋ,撒:ㄙㄚˇ→ㄙㄚ(IVS+1),IVS可修,
撒賴,ㄙㄚ ㄌㄞˋ,ㄙㄚˇ ㄌㄞˋ,撒:ㄙㄚˇ→ㄙㄚ(IVS+1),IVS可修,
撒謊,ㄙㄚ ㄏㄨㄤˇ,ㄙㄚˇ ㄏㄨㄤˇ,撒:ㄙㄚˇ→ㄙㄚ(IVS+1),IVS可修,
撒嬌,ㄙㄚ ㄐㄧㄠ,ㄙㄚˇ ㄐㄧㄠ,撒:ㄙㄚˇ→ㄙㄚ(IVS+1),IVS可修,
撒手,ㄙㄚ ㄕㄡˇ,ㄙㄚˇ ㄕㄡˇ,撒:ㄙㄚˇ→ㄙㄚ(IVS+1),IVS可修,
撒手人寰,ㄙㄚ ㄕㄡˇ ㄖㄣˊ ㄏㄨㄢˊ,ㄙㄚˇ ㄕㄡˇ ㄖㄣˊ ㄏㄨㄢˊ,撒:ㄙㄚˇ→ㄙㄚ(IVS+1),IVS可修,
撒野,ㄙㄚ ㄧㄝˇ,ㄙㄚˇ ㄧㄝˇ,撒:ㄙㄚˇ→ㄙㄚ(IVS+1),IVS可修,
撒網,ㄙㄚ ㄨㄤˇ,ㄙㄚˇ ㄨㄤˇ,撒:ㄙㄚˇ→ㄙㄚ(IVS+1),IVS可修,
色調,ㄙㄜˋ ㄉㄧㄠˋ,ㄙㄜˋ ㄊㄧㄠˊ,調:ㄊㄧㄠˊ→ㄉㄧㄠˋ(IVS+1),IVS可修,
塞責,ㄙㄜˋ ㄗㄜˊ,ㄙㄞ ㄗㄜˊ,塞:ㄙㄞ→ㄙㄜˋ(IVS+1),IVS可修,
腮幫子,ㄙㄞ ㄅㄤ ˙ㄗ,ㄙㄞ ㄅㄤ ㄗˇ,子:ㄗˇ→˙ㄗ(IVS+1),IVS可修,
塞內,ㄙㄞˋ ㄋㄟˋ,ㄙㄞ ㄋㄟˋ,塞:ㄙㄞ→ㄙㄞˋ(IVS+2),IVS可修,
塞翁失馬,ㄙㄞˋ ㄨㄥ ㄕ ㄇㄚˇ,ㄙㄞ ㄨㄥ ㄕ ㄇㄚˇ,塞:ㄙㄞ→ㄙㄞˋ(IVS+2),IVS可修,
搔到癢處,ㄙㄠ ㄉㄠˋ ㄧㄤˇ ㄔㄨˋ,ㄙㄠ ㄉㄠˋ ㄧㄤˇ ㄔㄨˇ,處:ㄔㄨˇ→ㄔㄨˋ(IVS+1),IVS可修,
掃興,ㄙㄠˇ ㄒㄧㄥˋ,ㄙㄠˇ ㄒㄧㄥ,興:ㄒㄧㄥ→ㄒㄧㄥˋ(IVS+1),IVS可修,
嫂子,ㄙㄠˇ ˙ㄗ,ㄙㄠˇ ㄗˇ,子:ㄗˇ→˙ㄗ(IVS+1),IVS可修,
嫂嫂,ㄙㄠˇ ˙ㄙㄠ,ㄙㄠˇ ㄙㄠˇ,嫂:ㄙㄠˇ→˙ㄙㄠ(IVS+1),IVS可修,
掃把,ㄙㄠˋ ㄅㄚˇ,ㄙㄠˇ ㄅㄚˇ,掃:ㄙㄠˇ→ㄙㄠˋ(IVS+1),IVS可修,
掃帚,ㄙㄠˋ ㄓㄡˇ,ㄙㄠˇ ㄓㄡˇ,掃:ㄙㄠˇ→ㄙㄠˋ(IVS+1),IVS可修,
掃帚星,ㄙㄠˋ ㄓㄡˇ ㄒㄧㄥ,ㄙㄠˇ ㄓㄡˇ ㄒㄧㄥ,掃:ㄙㄠˇ→ㄙㄠˋ(IVS+1),IVS可修,
三百六十行,ㄙㄢ ㄅㄞˇ ㄌㄧㄡˋ ㄕˊ ㄏㄤˊ,ㄙㄢ ㄅㄞˇ ㄌㄧㄡˋ ㄕˊ ㄒㄧㄥˊ,行:ㄒㄧㄥˊ→ㄏㄤˊ(IVS+1),IVS可修,
三更半夜,ㄙㄢ ㄍㄥ ㄅㄢˋ ㄧㄝˋ,ㄙㄢ ㄍㄥˋ ㄅㄢˋ ㄧㄝˋ,更:ㄍㄥˋ→ㄍㄥ(IVS+1),IVS可修,
三更燈火五更雞,ㄙㄢ ㄍㄥ ㄉㄥ ㄏㄨㄛˇ ㄨˇ ㄍㄥ ㄐㄧ,ㄙㄢ ㄍㄥˋ ㄉㄥ ㄏㄨㄛˇ ㄨˇ ㄍㄥˋ ㄐㄧ,更:ㄍㄥˋ→ㄍㄥ(IVS+1); 更:ㄍㄥˋ→ㄍㄥ(IVS+1),IVS可修,
三句不離本行,ㄙㄢ ㄐㄩˋ ㄅㄨˋ ㄌㄧˊ ㄅㄣˇ ㄏㄤˊ,ㄙㄢ ㄐㄩˋ ㄅㄨˋ ㄌㄧˊ ㄅㄣˇ ㄒㄧㄥˊ,行:ㄒㄧㄥˊ→ㄏㄤˊ(IVS+1),IVS可修,
散兵,ㄙㄢˇ ㄅㄧㄥ,ㄙㄢˋ ㄅㄧㄥ,散:ㄙㄢˋ→ㄙㄢˇ(IVS+1),IVS可修,
散曲,ㄙㄢˇ ㄑㄩˇ,ㄙㄢˋ ㄑㄩˇ,散:ㄙㄢˋ→ㄙㄢˇ(IVS+1),IVS可修,
散沙,ㄙㄢˇ ㄕㄚ,ㄙㄢˋ ㄕㄚ,散:ㄙㄢˋ→ㄙㄢˇ(IVS+1),IVS可修,
散文,ㄙㄢˇ ㄨㄣˊ,ㄙㄢˋ ㄨㄣˊ,散:ㄙㄢˋ→ㄙㄢˇ(IVS+1),IVS可修,
散漫,ㄙㄢˇ ㄇㄢˋ,ㄙㄢˋ ㄇㄢˋ,散:ㄙㄢˋ→ㄙㄢˇ(IVS+1),IVS可修,
嗓子,ㄙㄤˇ ˙ㄗ,ㄙㄤˇ ㄗˇ,子:ㄗˇ→˙ㄗ(IVS+1),IVS可修,
喪命,ㄙㄤˋ ㄇㄧㄥˋ,ㄙㄤ ㄇㄧㄥˋ,喪:ㄙㄤ→ㄙㄤˋ(IVS+1),IVS可修,
喪膽,ㄙㄤˋ ㄉㄢˇ,ㄙㄤ ㄉㄢˇ,喪:ㄙㄤ→ㄙㄤˋ(IVS+1),IVS可修,
喪家之犬,ㄙㄤˋ ㄐㄧㄚ ㄓ ㄑㄩㄢˇ,ㄙㄤ ㄐㄧㄚ ㄓ ㄑㄩㄢˇ,喪:ㄙㄤ→ㄙㄤˋ(IVS+1),IVS可修,
喪盡天良,ㄙㄤˋ ㄐㄧㄣˋ ㄊㄧㄢ ㄌㄧㄤˊ,ㄙㄤ ㄐㄧㄣˋ ㄊㄧㄢ ㄌㄧㄤˊ,喪:ㄙㄤ→ㄙㄤˋ(IVS+1),IVS可修,
喪氣,ㄙㄤˋ ㄑㄧˋ,ㄙㄤ ㄑㄧˋ,喪:ㄙㄤ→ㄙㄤˋ(IVS+1),IVS可修,
喪權辱國,ㄙㄤˋ ㄑㄩㄢˊ ㄖㄨˋ ㄍㄨㄛˊ,ㄙㄤ ㄑㄩㄢˊ ㄖㄨˋ ㄍㄨㄛˊ,喪:ㄙㄤ→ㄙㄤˋ(IVS+1),IVS可修,
喪心病狂,ㄙㄤˋ ㄒㄧㄣ ㄅㄧㄥˋ ㄎㄨㄤˊ,ㄙㄤ ㄒㄧㄣ ㄅㄧㄥˋ ㄎㄨㄤˊ,喪:ㄙㄤ→ㄙㄤˋ(IVS+1),IVS可修,
喪志,ㄙㄤˋ ㄓˋ,ㄙㄤ ㄓˋ,喪:ㄙㄤ→ㄙㄤˋ(IVS+1),IVS可修,
喪失,ㄙㄤˋ ㄕ,ㄙㄤ ㄕ,喪:ㄙㄤ→ㄙㄤˋ(IVS+1),IVS可修,
喪身,ㄙㄤˋ ㄕㄣ,ㄙㄤ ㄕㄣ,喪:ㄙㄤ→ㄙㄤˋ(IVS+1),IVS可修,
喪生,ㄙㄤˋ ㄕㄥ,ㄙㄤ ㄕㄥ,喪:ㄙㄤ→ㄙㄤˋ(IVS+1),IVS可修,
夙負盛名,ㄙㄨˋ ㄈㄨˋ ㄕㄥˋ ㄇㄧㄥˊ,ㄙㄨˋ ㄈㄨˋ ㄔㄥˊ ㄇㄧㄥˊ,盛:ㄔㄥˊ→ㄕㄥˋ(IVS+1),IVS可修,
素不相識,ㄙㄨˋ ㄅㄨˋ ㄒㄧㄤ ㄕˋ,ㄙㄨˋ ㄅㄨˋ ㄒㄧㄤˋ ㄕˋ,相:ㄒㄧㄤˋ→ㄒㄧㄤ(IVS+1),IVS可修,
素行,ㄙㄨˋ ㄒㄧㄥˋ,ㄙㄨˋ ㄒㄧㄥˊ,行:ㄒㄧㄥˊ→ㄒㄧㄥˋ(IVS+2),IVS可修,
素行不良,ㄙㄨˋ ㄒㄧㄥˋ ㄅㄨˋ ㄌㄧㄤˊ,ㄙㄨˋ ㄒㄧㄥˊ ㄅㄨˋ ㄌㄧㄤˊ,行:ㄒㄧㄥˊ→ㄒㄧㄥˋ(IVS+2),IVS可修,
鎖匙,ㄙㄨㄛˇ ˙ㄕ,ㄙㄨㄛˇ ㄔˊ,匙:ㄔˊ→˙ㄕ(IVS+1),IVS可修,
隨機應變,ㄙㄨㄟˊ ㄐㄧ ㄧㄥˋ ㄅㄧㄢˋ,ㄙㄨㄟˊ ㄐㄧ ㄧㄥ ㄅㄧㄢˋ,應:ㄧㄥ→ㄧㄥˋ(IVS+1),IVS可修,
隨興,ㄙㄨㄟˊ ㄒㄧㄥˋ,ㄙㄨㄟˊ ㄒㄧㄥ,興:ㄒㄧㄥ→ㄒㄧㄥˋ(IVS+1),IVS可修,
隨處,ㄙㄨㄟˊ ㄔㄨˋ,ㄙㄨㄟˊ ㄔㄨˇ,處:ㄔㄨˇ→ㄔㄨˋ(IVS+1),IVS可修,
隨聲附和,ㄙㄨㄟˊ ㄕㄥ ㄈㄨˋ ㄏㄜˋ,ㄙㄨㄟˊ ㄕㄥ ㄈㄨˋ ㄏㄜˊ,和:ㄏㄜˊ→ㄏㄜˋ(IVS+2),IVS可修,
損兵折將,ㄙㄨㄣˇ ㄅㄧㄥ ㄓㄜˊ ㄐㄧㄤˋ,ㄙㄨㄣˇ ㄅㄧㄥ ㄓㄜˊ ㄐㄧㄤ,將:ㄐㄧㄤ→ㄐㄧㄤˋ(IVS+1),IVS可修,
榫頭,ㄙㄨㄣˇ ˙ㄊㄡ,ㄙㄨㄣˇ ㄊㄡˊ,頭:ㄊㄡˊ→˙ㄊㄡ(IVS+1),IVS可修,
鬆散,ㄙㄨㄥ ㄙㄢˇ,ㄙㄨㄥ ㄙㄢˋ,散:ㄙㄢˋ→ㄙㄢˇ(IVS+1),IVS可修,
送還,ㄙㄨㄥˋ ㄏㄨㄢˊ,ㄙㄨㄥˋ ㄏㄞˊ,還:ㄏㄞˊ→ㄏㄨㄢˊ(IVS+1),IVS可修,
啊哈,ㄚ ㄏㄚ,˙ㄚ ㄏㄚ,啊:˙ㄚ→ㄚ(IVS+1),IVS可修,
阿諛,ㄜ ㄩˊ,ㄚ ㄩˊ,阿:ㄚ→ㄜ(IVS+1),IVS可修,
婀娜,ㄜ ㄋㄨㄛˊ,ㄜ ㄋㄚˋ,娜:ㄋㄚˋ→ㄋㄨㄛˊ(IVS+1),IVS可修,
婀娜多姿,ㄜ ㄋㄨㄛˊ ㄉㄨㄛ ㄗ,ㄜ ㄋㄚˋ ㄉㄨㄛ ㄗ,娜:ㄋㄚˋ→ㄋㄨㄛˊ(IVS+1),IVS可修,
額頭,ㄜˊ ˙ㄊㄡ,ㄜˊ ㄊㄡˊ,頭:ㄊㄡˊ→˙ㄊㄡ(IVS+1),IVS可修,
惡心,ㄜˇ ㄒㄧㄣ,ㄜˋ ㄒㄧㄣ,惡:ㄜˋ→ㄜˇ(IVS+3),IVS可修,
惡少,ㄜˋ ㄕㄠˋ,ㄜˋ ㄕㄠˇ,少:ㄕㄠˇ→ㄕㄠˋ(IVS+1),IVS可修,
哀號,ㄞ ㄏㄠˊ,ㄞ ㄏㄠˋ,號:ㄏㄠˋ→ㄏㄠˊ(IVS+1),IVS可修,
欸乃,ㄞˇ ㄋㄞˇ,ㄟˋ ㄋㄞˇ,欸:ㄟˋ→ㄞˇ(IVS+1),IVS可修,
愛好,ㄞˋ ㄏㄠˋ,ㄞˋ ㄏㄠˇ,好:ㄏㄠˇ→ㄏㄠˋ(IVS+1),IVS可修,
拗口,ㄠˋ ㄎㄡˇ,ㄋㄧㄡˋ ㄎㄡˇ,拗:ㄋㄧㄡˋ→ㄠˋ(IVS+1),IVS可修,
懊喪,ㄠˋ ㄙㄤˋ,ㄠˋ ㄙㄤ,喪:ㄙㄤ→ㄙㄤˋ(IVS+1),IVS可修,
嘔吐,ㄡˇ ㄊㄨˋ,ㄡˇ ㄊㄨˇ,吐:ㄊㄨˇ→ㄊㄨˋ(IVS+1),IVS可修,
嘔氣,ㄡˋ ㄑㄧˋ,ㄡˇ ㄑㄧˋ,嘔:ㄡˇ→ㄡˋ(IVS+1),IVS可修,
安分守己,ㄢ ㄈㄣˋ ㄕㄡˇ ㄐㄧˇ,ㄢ ㄈㄣ ㄕㄡˇ ㄐㄧˇ,分:ㄈㄣ→ㄈㄣˋ(IVS+1),IVS可修,
案子,ㄢˋ ˙ㄗ,ㄢˋ ㄗˇ,子:ㄗˇ→˙ㄗ(IVS+1),IVS可修,
暗處,ㄢˋ ㄔㄨˋ,ㄢˋ ㄔㄨˇ,處:ㄔㄨˇ→ㄔㄨˋ(IVS+1),IVS可修,
恩給制,ㄣ ㄐㄧˇ ㄓˋ,ㄣ ㄍㄟˇ ㄓˋ,給:ㄍㄟˇ→ㄐㄧˇ(IVS+1),IVS可修,
兒化音,ㄦ ㄏㄨㄚˋ ㄧㄣ,ㄦˊ ㄏㄨㄚˋ ㄧㄣ,兒:ㄦˊ→ㄦ(IVS+1),IVS可修,
兒子,ㄦˊ ˙ㄗ,ㄦˊ ㄗˇ,子:ㄗˇ→˙ㄗ(IVS+1),IVS可修,
耳刮子,ㄦˇ ㄍㄨㄚ ˙ㄗ,ㄦˇ ㄍㄨㄚ ㄗˇ,子:ㄗˇ→˙ㄗ(IVS+1),IVS可修,
二愣子,ㄦˋ ㄌㄥˋ ˙ㄗ,ㄦˋ ㄌㄥˋ ㄗˇ,子:ㄗˇ→˙ㄗ(IVS+1),IVS可修,
二次全倒,ㄦˋ ㄘˋ ㄑㄩㄢˊ ㄉㄠˇ,ㄦˋ ㄘˋ ㄑㄩㄢˊ ㄉㄠˋ,倒:ㄉㄠˋ→ㄉㄠˇ(IVS+1),IVS可修,
一輩子,ㄧ ㄅㄟˋ ˙ㄗ,ㄧ ㄅㄟˋ ㄗˇ,子:ㄗˇ→˙ㄗ(IVS+1),IVS可修,
一部分,ㄧ ㄅㄨˋ ㄈㄣˋ,ㄧ ㄅㄨˋ ㄈㄣ,分:ㄈㄣ→ㄈㄣˋ(IVS+1),IVS可修,
一盤散沙,ㄧ ㄆㄢˊ ㄙㄢˇ ㄕㄚ,ㄧ ㄆㄢˊ ㄙㄢˋ ㄕㄚ,散:ㄙㄢˋ→ㄙㄢˇ(IVS+1),IVS可修,
一脈相承,ㄧ ㄇㄞˋ ㄒㄧㄤ ㄔㄥˊ,ㄧ ㄇㄞˋ ㄒㄧㄤˋ ㄔㄥˊ,相:ㄒㄧㄤˋ→ㄒㄧㄤ(IVS+1),IVS可修,
一脈相傳,ㄧ ㄇㄞˋ ㄒㄧㄤ ㄔㄨㄢˊ,ㄧ ㄇㄞˋ ㄒㄧㄤˋ ㄔㄨㄢˊ,相:ㄒㄧㄤˋ→ㄒㄧㄤ(IVS+1),IVS可修,
一面倒,ㄧ ㄇㄧㄢˋ ㄉㄠˇ,ㄧ ㄇㄧㄢˋ ㄉㄠˋ,倒:ㄉㄠˋ→ㄉㄠˇ(IVS+1),IVS可修,
一目了然,ㄧ ㄇㄨˋ ㄌㄧㄠˇ ㄖㄢˊ,ㄧ ㄇㄨˋ ˙ㄌㄜ ㄖㄢˊ,了:˙ㄌㄜ→ㄌㄧㄠˇ(IVS+1),IVS可修,
一目十行,ㄧ ㄇㄨˋ ㄕˊ ㄏㄤˊ,ㄧ ㄇㄨˋ ㄕˊ ㄒㄧㄥˊ,行:ㄒㄧㄥˊ→ㄏㄤˊ(IVS+1),IVS可修,
一分子,ㄧ ㄈㄣˋ ㄗˇ,ㄧ ㄈㄣ ㄗˇ,分:ㄈㄣ→ㄈㄣˋ(IVS+1),IVS可修,
一肚子,ㄧ ㄉㄨˋ ˙ㄗ,ㄧ ㄉㄨˋ ㄗˇ,子:ㄗˇ→˙ㄗ(IVS+1),IVS可修,
一年半載,ㄧ ㄋㄧㄢˊ ㄅㄢˋ ㄗㄞˇ,ㄧ ㄋㄧㄢˊ ㄅㄢˋ ㄗㄞˋ,載:ㄗㄞˋ→ㄗㄞˇ(IVS+1),IVS可修,
一了百了,ㄧ ㄌㄧㄠˇ ㄅㄞˇ ㄌㄧㄠˇ,ㄧ ˙ㄌㄜ ㄅㄞˇ ˙ㄌㄜ,了:˙ㄌㄜ→ㄌㄧㄠˇ(IVS+1); 了:˙ㄌㄜ→ㄌㄧㄠˇ(IVS+1),IVS可修,
一了心願,ㄧ ㄌㄧㄠˇ ㄒㄧㄣ ㄩㄢˋ,ㄧ ˙ㄌㄜ ㄒㄧㄣ ㄩㄢˋ,了:˙ㄌㄜ→ㄌㄧㄠˇ(IVS+1),IVS可修,
一溜,ㄧ ㄌㄧㄡˋ,ㄧ ㄌㄧㄡ,溜:ㄌㄧㄡ→ㄌㄧㄡˋ(IVS+1),IVS可修,
一鱗半爪,ㄧ ㄌㄧㄣˊ ㄅㄢˋ ㄓㄠˇ,ㄧ ㄌㄧㄣˊ ㄅㄢˋ ㄓㄨㄚˇ,爪:ㄓㄨㄚˇ→ㄓㄠˇ(IVS+1),IVS可修,
一骨碌,ㄧ ㄍㄨ ㄌㄨˋ,ㄧ ㄍㄨˇ ㄌㄨˋ,骨:ㄍㄨˇ→ㄍㄨ(IVS+1),IVS可修,
一晃眼,ㄧ ㄏㄨㄤˇ ㄧㄢˇ,ㄧ ㄏㄨㄤˋ ㄧㄢˇ,晃:ㄏㄨㄤˋ→ㄏㄨㄤˇ(IVS+1),IVS可修,
一肩挑,ㄧ ㄐㄧㄢ ㄊㄧㄠ,ㄧ ㄐㄧㄢ ㄊㄧㄠˇ,挑:ㄊㄧㄠˇ→ㄊㄧㄠ(IVS+1),IVS可修,
一切,ㄧ ㄑㄧㄝˋ,ㄧ ㄑㄧㄝ,切:ㄑㄧㄝ→ㄑㄧㄝˋ(IVS+1),IVS可修,
一切從簡,ㄧ ㄑㄧㄝˋ ㄘㄨㄥˊ ㄐㄧㄢˇ,ㄧ ㄑㄧㄝ ㄘㄨㄥˊ ㄐㄧㄢˇ,切:ㄑㄧㄝ→ㄑㄧㄝˋ(IVS+1),IVS可修,
一下子,ㄧ ㄒㄧㄚˋ ˙ㄗ,ㄧ ㄒㄧㄚˋ ㄗˇ,子:ㄗˇ→˙ㄗ(IVS+1),IVS可修,
一相情願,ㄧ ㄒㄧㄤ ㄑㄧㄥˊ ㄩㄢˋ,ㄧ ㄒㄧㄤˋ ㄑㄧㄥˊ ㄩㄢˋ,相:ㄒㄧㄤˋ→ㄒㄧㄤ(IVS+1),IVS可修,
一朝,ㄧ ㄓㄠ,ㄧ ㄔㄠˊ,朝:ㄔㄠˊ→ㄓㄠ(IVS+1),IVS可修,
一朝一夕,ㄧ ㄓㄠ ㄧ ㄒㄧˋ,ㄧ ㄔㄠˊ ㄧ ㄒㄧˋ,朝:ㄔㄠˊ→ㄓㄠ(IVS+1),IVS可修,
一盞茶工夫,ㄧ ㄓㄢˇ ㄔㄚˊ ㄍㄨㄥ ˙ㄈㄨ,ㄧ ㄓㄢˇ ㄔㄚˊ ㄍㄨㄥ ㄈㄨ,夫:ㄈㄨ→˙ㄈㄨ(字型無此讀音),字型缺讀音,
一陣子,ㄧ ㄓㄣˋ ˙ㄗ,ㄧ ㄓㄣˋ ㄗˇ,子:ㄗˇ→˙ㄗ(IVS+1),IVS可修,
一處,ㄧ ㄔㄨˋ,ㄧ ㄔㄨˇ,處:ㄔㄨˇ→ㄔㄨˋ(IVS+1),IVS可修,
一走了之,ㄧ ㄗㄡˇ ㄌㄧㄠˇ ㄓ,ㄧ ㄗㄡˇ ˙ㄌㄜ ㄓ,了:˙ㄌㄜ→ㄌㄧㄠˇ(IVS+1),IVS可修,
一次全倒,ㄧ ㄘˋ ㄑㄩㄢˊ ㄉㄠˇ,ㄧ ㄘˋ ㄑㄩㄢˊ ㄉㄠˋ,倒:ㄉㄠˋ→ㄉㄠˇ(IVS+1),IVS可修,
一蹴可幾,ㄧ ㄘㄨˋ ㄎㄜˇ ㄐㄧ,ㄧ ㄘㄨˋ ㄎㄜˇ ㄐㄧˇ,幾:ㄐㄧˇ→ㄐㄧ(IVS+1),IVS可修,
一無是處,ㄧ ㄨˊ ㄕˋ ㄔㄨˋ,ㄧ ㄨˊ ㄕˋ ㄔㄨˇ,處:ㄔㄨˇ→ㄔㄨˋ(IVS+1),IVS可修,
一語中的,ㄧ ㄩˇ ㄓㄨㄥˋ ㄉㄧˋ,ㄧ ㄩˇ ㄓㄨㄥ ˙ㄉㄜ,中:ㄓㄨㄥ→ㄓㄨㄥˋ(IVS+1); 的:˙ㄉㄜ→ㄉㄧˋ(IVS+2),IVS可修,
衣冠禽獸,ㄧ ㄍㄨㄢ ㄑㄧㄣˊ ㄕㄡˋ,ㄧ ㄍㄨㄢˋ ㄑㄧㄣˊ ㄕㄡˋ,冠:ㄍㄨㄢˋ→ㄍㄨㄢ(IVS+1),IVS可修,
衣冠塚,ㄧ ㄍㄨㄢ ㄓㄨㄥˇ,ㄧ ㄍㄨㄢˋ ㄓㄨㄥˇ,冠:ㄍㄨㄢˋ→ㄍㄨㄢ(IVS+1),IVS可修,
衣冠楚楚,ㄧ ㄍㄨㄢ ㄔㄨˇ ㄔㄨˇ,ㄧ ㄍㄨㄢˋ ㄔㄨˇ ㄔㄨˇ,冠:ㄍㄨㄢˋ→ㄍㄨㄢ(IVS+1),IVS可修,
衣架子,ㄧ ㄐㄧㄚˋ ˙ㄗ,ㄧ ㄐㄧㄚˋ ㄗˇ,子:ㄗˇ→˙ㄗ(IVS+1),IVS可修,
衣著,ㄧ ㄓㄨㄛˊ,ㄧ ˙ㄓㄜ,著:˙ㄓㄜ→ㄓㄨㄛˊ(IVS+4),IVS可修,
衣裳,ㄧ ˙ㄕㄤ,ㄧ ㄔㄤˊ,裳:ㄔㄤˊ→˙ㄕㄤ(IVS+1),IVS可修,
依傍,ㄧ ㄅㄤˋ,ㄧ ㄅㄤ,傍:ㄅㄤ→ㄅㄤˋ(IVS+1),IVS可修,
依法炮製,ㄧ ㄈㄚˇ ㄆㄠˊ ㄓˋ,ㄧ ㄈㄚˇ ㄆㄠˋ ㄓˋ,炮:ㄆㄠˋ→ㄆㄠˊ(IVS+1),IVS可修,
姨太太,ㄧˊ ㄊㄞˋ ˙ㄊㄞ,ㄧˊ ㄊㄞˋ ㄊㄞˋ,太:ㄊㄞˋ→˙ㄊㄞ(IVS+1),IVS可修,
移民媽媽,ㄧˊ ㄇㄧㄣˊ ㄇㄚ ˙ㄇㄚ,ㄧˊ ㄇㄧㄣˊ ㄇㄚ ㄇㄚ,媽:ㄇㄚ→˙ㄇㄚ(IVS+1),IVS可修,
遺著,ㄧˊ ㄓㄨˋ,ㄧˊ ˙ㄓㄜ,著:˙ㄓㄜ→ㄓㄨˋ(IVS+1),IVS可修,
以禮相待,ㄧˇ ㄌㄧˇ ㄒㄧㄤ ㄉㄞˋ,ㄧˇ ㄌㄧˇ ㄒㄧㄤˋ ㄉㄞˋ,相:ㄒㄧㄤˋ→ㄒㄧㄤ(IVS+1),IVS可修,
以身相許,ㄧˇ ㄕㄣ ㄒㄧㄤ ㄒㄩˇ,ㄧˇ ㄕㄣ ㄒㄧㄤˋ ㄒㄩˇ,相:ㄒㄧㄤˋ→ㄒㄧㄤ(IVS+1),IVS可修,
以牙還牙,ㄧˇ ㄧㄚˊ ㄏㄨㄢˊ ㄧㄚˊ,ㄧˇ ㄧㄚˊ ㄏㄞˊ ㄧㄚˊ,還:ㄏㄞˊ→ㄏㄨㄢˊ(IVS+1),IVS可修,
椅子,ㄧˇ ˙ㄗ,ㄧˇ ㄗˇ,子:ㄗˇ→˙ㄗ(IVS+1),IVS可修,
衣錦還鄉,ㄧˋ ㄐㄧㄣˇ ㄏㄨㄢˊ ㄒㄧㄤ,ㄧ ㄐㄧㄣˇ ㄏㄞˊ ㄒㄧㄤ,衣:ㄧ→ㄧˋ(IVS+1); 還:ㄏㄞˊ→ㄏㄨㄢˊ(IVS+1),IVS可修,
衣錦榮歸,ㄧˋ ㄐㄧㄣˇ ㄖㄨㄥˊ ㄍㄨㄟ,ㄧ ㄐㄧㄣˇ ㄖㄨㄥˊ ㄍㄨㄟ,衣:ㄧ→ㄧˋ(IVS+1),IVS可修,
洩洩,ㄧˋ ㄧˋ,ㄒㄧㄝˋ ㄒㄧㄝˋ,洩:ㄒㄧㄝˋ→ㄧˋ(IVS+1); 洩:ㄒㄧㄝˋ→ㄧˋ(IVS+1),IVS可修,
泄泄,ㄧˋ ㄧˋ,ㄒㄧㄝˋ ㄒㄧㄝˋ,泄:ㄒㄧㄝˋ→ㄧˋ(IVS+1); 泄:ㄒㄧㄝˋ→ㄧˋ(IVS+1),IVS可修,
益處,ㄧˋ ㄔㄨˋ,ㄧˋ ㄔㄨˇ,處:ㄔㄨˇ→ㄔㄨˋ(IVS+1),IVS可修,
逸興,ㄧˋ ㄒㄧㄥˋ,ㄧˋ ㄒㄧㄥ,興:ㄒㄧㄥ→ㄒㄧㄥˋ(IVS+1),IVS可修,
意興,ㄧˋ ㄒㄧㄥˋ,ㄧˋ ㄒㄧㄥ,興:ㄒㄧㄥ→ㄒㄧㄥˋ(IVS+1),IVS可修,
意興闌珊,ㄧˋ ㄒㄧㄥˋ ㄌㄢˊ ㄕㄢ,ㄧˋ ㄒㄧㄥ ㄌㄢˊ ㄕㄢ,興:ㄒㄧㄥ→ㄒㄧㄥˋ(IVS+1),IVS可修,
臆度,ㄧˋ ㄉㄨㄛˋ,ㄧˋ ㄉㄨˋ,度:ㄉㄨˋ→ㄉㄨㄛˋ(IVS+1),IVS可修,
譯著,ㄧˋ ㄓㄨˋ,ㄧˋ ˙ㄓㄜ,著:˙ㄓㄜ→ㄓㄨˋ(IVS+1),IVS可修,
丫頭,ㄧㄚ ˙ㄊㄡ,ㄧㄚ ㄊㄡˊ,頭:ㄊㄡˊ→˙ㄊㄡ(IVS+1),IVS可修,
押解,ㄧㄚ ㄐㄧㄝˋ,ㄧㄚ ㄐㄧㄝˇ,解:ㄐㄧㄝˇ→ㄐㄧㄝˋ(IVS+1),IVS可修,
鴨子,ㄧㄚ ˙ㄗ,ㄧㄚ ㄗˇ,子:ㄗˇ→˙ㄗ(IVS+1),IVS可修,
啞啞,ㄧㄚ ㄧㄚ,ㄧㄚˇ ㄧㄚˇ,啞:ㄧㄚˇ→ㄧㄚ(IVS+1); 啞:ㄧㄚˇ→ㄧㄚ(IVS+1),IVS可修,
壓倒,ㄧㄚ ㄉㄠˇ,ㄧㄚ ㄉㄠˋ,倒:ㄉㄠˋ→ㄉㄠˇ(IVS+1),IVS可修,
壓倒性,ㄧㄚ ㄉㄠˇ ㄒㄧㄥˋ,ㄧㄚ ㄉㄠˋ ㄒㄧㄥˋ,倒:ㄉㄠˋ→ㄉㄠˇ(IVS+1),IVS可修,
枒杈,ㄧㄚˊ ㄔㄚ,ㄧㄚˊ ㄔㄚˋ,杈:ㄔㄚˋ→ㄔㄚ(IVS+1),IVS可修,
雅興,ㄧㄚˇ ㄒㄧㄥˋ,ㄧㄚˇ ㄒㄧㄥ,興:ㄒㄧㄥ→ㄒㄧㄥˋ(IVS+1),IVS可修,
雅樂,ㄧㄚˇ ㄩㄝˋ,ㄧㄚˇ ㄌㄜˋ,樂:ㄌㄜˋ→ㄩㄝˋ(IVS+1),IVS可修,
軋鋼,ㄧㄚˋ ㄍㄤ,ㄍㄚˊ ㄍㄤ,軋:ㄍㄚˊ→ㄧㄚˋ(IVS+1),IVS可修,
揠苗助長,ㄧㄚˋ ㄇㄧㄠˊ ㄓㄨˋ ㄓㄤˇ,ㄧㄚˋ ㄇㄧㄠˊ ㄓㄨˋ ㄔㄤˊ,長:ㄔㄤˊ→ㄓㄤˇ(IVS+1),IVS可修,
爺爺,ㄧㄝˊ ˙ㄧㄝ,ㄧㄝˊ ㄧㄝˊ,爺:ㄧㄝˊ→˙ㄧㄝ(IVS+1),IVS可修,
椰子,ㄧㄝˊ ˙ㄗ,ㄧㄝˊ ㄗˇ,子:ㄗˇ→˙ㄗ(IVS+1),IVS可修,
斜谷,ㄧㄝˊ ㄍㄨˇ,ㄒㄧㄝˊ ㄍㄨˇ,斜:ㄒㄧㄝˊ→ㄧㄝˊ(IVS+1),IVS可修,
野孩子,ㄧㄝˇ ㄏㄞˊ ˙ㄗ,ㄧㄝˇ ㄏㄞˊ ㄗˇ,子:ㄗˇ→˙ㄗ(IVS+1),IVS可修,
夜貓子,ㄧㄝˋ ㄇㄠ ˙ㄗ,ㄧㄝˋ ㄇㄠ ㄗˇ,子:ㄗˇ→˙ㄗ(IVS+1),IVS可修,
射干,ㄧㄝˋ ㄍㄢ,ㄕㄜˋ ㄍㄢ,射:ㄕㄜˋ→ㄧㄝˋ(IVS+1),IVS可修,
葉子,ㄧㄝˋ ˙ㄗ,ㄧㄝˋ ㄗˇ,子:ㄗˇ→˙ㄗ(IVS+1),IVS可修,
么麼,ㄧㄠ ㄇㄛˊ,ㄧㄠ ˙ㄇㄜ,麼:˙ㄇㄜ→ㄇㄛˊ(IVS+2),IVS可修,
吆喝,ㄧㄠ ㄏㄜˋ,ㄧㄠ ㄏㄜ,喝:ㄏㄜ→ㄏㄜˋ(IVS+1),IVS可修,
要求,ㄧㄠ ㄑㄧㄡˊ,ㄧㄠˋ ㄑㄧㄡˊ,要:ㄧㄠˋ→ㄧㄠ(IVS+1),IVS可修,
要挾,ㄧㄠ ㄒㄧㄚˊ,ㄧㄠˋ ㄒㄧㄚˊ,要:ㄧㄠˋ→ㄧㄠ(IVS+1),IVS可修,
要脅,ㄧㄠ ㄒㄧㄝˊ,ㄧㄠˋ ㄒㄧㄝˊ,要:ㄧㄠˋ→ㄧㄠ(IVS+1),IVS可修,
腰子,ㄧㄠ ˙ㄗ,ㄧㄠ ㄗˇ,子:ㄗˇ→˙ㄗ(IVS+1),IVS可修,
搖滾樂,ㄧㄠˊ ㄍㄨㄣˇ ㄩㄝˋ,ㄧㄠˊ ㄍㄨㄣˇ ㄌㄜˋ,樂:ㄌㄜˋ→ㄩㄝˋ(IVS+1),IVS可修,
咬牙切齒,ㄧㄠˇ ㄧㄚˊ ㄑㄧㄝˋ ㄔˇ,ㄧㄠˇ ㄧㄚˊ ㄑㄧㄝ ㄔˇ,切:ㄑㄧㄝ→ㄑㄧㄝˋ(IVS+1),IVS可修,
舀子,ㄧㄠˇ ˙ㄗ,ㄧㄠˇ ㄗˇ,子:ㄗˇ→˙ㄗ(IVS+1),IVS可修,
要不得,ㄧㄠˋ ㄅㄨˋ ˙ㄉㄜ,ㄧㄠˋ ㄅㄨˋ ㄉㄜˊ,得:ㄉㄜˊ→˙ㄉㄜ(IVS+1),IVS可修,
要得,ㄧㄠˋ ˙ㄉㄜ,ㄧㄠˋ ㄉㄜˊ,得:ㄉㄜˊ→˙ㄉㄜ(IVS+1),IVS可修,
要角,ㄧㄠˋ ㄐㄩㄝˊ,ㄧㄠˋ ㄐㄧㄠˇ,角:ㄐㄧㄠˇ→ㄐㄩㄝˊ(IVS+1),IVS可修,
要塞,ㄧㄠˋ ㄙㄞˋ,ㄧㄠˋ ㄙㄞ,塞:ㄙㄞ→ㄙㄞˋ(IVS+2),IVS可修,
樂群,ㄧㄠˋ ㄑㄩㄣˊ,ㄌㄜˋ ㄑㄩㄣˊ,樂:ㄌㄜˋ→ㄧㄠˋ(IVS+2),IVS可修,
藥罐子,ㄧㄠˋ ㄍㄨㄢˋ ˙ㄗ,ㄧㄠˋ ㄍㄨㄢˋ ㄗˇ,子:ㄗˇ→˙ㄗ(IVS+1),IVS可修,
藥行,ㄧㄠˋ ㄏㄤˊ,ㄧㄠˋ ㄒㄧㄥˊ,行:ㄒㄧㄥˊ→ㄏㄤˊ(IVS+1),IVS可修,
鷂子,ㄧㄠˋ ˙ㄗ,ㄧㄠˋ ㄗˇ,子:ㄗˇ→˙ㄗ(IVS+1),IVS可修,
鑰匙,ㄧㄠˋ ˙ㄕ,ㄧㄠˋ ㄔˊ,匙:ㄔˊ→˙ㄕ(IVS+1),IVS可修,
由不得,ㄧㄡˊ ㄅㄨˋ ˙ㄉㄜ,ㄧㄡˊ ㄅㄨˋ ㄉㄜˊ,得:ㄉㄜˊ→˙ㄉㄜ(IVS+1),IVS可修,
油行,ㄧㄡˊ ㄏㄤˊ,ㄧㄡˊ ㄒㄧㄥˊ,行:ㄒㄧㄥˊ→ㄏㄤˊ(IVS+1),IVS可修,
油腔滑調,ㄧㄡˊ ㄑㄧㄤ ㄏㄨㄚˊ ㄉㄧㄠˋ,ㄧㄡˊ ㄑㄧㄤ ㄏㄨㄚˊ ㄊㄧㄠˊ,調:ㄊㄧㄠˊ→ㄉㄧㄠˋ(IVS+1),IVS可修,
油炸,ㄧㄡˊ ㄓㄚˊ,ㄧㄡˊ ㄓㄚˋ,炸:ㄓㄚˋ→ㄓㄚˊ(IVS+1),IVS可修,
游手好閒,ㄧㄡˊ ㄕㄡˇ ㄏㄠˋ ㄒㄧㄢˊ,ㄧㄡˊ ㄕㄡˇ ㄏㄠˇ ㄒㄧㄢˊ,好:ㄏㄠˇ→ㄏㄠˋ(IVS+1),IVS可修,
遊興,ㄧㄡˊ ㄒㄧㄥˋ,ㄧㄡˊ ㄒㄧㄥ,興:ㄒㄧㄥ→ㄒㄧㄥˋ(IVS+1),IVS可修,
遊手好閒,ㄧㄡˊ ㄕㄡˇ ㄏㄠˋ ㄒㄧㄢˊ,ㄧㄡˊ ㄕㄡˇ ㄏㄠˇ ㄒㄧㄢˊ,好:ㄏㄠˇ→ㄏㄠˋ(IVS+1),IVS可修,
遊說,ㄧㄡˊ ㄕㄨㄟˋ,ㄧㄡˊ ㄕㄨㄛ,說:ㄕㄨㄛ→ㄕㄨㄟˋ(IVS+1),IVS可修,
郵差,ㄧㄡˊ ㄔㄞ,ㄧㄡˊ ㄔㄚ,差:ㄔㄚ→ㄔㄞ(IVS+1),IVS可修,
有分,ㄧㄡˇ ㄈㄣˋ,ㄧㄡˇ ㄈㄣ,分:ㄈㄣ→ㄈㄣˋ(IVS+1),IVS可修,
有看頭,ㄧㄡˇ ㄎㄢˋ ˙ㄊㄡ,ㄧㄡˇ ㄎㄢˋ ㄊㄡˊ,頭:ㄊㄡˊ→˙ㄊㄡ(IVS+1),IVS可修,
有空,ㄧㄡˇ ㄎㄨㄥˋ,ㄧㄡˇ ㄎㄨㄥ,空:ㄎㄨㄥ→ㄎㄨㄥˋ(IVS+1),IVS可修,
有行無市,ㄧㄡˇ ㄏㄤˊ ㄨˊ ㄕˋ,ㄧㄡˇ ㄒㄧㄥˊ ㄨˊ ㄕˋ,行:ㄒㄧㄥˊ→ㄏㄤˊ(IVS+1),IVS可修,
有求必應,ㄧㄡˇ ㄑㄧㄡˊ ㄅㄧˋ ㄧㄥˋ,ㄧㄡˇ ㄑㄧㄡˊ ㄅㄧˋ ㄧㄥ,應:ㄧㄥ→ㄧㄥˋ(IVS+1),IVS可修,
有錢能使鬼推磨,ㄧㄡˇ ㄑㄧㄢˊ ㄋㄥˊ ㄕˇ ㄍㄨㄟˇ ㄊㄨㄟ ㄇㄛˋ,ㄧㄡˇ ㄑㄧㄢˊ ㄋㄥˊ ㄕˇ ㄍㄨㄟˇ ㄊㄨㄟ ㄇㄛˊ,磨:ㄇㄛˊ→ㄇㄛˋ(IVS+1),IVS可修,
有朝一日,ㄧㄡˇ ㄓㄠ ㄧ ㄖˋ,ㄧㄡˇ ㄔㄠˊ ㄧ ㄖˋ,朝:ㄔㄠˊ→ㄓㄠ(IVS+1),IVS可修,
有賺頭,ㄧㄡˇ ㄓㄨㄢˋ ˙ㄊㄡ,ㄧㄡˇ ㄓㄨㄢˋ ㄊㄡˊ,頭:ㄊㄡˊ→˙ㄊㄡ(IVS+1),IVS可修,
有意思,ㄧㄡˇ ㄧˋ ˙ㄙ,ㄧㄡˇ ㄧˋ ㄙ,思:ㄙ→˙ㄙ(IVS+2),IVS可修,
右翼分子,ㄧㄡˋ ㄧˋ ㄈㄣˋ ㄗˇ,ㄧㄡˋ ㄧˋ ㄈㄣ ㄗˇ,分:ㄈㄣ→ㄈㄣˋ(IVS+1),IVS可修,
柚子,ㄧㄡˋ ˙ㄗ,ㄧㄡˋ ㄗˇ,子:ㄗˇ→˙ㄗ(IVS+1),IVS可修,
淹沒,ㄧㄢ ㄇㄛˋ,ㄧㄢ ㄇㄟˊ,沒:ㄇㄟˊ→ㄇㄛˋ(IVS+1),IVS可修,
殷紅,ㄧㄢ ㄏㄨㄥˊ,ㄧㄣ ㄏㄨㄥˊ,殷:ㄧㄣ→ㄧㄢ(IVS+2),IVS可修,
閼氏,ㄧㄢ ㄓ,ㄜˋ ㄕˋ,閼:ㄜˋ→ㄧㄢ(IVS+2); 氏:ㄕˋ→ㄓ(IVS+1),IVS可修,
言歸正傳,ㄧㄢˊ ㄍㄨㄟ ㄓㄥˋ ㄓㄨㄢˋ,ㄧㄢˊ ㄍㄨㄟ ㄓㄥˋ ㄔㄨㄢˊ,傳:ㄔㄨㄢˊ→ㄓㄨㄢˋ(IVS+1),IVS可修,
掩沒,ㄧㄢˇ ㄇㄛˋ,ㄧㄢˇ ㄇㄟˊ,沒:ㄇㄟˊ→ㄇㄛˋ(IVS+1),IVS可修,
雁行,ㄧㄢˋ ㄏㄤˊ,ㄧㄢˋ ㄒㄧㄥˊ,行:ㄒㄧㄥˊ→ㄏㄤˊ(IVS+1),IVS可修,
厭惡,ㄧㄢˋ ㄨˋ,ㄧㄢˋ ㄜˋ,惡:ㄜˋ→ㄨˋ(IVS+1),IVS可修,
燕子,ㄧㄢˋ ˙ㄗ,ㄧㄢˋ ㄗˇ,子:ㄗˇ→˙ㄗ(IVS+1),IVS可修,
因果報應,ㄧㄣ ㄍㄨㄛˇ ㄅㄠˋ ㄧㄥˋ,ㄧㄣ ㄍㄨㄛˇ ㄅㄠˋ ㄧㄥ,應:ㄧㄥ→ㄧㄥˋ(IVS+1),IVS可修,
因應,ㄧㄣ ㄧㄥˋ,ㄧㄣ ㄧㄥ,應:ㄧㄥ→ㄧㄥˋ(IVS+1),IVS可修,
因為,ㄧㄣ ㄨㄟˋ,ㄧㄣ ㄨㄟˊ,為:ㄨㄟˊ→ㄨㄟˋ(IVS+1),IVS可修,
音調,ㄧㄣ ㄉㄧㄠˋ,ㄧㄣ ㄊㄧㄠˊ,調:ㄊㄧㄠˊ→ㄉㄧㄠˋ(IVS+1),IVS可修,
音樂,ㄧㄣ ㄩㄝˋ,ㄧㄣ ㄌㄜˋ,樂:ㄌㄜˋ→ㄩㄝˋ(IVS+1),IVS可修,
音樂盒,ㄧㄣ ㄩㄝˋ ㄏㄜˊ,ㄧㄣ ㄌㄜˋ ㄏㄜˊ,樂:ㄌㄜˋ→ㄩㄝˋ(IVS+1),IVS可修,
音樂家,ㄧㄣ ㄩㄝˋ ㄐㄧㄚ,ㄧㄣ ㄌㄜˋ ㄐㄧㄚ,樂:ㄌㄜˋ→ㄩㄝˋ(IVS+1),IVS可修,
音樂劇,ㄧㄣ ㄩㄝˋ ㄐㄩˋ,ㄧㄣ ㄌㄜˋ ㄐㄩˋ,樂:ㄌㄜˋ→ㄩㄝˋ(IVS+1),IVS可修,
音樂治療,ㄧㄣ ㄩㄝˋ ㄓˋ ㄌㄧㄠˊ,ㄧㄣ ㄌㄜˋ ㄓˋ ㄌㄧㄠˊ,樂:ㄌㄜˋ→ㄩㄝˋ(IVS+1),IVS可修,
殷切,ㄧㄣ ㄑㄧㄝˋ,ㄧㄣ ㄑㄧㄝ,切:ㄑㄧㄝ→ㄑㄧㄝˋ(IVS+1),IVS可修,
陰盛陽衰,ㄧㄣ ㄕㄥˋ ㄧㄤˊ ㄕㄨㄞ,ㄧㄣ ㄔㄥˊ ㄧㄤˊ ㄕㄨㄞ,盛:ㄔㄥˊ→ㄕㄥˋ(IVS+1),IVS可修,
湮沒,ㄧㄣ ㄇㄛˋ,ㄧㄣ ㄇㄟˊ,沒:ㄇㄟˊ→ㄇㄛˋ(IVS+1),IVS可修,
湮沒無聞,ㄧㄣ ㄇㄛˋ ㄨˊ ㄨㄣˊ,ㄧㄣ ㄇㄟˊ ㄨˊ ㄨㄣˊ,沒:ㄇㄟˊ→ㄇㄛˋ(IVS+1),IVS可修,
銀行,ㄧㄣˊ ㄏㄤˊ,ㄧㄣˊ ㄒㄧㄥˊ,行:ㄒㄧㄥˊ→ㄏㄤˊ(IVS+1),IVS可修,
銀子,ㄧㄣˊ ˙ㄗ,ㄧㄣˊ ㄗˇ,子:ㄗˇ→˙ㄗ(IVS+1),IVS可修,
銀絲卷,ㄧㄣˊ ㄙ ㄐㄩㄢˇ,ㄧㄣˊ ㄙ ㄐㄩㄢˋ,卷:ㄐㄩㄢˋ→ㄐㄩㄢˇ(IVS+1),IVS可修,
引吭,ㄧㄣˇ ㄏㄤˊ,ㄧㄣˇ ㄎㄥ,吭:ㄎㄥ→ㄏㄤˊ(IVS+1),IVS可修,
引子,ㄧㄣˇ ˙ㄗ,ㄧㄣˇ ㄗˇ,子:ㄗˇ→˙ㄗ(IVS+1),IVS可修,
隱沒,ㄧㄣˇ ㄇㄛˋ,ㄧㄣˇ ㄇㄟˊ,沒:ㄇㄟˊ→ㄇㄛˋ(IVS+1),IVS可修,
洋鬼子,ㄧㄤˊ ㄍㄨㄟˇ ˙ㄗ,ㄧㄤˊ ㄍㄨㄟˇ ㄗˇ,子:ㄗˇ→˙ㄗ(IVS+1),IVS可修,
洋娃娃,ㄧㄤˊ ㄨㄚˊ ˙ㄨㄚ,ㄧㄤˊ ㄨㄚˊ ㄨㄚˊ,娃:ㄨㄚˊ→˙ㄨㄚ(IVS+1),IVS可修,
養分,ㄧㄤˇ ㄈㄣˋ,ㄧㄤˇ ㄈㄣ,分:ㄈㄣ→ㄈㄣˋ(IVS+1),IVS可修,
養生送死,ㄧㄤˋ ㄕㄥ ㄙㄨㄥˋ ㄙˇ,ㄧㄤˇ ㄕㄥ ㄙㄨㄥˋ ㄙˇ,養:ㄧㄤˇ→ㄧㄤˋ(IVS+1),IVS可修,
樣子,ㄧㄤˋ ˙ㄗ,ㄧㄤˋ ㄗˇ,子:ㄗˇ→˙ㄗ(IVS+1),IVS可修,
盈千累萬,ㄧㄥˊ ㄑㄧㄢ ㄌㄟˇ ㄨㄢˋ,ㄧㄥˊ ㄑㄧㄢ ㄌㄟˋ ㄨㄢˋ,累:ㄌㄟˋ→ㄌㄟˇ(IVS+1),IVS可修,
影子,ㄧㄥˇ ˙ㄗ,ㄧㄥˇ ㄗˇ,子:ㄗˇ→˙ㄗ(IVS+1),IVS可修,
硬裡子,ㄧㄥˋ ㄌㄧˇ ˙ㄗ,ㄧㄥˋ ㄌㄧˇ ㄗˇ,子:ㄗˇ→˙ㄗ(IVS+1),IVS可修,
硬骨頭,ㄧㄥˋ ㄍㄨˊ ˙ㄊㄡ,ㄧㄥˋ ㄍㄨˇ ㄊㄡˊ,骨:ㄍㄨˇ→ㄍㄨˊ(IVS+2); 頭:ㄊㄡˊ→˙ㄊㄡ(IVS+1),IVS可修,
應變,ㄧㄥˋ ㄅㄧㄢˋ,ㄧㄥ ㄅㄧㄢˋ,應:ㄧㄥ→ㄧㄥˋ(IVS+1),IVS可修,
應聘,ㄧㄥˋ ㄆㄧㄥˋ,ㄧㄥ ㄆㄧㄥˋ,應:ㄧㄥ→ㄧㄥˋ(IVS+1),IVS可修,
應門,ㄧㄥˋ ㄇㄣˊ,ㄧㄥ ㄇㄣˊ,應:ㄧㄥ→ㄧㄥˋ(IVS+1),IVS可修,
應付自如,ㄧㄥˋ ㄈㄨˋ ㄗˋ ㄖㄨˊ,ㄧㄥ ㄈㄨˋ ㄗˋ ㄖㄨˊ,應:ㄧㄥ→ㄧㄥˋ(IVS+1),IVS可修,
應付裕如,ㄧㄥˋ ㄈㄨˋ ㄩˋ ㄖㄨˊ,ㄧㄥ ㄈㄨˋ ㄩˋ ㄖㄨˊ,應:ㄧㄥ→ㄧㄥˋ(IVS+1),IVS可修,
應答,ㄧㄥˋ ㄉㄚˊ,ㄧㄥ ㄉㄚˊ,應:ㄧㄥ→ㄧㄥˋ(IVS+1),IVS可修,
應對,ㄧㄥˋ ㄉㄨㄟˋ,ㄧㄥ ㄉㄨㄟˋ,應:ㄧㄥ→ㄧㄥˋ(IVS+1),IVS可修,
應對如流,ㄧㄥˋ ㄉㄨㄟˋ ㄖㄨˊ ㄌㄧㄡˊ,ㄧㄥ ㄉㄨㄟˋ ㄖㄨˊ ㄌㄧㄡˊ,應:ㄧㄥ→ㄧㄥˋ(IVS+1),IVS可修,
應考,ㄧㄥˋ ㄎㄠˇ,ㄧㄥ ㄎㄠˇ,應:ㄧㄥ→ㄧㄥˋ(IVS+1),IVS可修,
應和,ㄧㄥˋ ㄏㄜˋ,ㄧㄥ ㄏㄜˊ,應:ㄧㄥ→ㄧㄥˋ(IVS+1); 和:ㄏㄜˊ→ㄏㄜˋ(IVS+2),IVS可修,
應急,ㄧㄥˋ ㄐㄧˊ,ㄧㄥ ㄐㄧˊ,應:ㄧㄥ→ㄧㄥˋ(IVS+1),IVS可修,
應接不暇,ㄧㄥˋ ㄐㄧㄝ ㄅㄨˋ ㄒㄧㄚˊ,ㄧㄥ ㄐㄧㄝ ㄅㄨˋ ㄒㄧㄚˊ,應:ㄧㄥ→ㄧㄥˋ(IVS+1),IVS可修,
應景,ㄧㄥˋ ㄐㄧㄥˇ,ㄧㄥ ㄐㄧㄥˇ,應:ㄧㄥ→ㄧㄥˋ(IVS+1),IVS可修,
應許,ㄧㄥˋ ㄒㄩˇ,ㄧㄥ ㄒㄩˇ,應:ㄧㄥ→ㄧㄥˋ(IVS+1),IVS可修,
應訊,ㄧㄥˋ ㄒㄩㄣˋ,ㄧㄥ ㄒㄩㄣˋ,應:ㄧㄥ→ㄧㄥˋ(IVS+1),IVS可修,
應召,ㄧㄥˋ ㄓㄠˋ,ㄧㄥ ㄓㄠˋ,應:ㄧㄥ→ㄧㄥˋ(IVS+1),IVS可修,
應召女郎,ㄧㄥˋ ㄓㄠˋ ㄋㄩˇ ㄌㄤˊ,ㄧㄥ ㄓㄠˋ ㄋㄩˇ ㄌㄤˊ,應:ㄧㄥ→ㄧㄥˋ(IVS+1),IVS可修,
應戰,ㄧㄥˋ ㄓㄢˋ,ㄧㄥ ㄓㄢˋ,應:ㄧㄥ→ㄧㄥˋ(IVS+1),IVS可修,
應徵,ㄧㄥˋ ㄓㄥ,ㄧㄥ ㄓㄥ,應:ㄧㄥ→ㄧㄥˋ(IVS+1),IVS可修,
應酬,ㄧㄥˋ ㄔㄡˊ,ㄧㄥ ㄔㄡˊ,應:ㄧㄥ→ㄧㄥˋ(IVS+1),IVS可修,
應時,ㄧㄥˋ ㄕˊ,ㄧㄥ ㄕˊ,應:ㄧㄥ→ㄧㄥˋ(IVS+1),IVS可修,
應市,ㄧㄥˋ ㄕˋ,ㄧㄥ ㄕˋ,應:ㄧㄥ→ㄧㄥˋ(IVS+1),IVS可修,
應試,ㄧㄥˋ ㄕˋ,ㄧㄥ ㄕˋ,應:ㄧㄥ→ㄧㄥˋ(IVS+1),IVS可修,
應聲,ㄧㄥˋ ㄕㄥ,ㄧㄥ ㄕㄥ,應:ㄧㄥ→ㄧㄥˋ(IVS+1),IVS可修,
應聲而倒,ㄧㄥˋ ㄕㄥ ㄦˊ ㄉㄠˇ,ㄧㄥ ㄕㄥ ㄦˊ ㄉㄠˋ,應:ㄧㄥ→ㄧㄥˋ(IVS+1); 倒:ㄉㄠˋ→ㄉㄠˇ(IVS+1),IVS可修,
應邀,ㄧㄥˋ ㄧㄠ,ㄧㄥ ㄧㄠ,應:ㄧㄥ→ㄧㄥˋ(IVS+1),IVS可修,
應驗,ㄧㄥˋ ㄧㄢˋ,ㄧㄥ ㄧㄢˋ,應:ㄧㄥ→ㄧㄥˋ(IVS+1),IVS可修,
應允,ㄧㄥˋ ㄩㄣˇ,ㄧㄥ ㄩㄣˇ,應:ㄧㄥ→ㄧㄥˋ(IVS+1),IVS可修,
應運而生,ㄧㄥˋ ㄩㄣˋ ㄦˊ ㄕㄥ,ㄧㄥ ㄩㄣˋ ㄦˊ ㄕㄥ,應:ㄧㄥ→ㄧㄥˋ(IVS+1),IVS可修,
應用,ㄧㄥˋ ㄩㄥˋ,ㄧㄥ ㄩㄥˋ,應:ㄧㄥ→ㄧㄥˋ(IVS+1),IVS可修,
於菟,ㄨ ㄊㄨˊ,ㄩˊ ㄊㄨˋ,於:ㄩˊ→ㄨ(IVS+1); 菟:ㄊㄨˋ→ㄊㄨˊ(IVS+1),IVS可修,
於戲,ㄨ ㄏㄨ,ㄩˊ ㄒㄧˋ,於:ㄩˊ→ㄨ(IVS+1); 戲:ㄒㄧˋ→ㄏㄨ(IVS+1),IVS可修,
屋子,ㄨ ˙ㄗ,ㄨ ㄗˇ,子:ㄗˇ→˙ㄗ(IVS+1),IVS可修,
嗚咽,ㄨ ㄧㄝˋ,ㄨ ㄧㄢ,咽:ㄧㄢ→ㄧㄝˋ(IVS+1),IVS可修,
無的放矢,ㄨˊ ㄉㄧˋ ㄈㄤˋ ㄕˇ,ㄨˊ ˙ㄉㄜ ㄈㄤˋ ㄕˇ,的:˙ㄉㄜ→ㄉㄧˋ(IVS+2),IVS可修,
無給職,ㄨˊ ㄐㄧˇ ㄓˊ,ㄨˊ ㄍㄟˇ ㄓˊ,給:ㄍㄟˇ→ㄐㄧˇ(IVS+1),IVS可修,
無行,ㄨˊ ㄒㄧㄥˋ,ㄨˊ ㄒㄧㄥˊ,行:ㄒㄧㄥˊ→ㄒㄧㄥˋ(IVS+2),IVS可修,
無人銀行,ㄨˊ ㄖㄣˊ ㄧㄣˊ ㄏㄤˊ,ㄨˊ ㄖㄣˊ ㄧㄣˊ ㄒㄧㄥˊ,行:ㄒㄧㄥˊ→ㄏㄤˊ(IVS+1),IVS可修,
無射,ㄨˊ ㄧˋ,ㄨˊ ㄕㄜˋ,射:ㄕㄜˋ→ㄧˋ(IVS+2),IVS可修,
五度制調值標記法,ㄨˇ ㄉㄨˋ ㄓˋ ㄉㄧㄠˋ ㄓˊ ㄅㄧㄠ ㄐㄧˋ ㄈㄚˇ,ㄨˇ ㄉㄨˋ ㄓˋ ㄊㄧㄠˊ ㄓˊ ㄅㄧㄠ ㄐㄧˋ ㄈㄚˇ,調:ㄊㄧㄠˊ→ㄉㄧㄠˋ(IVS+1),IVS可修,
五更,ㄨˇ ㄍㄥ,ㄨˇ ㄍㄥˋ,更:ㄍㄥˋ→ㄍㄥ(IVS+1),IVS可修,
午覺,ㄨˇ ㄐㄧㄠˋ,ㄨˇ ㄐㄩㄝˊ,覺:ㄐㄩㄝˊ→ㄐㄧㄠˋ(IVS+1),IVS可修,
武行,ㄨˇ ㄏㄤˊ,ㄨˇ ㄒㄧㄥˊ,行:ㄒㄧㄥˊ→ㄏㄤˊ(IVS+1),IVS可修,
舞樂,ㄨˇ ㄩㄝˋ,ㄨˇ ㄌㄜˋ,樂:ㄌㄜˋ→ㄩㄝˋ(IVS+1),IVS可修,
挖角,ㄨㄚ ㄐㄩㄝˊ,ㄨㄚ ㄐㄧㄠˇ,角:ㄐㄧㄠˇ→ㄐㄩㄝˊ(IVS+1),IVS可修,
娃娃,ㄨㄚˊ ˙ㄨㄚ,ㄨㄚˊ ㄨㄚˊ,娃:ㄨㄚˊ→˙ㄨㄚ(IVS+1),IVS可修,
瓦楞紙,ㄨㄚˇ ㄌㄥˊ ㄓˇ,ㄨㄚˇ ㄌㄥˋ ㄓˇ,楞:ㄌㄥˋ→ㄌㄥˊ(IVS+1),IVS可修,
瓦斯中毒,ㄨㄚˇ ㄙ ㄓㄨㄥˋ ㄉㄨˊ,ㄨㄚˇ ㄙ ㄓㄨㄥ ㄉㄨˊ,中:ㄓㄨㄥ→ㄓㄨㄥˋ(IVS+1),IVS可修,
襪子,ㄨㄚˋ ˙ㄗ,ㄨㄚˋ ㄗˇ,子:ㄗˇ→˙ㄗ(IVS+1),IVS可修,
窩窩頭,ㄨㄛ ㄨㄛ ˙ㄊㄡ,ㄨㄛ ㄨㄛ ㄊㄡˊ,頭:ㄊㄡˊ→˙ㄊㄡ(IVS+1),IVS可修,
我倆,ㄨㄛˇ ㄌㄧㄚˇ,ㄨㄛˇ ㄌㄧㄤˇ,倆:ㄌㄧㄤˇ→ㄌㄧㄚˇ(IVS+1),IVS可修,
臥鋪,ㄨㄛˋ ㄆㄨˋ,ㄨㄛˋ ㄆㄨ,鋪:ㄆㄨ→ㄆㄨˋ(IVS+1),IVS可修,
歪打正著,ㄨㄞ ㄉㄚˇ ㄓㄥˋ ㄓㄠˊ,ㄨㄞ ㄉㄚˇ ㄓㄥˋ ˙ㄓㄜ,著:˙ㄓㄜ→ㄓㄠˊ(IVS+3),IVS可修,
歪曲,ㄨㄞ ㄑㄩ,ㄨㄞ ㄑㄩˇ,曲:ㄑㄩˇ→ㄑㄩ(IVS+1),IVS可修,
外頭,ㄨㄞˋ ˙ㄊㄡ,ㄨㄞˋ ㄊㄡˊ,頭:ㄊㄡˊ→˙ㄊㄡ(IVS+1),IVS可修,
外行,ㄨㄞˋ ㄏㄤˊ,ㄨㄞˋ ㄒㄧㄥˊ,行:ㄒㄧㄥˊ→ㄏㄤˊ(IVS+1),IVS可修,
外行人,ㄨㄞˋ ㄏㄤˊ ㄖㄣˊ,ㄨㄞˋ ㄒㄧㄥˊ ㄖㄣˊ,行:ㄒㄧㄥˊ→ㄏㄤˊ(IVS+1),IVS可修,
委蛇,ㄨㄟ ㄧˊ,ㄨㄟˇ ㄕㄜˊ,委:ㄨㄟˇ→ㄨㄟ(IVS+1); 蛇:ㄕㄜˊ→ㄧˊ(IVS+1),IVS可修,
威嚇,ㄨㄟ ㄏㄜˋ,ㄨㄟ ㄒㄧㄚˋ,嚇:ㄒㄧㄚˋ→ㄏㄜˋ(IVS+1),IVS可修,
危難,ㄨㄟˊ ㄋㄢˋ,ㄨㄟˊ ㄋㄢˊ,難:ㄋㄢˊ→ㄋㄢˋ(IVS+1),IVS可修,
危如累卵,ㄨㄟˊ ㄖㄨˊ ㄌㄟˇ ㄌㄨㄢˇ,ㄨㄟˊ ㄖㄨˊ ㄌㄟˋ ㄌㄨㄢˇ,累:ㄌㄟˋ→ㄌㄟˇ(IVS+1),IVS可修,
微卷,ㄨㄟˊ ㄐㄩㄢˇ,ㄨㄟˊ ㄐㄩㄢˋ,卷:ㄐㄩㄢˋ→ㄐㄩㄢˇ(IVS+1),IVS可修,
委託行,ㄨㄟˇ ㄊㄨㄛ ㄏㄤˊ,ㄨㄟˇ ㄊㄨㄛ ㄒㄧㄥˊ,行:ㄒㄧㄥˊ→ㄏㄤˊ(IVS+1),IVS可修,
委曲,ㄨㄟˇ ㄑㄩ,ㄨㄟˇ ㄑㄩˇ,曲:ㄑㄩˇ→ㄑㄩ(IVS+1),IVS可修,
委曲求全,ㄨㄟˇ ㄑㄩ ㄑㄧㄡˊ ㄑㄩㄢˊ,ㄨㄟˇ ㄑㄩˇ ㄑㄧㄡˊ ㄑㄩㄢˊ,曲:ㄑㄩˇ→ㄑㄩ(IVS+1),IVS可修,
未了,ㄨㄟˋ ㄌㄧㄠˇ,ㄨㄟˋ ˙ㄌㄜ,了:˙ㄌㄜ→ㄌㄧㄠˇ(IVS+1),IVS可修,
未婚媽媽,ㄨㄟˋ ㄏㄨㄣ ㄇㄚ ˙ㄇㄚ,ㄨㄟˋ ㄏㄨㄣ ㄇㄚ ㄇㄚ,媽:ㄇㄚ→˙ㄇㄚ(IVS+1),IVS可修,
未雨綢繆,ㄨㄟˋ ㄩˇ ㄔㄡˊ ㄇㄡˊ,ㄨㄟˋ ㄩˇ ㄔㄡˊ ㄇㄧㄡˋ,繆:ㄇㄧㄡˋ→ㄇㄡˊ(IVS+1),IVS可修,
味同嚼蠟,ㄨㄟˋ ㄊㄨㄥˊ ㄐㄩㄝˊ ㄌㄚˋ,ㄨㄟˋ ㄊㄨㄥˊ ㄐㄧㄠˊ ㄌㄚˋ,嚼:ㄐㄧㄠˊ→ㄐㄩㄝˊ(IVS+1),IVS可修,
味噌湯,ㄨㄟˋ ㄘㄥ ㄊㄤ,ㄨㄟˋ ㄗㄥ ㄊㄤ,噌:ㄗㄥ→ㄘㄥ(IVS+1),IVS可修,
位子,ㄨㄟˋ ˙ㄗ,ㄨㄟˋ ㄗˇ,子:ㄗˇ→˙ㄗ(IVS+1),IVS可修,
為民請命,ㄨㄟˋ ㄇㄧㄣˊ ㄑㄧㄥˇ ㄇㄧㄥˋ,ㄨㄟˊ ㄇㄧㄣˊ ㄑㄧㄥˇ ㄇㄧㄥˋ,為:ㄨㄟˊ→ㄨㄟˋ(IVS+1),IVS可修,
為國捐軀,ㄨㄟˋ ㄍㄨㄛˊ ㄐㄩㄢ ㄑㄩ,ㄨㄟˊ ㄍㄨㄛˊ ㄐㄩㄢ ㄑㄩ,為:ㄨㄟˊ→ㄨㄟˋ(IVS+1),IVS可修,
為國爭光,ㄨㄟˋ ㄍㄨㄛˊ ㄓㄥ ㄍㄨㄤ,ㄨㄟˊ ㄍㄨㄛˊ ㄓㄥ ㄍㄨㄤ,為:ㄨㄟˊ→ㄨㄟˋ(IVS+1),IVS可修,
為何,ㄨㄟˋ ㄏㄜˊ,ㄨㄟˊ ㄏㄜˊ,為:ㄨㄟˊ→ㄨㄟˋ(IVS+1),IVS可修,
為虎作倀,ㄨㄟˋ ㄏㄨˇ ㄗㄨㄛˋ ㄔㄤ,ㄨㄟˊ ㄏㄨˇ ㄗㄨㄛˋ ㄔㄤ,為:ㄨㄟˊ→ㄨㄟˋ(IVS+1),IVS可修,
為甚麼,ㄨㄟˋ ㄕㄣˊ ˙ㄇㄜ,ㄨㄟˊ ㄕㄣˋ ˙ㄇㄜ,為:ㄨㄟˊ→ㄨㄟˋ(IVS+1); 甚:ㄕㄣˋ→ㄕㄣˊ(IVS+1),IVS可修,
為人作嫁,ㄨㄟˋ ㄖㄣˊ ㄗㄨㄛˋ ㄐㄧㄚˋ,ㄨㄟˊ ㄖㄣˊ ㄗㄨㄛˋ ㄐㄧㄚˋ,為:ㄨㄟˊ→ㄨㄟˋ(IVS+1),IVS可修,
慰勞,ㄨㄟˋ ㄌㄠˋ,ㄨㄟˋ ㄌㄠˊ,勞:ㄌㄠˊ→ㄌㄠˋ(IVS+1),IVS可修,
彎曲,ㄨㄢ ㄑㄩ,ㄨㄢ ㄑㄩˇ,曲:ㄑㄩˇ→ㄑㄩ(IVS+1),IVS可修,
彎彎曲曲,ㄨㄢ ㄨㄢ ㄑㄩ ㄑㄩ,ㄨㄢ ㄨㄢ ㄑㄩˇ ㄑㄩˇ,曲:ㄑㄩˇ→ㄑㄩ(IVS+1); 曲:ㄑㄩˇ→ㄑㄩ(IVS+1),IVS可修,
玩物喪志,ㄨㄢˊ ㄨˋ ㄙㄤˋ ㄓˋ,ㄨㄢˊ ㄨˋ ㄙㄤ ㄓˋ,喪:ㄙㄤ→ㄙㄤˋ(IVS+1),IVS可修,
萬象更新,ㄨㄢˋ ㄒㄧㄤˋ ㄍㄥ ㄒㄧㄣ,ㄨㄢˋ ㄒㄧㄤˋ ㄍㄥˋ ㄒㄧㄣ,更:ㄍㄥˋ→ㄍㄥ(IVS+1),IVS可修,
溫室效應,ㄨㄣ ㄕˋ ㄒㄧㄠˋ ㄧㄥˋ,ㄨㄣ ㄕˋ ㄒㄧㄠˋ ㄧㄥ,應:ㄧㄥ→ㄧㄥˋ(IVS+1),IVS可修,
蚊子,ㄨㄣˊ ˙ㄗ,ㄨㄣˊ ㄗˇ,子:ㄗˇ→˙ㄗ(IVS+1),IVS可修,
聞風響應,ㄨㄣˊ ㄈㄥ ㄒㄧㄤˇ ㄧㄥˋ,ㄨㄣˊ ㄈㄥ ㄒㄧㄤˇ ㄧㄥ,應:ㄧㄥ→ㄧㄥˋ(IVS+1),IVS可修,
聞風喪膽,ㄨㄣˊ ㄈㄥ ㄙㄤˋ ㄉㄢˇ,ㄨㄣˊ ㄈㄥ ㄙㄤ ㄉㄢˇ,喪:ㄙㄤ→ㄙㄤˋ(IVS+1),IVS可修,
穩當,ㄨㄣˇ ㄉㄤˋ,ㄨㄣˇ ㄉㄤ,當:ㄉㄤ→ㄉㄤˋ(IVS+1),IVS可修,
文過飾非,ㄨㄣˋ ㄍㄨㄛˋ ㄕˋ ㄈㄟ,ㄨㄣˊ ㄍㄨㄛˋ ㄕˋ ㄈㄟ,文:ㄨㄣˊ→ㄨㄣˋ(IVS+1),IVS可修,
文飾,ㄨㄣˋ ㄕˋ,ㄨㄣˊ ㄕˋ,文:ㄨㄣˊ→ㄨㄣˋ(IVS+1),IVS可修,
亡魂喪膽,ㄨㄤˊ ㄏㄨㄣˊ ㄙㄤˋ ㄉㄢˇ,ㄨㄤˊ ㄏㄨㄣˊ ㄙㄤ ㄉㄢˇ,喪:ㄙㄤ→ㄙㄤˋ(IVS+1),IVS可修,
王冠,ㄨㄤˊ ㄍㄨㄢ,ㄨㄤˊ ㄍㄨㄢˋ,冠:ㄍㄨㄢˋ→ㄍㄨㄢ(IVS+1),IVS可修,
網路銀行,ㄨㄤˇ ㄌㄨˋ ㄧㄣˊ ㄏㄤˊ,ㄨㄤˇ ㄌㄨˋ ㄧㄣˊ ㄒㄧㄥˊ,行:ㄒㄧㄥˊ→ㄏㄤˊ(IVS+1),IVS可修,
網子,ㄨㄤˇ ˙ㄗ,ㄨㄤˇ ㄗˇ,子:ㄗˇ→˙ㄗ(IVS+1),IVS可修,
往還,ㄨㄤˇ ㄏㄨㄢˊ,ㄨㄤˇ ㄏㄞˊ,還:ㄏㄞˊ→ㄏㄨㄢˊ(IVS+1),IVS可修,
旺盛,ㄨㄤˋ ㄕㄥˋ,ㄨㄤˋ ㄔㄥˊ,盛:ㄔㄥˊ→ㄕㄥˋ(IVS+1),IVS可修,
妄自菲薄,ㄨㄤˋ ㄗˋ ㄈㄟˇ ㄅㄛˊ,ㄨㄤˋ ㄗˋ ㄈㄟ ㄅㄛˊ,菲:ㄈㄟ→ㄈㄟˇ(IVS+1),IVS可修,
望聞問切,ㄨㄤˋ ㄨㄣˊ ㄨㄣˋ ㄑㄧㄝˋ,ㄨㄤˋ ㄨㄣˊ ㄨㄣˋ ㄑㄧㄝ,切:ㄑㄧㄝ→ㄑㄧㄝˋ(IVS+1),IVS可修,
迂迴曲折,ㄩ ㄏㄨㄟˊ ㄑㄩ ㄓㄜˊ,ㄩ ㄏㄨㄟˊ ㄑㄩˇ ㄓㄜˊ,曲:ㄑㄩˇ→ㄑㄩ(IVS+1),IVS可修,
淤塞,ㄩ ㄙㄜˋ,ㄩ ㄙㄞ,塞:ㄙㄞ→ㄙㄜˋ(IVS+1),IVS可修,
于思,ㄩˊ ㄙㄞ,ㄩˊ ㄙ,思:ㄙ→ㄙㄞ(IVS+1),IVS可修,
予取予求,ㄩˊ ㄑㄩˇ ㄩˊ ㄑㄧㄡˊ,ㄩˇ ㄑㄩˇ ㄩˇ ㄑㄧㄡˊ,予:ㄩˇ→ㄩˊ(IVS+1); 予:ㄩˇ→ㄩˊ(IVS+1),IVS可修,
餘興,ㄩˊ ㄒㄧㄥˋ,ㄩˊ ㄒㄧㄥ,興:ㄒㄧㄥ→ㄒㄧㄥˋ(IVS+1),IVS可修,
餘興節目,ㄩˊ ㄒㄧㄥˋ ㄐㄧㄝˊ ㄇㄨˋ,ㄩˊ ㄒㄧㄥ ㄐㄧㄝˊ ㄇㄨˋ,興:ㄒㄧㄥ→ㄒㄧㄥˋ(IVS+1),IVS可修,
魚拓,ㄩˊ ㄊㄚˋ,ㄩˊ ㄊㄨㄛˋ,拓:ㄊㄨㄛˋ→ㄊㄚˋ(IVS+1),IVS可修,
羽扇綸巾,ㄩˇ ㄕㄢˋ ㄍㄨㄢ ㄐㄧㄣ,ㄩˇ ㄕㄢˋ ㄌㄨㄣˊ ㄐㄧㄣ,綸:ㄌㄨㄣˊ→ㄍㄨㄢ(IVS+1),IVS可修,
語調,ㄩˇ ㄉㄧㄠˋ,ㄩˇ ㄊㄧㄠˊ,調:ㄊㄧㄠˊ→ㄉㄧㄠˋ(IVS+1),IVS可修,
噢咻,ㄩˇ ㄒㄩˇ,ㄩˇ ㄒㄧㄡ,咻:ㄒㄧㄡ→ㄒㄩˇ(IVS+1),IVS可修,
芋頭,ㄩˋ ˙ㄊㄡ,ㄩˋ ㄊㄡˊ,頭:ㄊㄡˊ→˙ㄊㄡ(IVS+1),IVS可修,
浴火重生,ㄩˋ ㄏㄨㄛˇ ㄔㄨㄥˊ ㄕㄥ,ㄩˋ ㄏㄨㄛˇ ㄓㄨㄥˋ ㄕㄥ,重:ㄓㄨㄥˋ→ㄔㄨㄥˊ(IVS+1),IVS可修,
欲語還休,ㄩˋ ㄩˇ ㄏㄨㄢˊ ㄒㄧㄡ,ㄩˋ ㄩˇ ㄏㄞˊ ㄒㄧㄡ,還:ㄏㄞˊ→ㄏㄨㄢˊ(IVS+1),IVS可修,
郁郁青青,ㄩˋ ㄩˋ ㄐㄧㄥ ㄐㄧㄥ,ㄩˋ ㄩˋ ㄑㄧㄥ ㄑㄧㄥ,青:ㄑㄧㄥ→ㄐㄧㄥ(字型無此讀音); 青:ㄑㄧㄥ→ㄐㄧㄥ(字型無此讀音),字型缺讀音,
尉遲,ㄩˋ ㄔˊ,ㄨㄟˋ ㄔˊ,尉:ㄨㄟˋ→ㄩˋ(IVS+1),IVS可修,
熨貼,ㄩˋ ㄊㄧㄝ,ㄩㄣˋ ㄊㄧㄝ,熨:ㄩㄣˋ→ㄩˋ(IVS+1),IVS可修,
遇難,ㄩˋ ㄋㄢˋ,ㄩˋ ㄋㄢˊ,難:ㄋㄢˊ→ㄋㄢˋ(IVS+1),IVS可修,
預防接種,ㄩˋ ㄈㄤˊ ㄐㄧㄝ ㄓㄨㄥˋ,ㄩˋ ㄈㄤˊ ㄐㄧㄝ ㄓㄨㄥˇ,種:ㄓㄨㄥˇ→ㄓㄨㄥˋ(IVS+1),IVS可修,
與會,ㄩˋ ㄏㄨㄟˋ,ㄩˇ ㄏㄨㄟˋ,與:ㄩˇ→ㄩˋ(IVS+1),IVS可修,
與賽,ㄩˋ ㄙㄞˋ,ㄩˇ ㄙㄞˋ,與:ㄩˇ→ㄩˋ(IVS+1),IVS可修,
與聞,ㄩˋ ㄨㄣˊ,ㄩˇ ㄨㄣˊ,與:ㄩˇ→ㄩˋ(IVS+1),IVS可修,
鷸蚌相爭,ㄩˋ ㄅㄤˋ ㄒㄧㄤ ㄓㄥ,ㄩˋ ㄅㄤˋ ㄒㄧㄤˋ ㄓㄥ,相:ㄒㄧㄤˋ→ㄒㄧㄤ(IVS+1),IVS可修,
鬱悶,ㄩˋ ㄇㄣˋ,ㄩˋ ㄇㄣ,悶:ㄇㄣ→ㄇㄣˋ(IVS+1),IVS可修,
約莫,ㄩㄝ ˙ㄇㄛ,ㄩㄝ ㄇㄛˋ,莫:ㄇㄛˋ→˙ㄇㄛ(字型無此讀音),字型缺讀音,
月分,ㄩㄝˋ ㄈㄣˋ,ㄩㄝˋ ㄈㄣ,分:ㄈㄣ→ㄈㄣˋ(IVS+1),IVS可修,
月氏,ㄩㄝˋ ㄓ,ㄩㄝˋ ㄕˋ,氏:ㄕˋ→ㄓ(IVS+1),IVS可修,
月子,ㄩㄝˋ ˙ㄗ,ㄩㄝˋ ㄗˇ,子:ㄗˇ→˙ㄗ(IVS+1),IVS可修,
月暈,ㄩㄝˋ ㄩㄣˋ,ㄩㄝˋ ㄩㄣ,暈:ㄩㄣ→ㄩㄣˋ(IVS+1),IVS可修,
樂譜,ㄩㄝˋ ㄆㄨˇ,ㄌㄜˋ ㄆㄨˇ,樂:ㄌㄜˋ→ㄩㄝˋ(IVS+1),IVS可修,
樂迷,ㄩㄝˋ ㄇㄧˊ,ㄌㄜˋ ㄇㄧˊ,樂:ㄌㄜˋ→ㄩㄝˋ(IVS+1),IVS可修,
樂隊,ㄩㄝˋ ㄉㄨㄟˋ,ㄌㄜˋ ㄉㄨㄟˋ,樂:ㄌㄜˋ→ㄩㄝˋ(IVS+1),IVS可修,
樂團,ㄩㄝˋ ㄊㄨㄢˊ,ㄌㄜˋ ㄊㄨㄢˊ,樂:ㄌㄜˋ→ㄩㄝˋ(IVS+1),IVS可修,
樂理,ㄩㄝˋ ㄌㄧˇ,ㄌㄜˋ ㄌㄧˇ,樂:ㄌㄜˋ→ㄩㄝˋ(IVS+1),IVS可修,
樂工,ㄩㄝˋ ㄍㄨㄥ,ㄌㄜˋ ㄍㄨㄥ,樂:ㄌㄜˋ→ㄩㄝˋ(IVS+1),IVS可修,
樂器,ㄩㄝˋ ㄑㄧˋ,ㄌㄜˋ ㄑㄧˋ,樂:ㄌㄜˋ→ㄩㄝˋ(IVS+1),IVS可修,
樂曲,ㄩㄝˋ ㄑㄩˇ,ㄌㄜˋ ㄑㄩˇ,樂:ㄌㄜˋ→ㄩㄝˋ(IVS+1),IVS可修,
樂章,ㄩㄝˋ ㄓㄤ,ㄌㄜˋ ㄓㄤ,樂:ㄌㄜˋ→ㄩㄝˋ(IVS+1),IVS可修,
樂師,ㄩㄝˋ ㄕ,ㄌㄜˋ ㄕ,樂:ㄌㄜˋ→ㄩㄝˋ(IVS+1),IVS可修,
樂聲,ㄩㄝˋ ㄕㄥ,ㄌㄜˋ ㄕㄥ,樂:ㄌㄜˋ→ㄩㄝˋ(IVS+1),IVS可修,
樂音,ㄩㄝˋ ㄧㄣ,ㄌㄜˋ ㄧㄣ,樂:ㄌㄜˋ→ㄩㄝˋ(IVS+1),IVS可修,
冤冤相報,ㄩㄢ ㄩㄢ ㄒㄧㄤ ㄅㄠˋ,ㄩㄢ ㄩㄢ ㄒㄧㄤˋ ㄅㄠˋ,相:ㄒㄧㄤˋ→ㄒㄧㄤ(IVS+1),IVS可修,
原著,ㄩㄢˊ ㄓㄨˋ,ㄩㄢˊ ˙ㄓㄜ,著:˙ㄓㄜ→ㄓㄨˋ(IVS+1),IVS可修,
原處,ㄩㄢˊ ㄔㄨˋ,ㄩㄢˊ ㄔㄨˇ,處:ㄔㄨˇ→ㄔㄨˋ(IVS+1),IVS可修,
緣分,ㄩㄢˊ ㄈㄣˋ,ㄩㄢˊ ㄈㄣ,分:ㄈㄣ→ㄈㄣˋ(IVS+1),IVS可修,
遠渡重洋,ㄩㄢˇ ㄉㄨˋ ㄔㄨㄥˊ ㄧㄤˊ,ㄩㄢˇ ㄉㄨˋ ㄓㄨㄥˋ ㄧㄤˊ,重:ㄓㄨㄥˋ→ㄔㄨㄥˊ(IVS+1),IVS可修,
遠處,ㄩㄢˇ ㄔㄨˋ,ㄩㄢˇ ㄔㄨˇ,處:ㄔㄨˇ→ㄔㄨˋ(IVS+1),IVS可修,
院子,ㄩㄢˋ ˙ㄗ,ㄩㄢˋ ㄗˇ,子:ㄗˇ→˙ㄗ(IVS+1),IVS可修,
暈倒,ㄩㄣ ㄉㄠˇ,ㄩㄣ ㄉㄠˋ,倒:ㄉㄠˋ→ㄉㄠˇ(IVS+1),IVS可修,
暈頭轉向,ㄩㄣ ㄊㄡˊ ㄓㄨㄢˋ ㄒㄧㄤˋ,ㄩㄣ ㄊㄡˊ ㄓㄨㄢˇ ㄒㄧㄤˋ,轉:ㄓㄨㄢˇ→ㄓㄨㄢˋ(IVS+1),IVS可修,
勻稱,ㄩㄣˊ ㄔㄥˋ,ㄩㄣˊ ㄔㄥ,稱:ㄔㄥ→ㄔㄥˋ(IVS+1),IVS可修,
允當,ㄩㄣˇ ㄉㄤˋ,ㄩㄣˇ ㄉㄤ,當:ㄉㄤ→ㄉㄤˋ(IVS+1),IVS可修,
壅塞,ㄩㄥ ㄙㄜˋ,ㄩㄥ ㄙㄞ,塞:ㄙㄞ→ㄙㄜˋ(IVS+1),IVS可修,
喁喁,ㄩㄥˊ ㄩㄥˊ,ㄩˊ ㄩˊ,喁:ㄩˊ→ㄩㄥˊ(IVS+1); 喁:ㄩˊ→ㄩㄥˊ(IVS+1),IVS可修,
擁塞,ㄩㄥˇ ㄙㄜˋ,ㄩㄥˇ ㄙㄞ,塞:ㄙㄞ→ㄙㄜˋ(IVS+1),IVS可修,
用處,ㄩㄥˋ ㄔㄨˋ,ㄩㄥˋ ㄔㄨˇ,處:ㄔㄨˇ→ㄔㄨˋ(IVS+1),IVS可修,
粥粥,ㄓㄨˋ ㄓㄨˋ,ㄓㄡ ㄓㄡ,粥:ㄓㄡ→ㄓㄨˋ(IVS+2); 粥:ㄓㄡ→ㄓㄨˋ(IVS+2),IVS可修,
濺濺,ㄐㄧㄢ ㄐㄧㄢ,ㄐㄧㄢˋ ㄐㄧㄢˋ,濺:ㄐㄧㄢˋ→ㄐㄧㄢ(IVS+1); 濺:ㄐㄧㄢˋ→ㄐㄧㄢ(IVS+1),IVS可修,
蚵仔,ㄜˊ ㄗˇ,ㄎㄜ ㄗˇ,蚵:ㄎㄜ→ㄜˊ(IVS+1),IVS可修,
排子車,ㄆㄞˇ ˙ㄗ ㄔㄜ,ㄆㄞˊ ㄗˇ ㄔㄜ,排:ㄆㄞˊ→ㄆㄞˇ(IVS+1); 子:ㄗˇ→˙ㄗ(IVS+1),IVS可修,
便辟,ㄆㄧㄢˊ ㄆㄧˋ,ㄅㄧㄢˋ ㄅㄧˋ,便:ㄅㄧㄢˋ→ㄆㄧㄢˊ(IVS+1); 辟:ㄅㄧˋ→ㄆㄧˋ(IVS+1),IVS可修,
褲子,ㄎㄨˋ ˙ㄗ,ㄎㄨˋ ㄗˇ,子:ㄗˇ→˙ㄗ(IVS+1),IVS可修,
不勝負荷,ㄅㄨˋ ㄕㄥ ㄈㄨˋ ㄏㄜˋ,ㄅㄨˋ ㄕㄥˋ ㄈㄨˋ ㄏㄜˊ,勝:ㄕㄥˋ→ㄕㄥ(IVS+1); 荷:ㄏㄜˊ→ㄏㄜˋ(IVS+1),IVS可修,
引吭高歌,ㄧㄣˇ ㄏㄤˊ ㄍㄠ ㄍㄜ,ㄧㄣˇ ㄎㄥ ㄍㄠ ㄍㄜ,吭:ㄎㄥ→ㄏㄤˊ(IVS+1),IVS可修,
姐姐,ㄐㄧㄝˇ ˙ㄐㄧㄝ,ㄐㄧㄝˇ ㄐㄧㄝˇ,姐:ㄐㄧㄝˇ→˙ㄐㄧㄝ(字型無此讀音),字型缺讀音,
怔怔,ㄌㄥˋ ㄌㄥˋ,ㄓㄥ ㄓㄥ,怔:ㄓㄥ→ㄌㄥˋ(IVS+1); 怔:ㄓㄥ→ㄌㄥˋ(IVS+1),IVS可修,
打拍子,ㄉㄚˇ ㄆㄞ ˙ㄗ,ㄉㄚˇ ㄆㄞ ㄗˇ,子:ㄗˇ→˙ㄗ(IVS+1),IVS可修,
為什麼,ㄨㄟˋ ㄕㄣˊ ˙ㄇㄜ,ㄨㄟˊ ㄕㄣˊ ˙ㄇㄜ,為:ㄨㄟˊ→ㄨㄟˋ(IVS+1),IVS可修,
諸葛,ㄓㄨ ㄍㄜˊ,ㄓㄨ ㄍㄜˇ,葛:ㄍㄜˇ→ㄍㄜˊ(IVS+1),IVS可修,
扁舟,ㄆㄧㄢ ㄓㄡ,ㄅㄧㄢˇ ㄓㄡ,扁:ㄅㄧㄢˇ→ㄆㄧㄢ(IVS+1),IVS可修,
高空彈跳,ㄍㄠ ㄎㄨㄥ ㄊㄢˊ ㄊㄧㄠˋ,ㄍㄠ ㄎㄨㄥ ㄉㄢˋ ㄊㄧㄠˋ,彈:ㄉㄢˋ→ㄊㄢˊ(IVS+1),IVS可修,
這輩子,ㄓㄜˋ ㄅㄟˋ ˙ㄗ,ㄓㄜˋ ㄅㄟˋ ㄗˇ,子:ㄗˇ→˙ㄗ(IVS+1),IVS可修,
小姑娘,ㄒㄧㄠˇ ㄍㄨ ˙ㄋㄧㄤ,ㄒㄧㄠˇ ㄍㄨ ㄋㄧㄤˊ,娘:ㄋㄧㄤˊ→˙ㄋㄧㄤ(IVS+1),IVS可修,
罐子,ㄍㄨㄢˋ ˙ㄗ,ㄍㄨㄢˋ ㄗˇ,子:ㄗˇ→˙ㄗ(IVS+1),IVS可修,
石獅子,ㄕˊ ㄕ ˙ㄗ,ㄕˊ ㄕ ㄗˇ,子:ㄗˇ→˙ㄗ(IVS+1),IVS可修,
哭調,ㄎㄨ ㄉㄧㄠˋ,ㄎㄨ ㄊㄧㄠˊ,調:ㄊㄧㄠˊ→ㄉㄧㄠˋ(IVS+1),IVS可修,
推倒,ㄊㄨㄟ ㄉㄠˇ,ㄊㄨㄟ ㄉㄠˋ,倒:ㄉㄠˋ→ㄉㄠˇ(IVS+1),IVS可修,
揣度,ㄔㄨㄞˇ ㄉㄨㄛˋ,ㄔㄨㄞˇ ㄉㄨˋ,度:ㄉㄨˋ→ㄉㄨㄛˋ(IVS+1),IVS可修,
盤子,ㄆㄢˊ ˙ㄗ,ㄆㄢˊ ㄗˇ,子:ㄗˇ→˙ㄗ(IVS+1),IVS可修,
嘩啦,ㄏㄨㄚ ㄌㄚ,ㄏㄨㄚˊ ˙ㄌㄚ,嘩:ㄏㄨㄚˊ→ㄏㄨㄚ(IVS+1); 啦:˙ㄌㄚ→ㄌㄚ(IVS+1),IVS可修,
嘩啦啦,ㄏㄨㄚ ㄌㄚ ㄌㄚ,ㄏㄨㄚˊ ˙ㄌㄚ ˙ㄌㄚ,嘩:ㄏㄨㄚˊ→ㄏㄨㄚ(IVS+1); 啦:˙ㄌㄚ→ㄌㄚ(IVS+1); 啦:˙ㄌㄚ→ㄌㄚ(IVS+1),IVS可修,
繩子,ㄕㄥˊ ˙ㄗ,ㄕㄥˊ ㄗˇ,子:ㄗˇ→˙ㄗ(IVS+1),IVS可修,
雋才,ㄐㄩㄣˋ ㄘㄞˊ,ㄐㄩㄢˋ ㄘㄞˊ,雋:ㄐㄩㄢˋ→ㄐㄩㄣˋ(IVS+1),IVS可修,
劃破,ㄏㄨㄚˊ ㄆㄛˋ,ㄏㄨㄚˋ ㄆㄛˋ,劃:ㄏㄨㄚˋ→ㄏㄨㄚˊ(IVS+1),IVS可修,
蚵田,ㄜˊ ㄊㄧㄢˊ,ㄎㄜ ㄊㄧㄢˊ,蚵:ㄎㄜ→ㄜˊ(IVS+1),IVS可修,
相挺,ㄒㄧㄤ ㄊㄧㄥˇ,ㄒㄧㄤˋ ㄊㄧㄥˇ,相:ㄒㄧㄤˋ→ㄒㄧㄤ(IVS+1),IVS可修,
傾囊相助,ㄑㄧㄥ ㄋㄤˊ ㄒㄧㄤ ㄓㄨˋ,ㄑㄧㄥ ㄋㄤˊ ㄒㄧㄤˋ ㄓㄨˋ,相:ㄒㄧㄤˋ→ㄒㄧㄤ(IVS+1),IVS可修,
拜倒,ㄅㄞˋ ㄉㄠˇ,ㄅㄞˋ ㄉㄠˋ,倒:ㄉㄠˋ→ㄉㄠˇ(IVS+1),IVS可修,
彈簧腿,ㄊㄢˊ ㄏㄨㄤˊ ㄊㄨㄟˇ,ㄉㄢˋ ㄏㄨㄤˊ ㄊㄨㄟˇ,彈:ㄉㄢˋ→ㄊㄢˊ(IVS+1),IVS可修,
黃暈,ㄏㄨㄤˊ ㄩㄣˋ,ㄏㄨㄤˊ ㄩㄣ,暈:ㄩㄣ→ㄩㄣˋ(IVS+1),IVS可修,
瓶子,ㄆㄧㄥˊ ˙ㄗ,ㄆㄧㄥˊ ㄗˇ,子:ㄗˇ→˙ㄗ(IVS+1),IVS可修,
眼珠子,ㄧㄢˇ ㄓㄨ ˙ㄗ,ㄧㄢˇ ㄓㄨ ㄗˇ,子:ㄗˇ→˙ㄗ(IVS+1),IVS可修,
卷子,ㄐㄩㄢˋ ˙ㄗ,ㄐㄩㄢˋ ㄗˇ,子:ㄗˇ→˙ㄗ(IVS+1),IVS可修,
相助,ㄒㄧㄤ ㄓㄨˋ,ㄒㄧㄤˋ ㄓㄨˋ,相:ㄒㄧㄤˋ→ㄒㄧㄤ(IVS+1),IVS可修,
相距,ㄒㄧㄤ ㄐㄩˋ,ㄒㄧㄤˋ ㄐㄩˋ,相:ㄒㄧㄤˋ→ㄒㄧㄤ(IVS+1),IVS可修,
盛暑,ㄕㄥˋ ㄕㄨˇ,ㄔㄥˊ ㄕㄨˇ,盛:ㄔㄥˊ→ㄕㄥˋ(IVS+1),IVS可修,
終了,ㄓㄨㄥ ㄌㄧㄠˇ,ㄓㄨㄥ ˙ㄌㄜ,了:˙ㄌㄜ→ㄌㄧㄠˇ(IVS+1),IVS可修,
園子,ㄩㄢˊ ˙ㄗ,ㄩㄢˊ ㄗˇ,子:ㄗˇ→˙ㄗ(IVS+1),IVS可修,
凳子,ㄉㄥˋ ˙ㄗ,ㄉㄥˋ ㄗˇ,子:ㄗˇ→˙ㄗ(IVS+1),IVS可修,
